symbol,name,cik,exchange
NVDA,NVIDIA CORP,0001045810,NASDAQ
AAPL,Apple Inc.,0000320193,NASDAQ
GOOGL,Alphabet Inc.,0001652044,NASDAQ
MSFT,MICROSOFT CORP,0000789019,NASDAQ
AMZN,AMAZON COM INC,0001018724,NASDAQ
AVGO,Broadcom Inc.,0001730168,NASDAQ
META,"Meta Platforms, Inc.",0001326801,NASDAQ
TSLA,"Tesla, Inc.",0001318605,NASDAQ
MU,MICRON TECHNOLOGY INC,0000723125,NASDAQ
BRK-B,BERKSHIRE HATHAWAY INC,0001067983,NYSE
LLY,ELI LILLY & Co,0000059478,NYSE
JPM,JPMORGAN CHASE & CO,0000019617,NYSE
WMT,Walmart Inc.,0000104169,NASDAQ
AMD,ADVANCED MICRO DEVICES INC,0000002488,NASDAQ
V,VISA INC.,0001403161,NYSE
XOM,ExxonMobil Holdings Corp,0002115436,NYSE
ASML,ASML HOLDING NV,0000937966,NASDAQ
JNJ,JOHNSON & JOHNSON,0000200406,NYSE
INTC,INTEL CORP,0000050863,NASDAQ
MA,Mastercard Inc,0001141391,NYSE
ABBV,AbbVie Inc.,0001551152,NYSE
CSCO,"CISCO SYSTEMS, INC.",0000858877,NASDAQ
BAC,BANK OF AMERICA CORP /DE/,0000070858,NYSE
ORCL,ORACLE CORP,0001341439,NYSE
CVX,CHEVRON CORP,0000093410,NYSE
PLTR,Palantir Technologies Inc.,0001321655,NASDAQ
COST,COSTCO WHOLESALE CORP /NEW,0000909832,NASDAQ
KO,COCA COLA CO,0000021344,NYSE
CAT,CATERPILLAR INC,0000018230,NYSE
LRCX,LAM RESEARCH CORP,0000707549,NASDAQ
AMAT,APPLIED MATERIALS INC /DE,0000006951,NASDAQ
HSBC,HSBC HOLDINGS PLC,0001089113,NYSE
DELL,Dell Technologies Inc.,0001571996,NYSE
MRK,"Merck & Co., Inc.",0000310158,NYSE
UNH,UNITEDHEALTH GROUP INC,0000731766,NYSE
GE,GENERAL ELECTRIC CO,0000040545,NYSE
MS,MORGAN STANLEY,0000895421,NYSE
PG,PROCTER & GAMBLE Co,0000080424,NYSE
CYATY,"Contemporary Amperex Technology Co., Limited/ADR",0002070829,OTC
NFLX,NETFLIX INC,0001065280,NASDAQ
HD,"HOME DEPOT, INC.",0000354950,NYSE
PM,Philip Morris International Inc.,0001413329,NYSE
GS,GOLDMAN SACHS GROUP INC,0000886982,NYSE
RY,ROYAL BANK OF CANADA,0001000275,NYSE
ARM,ARM HOLDINGS PLC /UK,0001973239,NASDAQ
SHEL,Shell plc,0001306965,NYSE
WFC,WELLS FARGO & COMPANY/MN,0000072971,NYSE
BABA,Alibaba Group Holding Ltd,0001577552,NYSE
MUFG,MITSUBISHI UFJ FINANCIAL GROUP INC,0000067088,NYSE
PANW,Palo Alto Networks Inc,0001327567,NASDAQ
RTX,RTX Corp,0000101829,NYSE
NVS,NOVARTIS AG,0001114448,NYSE
GEV,GE Vernova Inc.,0001996810,NYSE
ANET,"Arista Networks, Inc.",0001596532,NYSE
AZN,ASTRAZENECA PLC,0000901832,NYSE
TXN,TEXAS INSTRUMENTS INC,0000097476,NASDAQ
SNDK,Sandisk Corp,0002023554,NASDAQ
SAP,SAP SE,0001000184,NYSE
KLAC,KLA CORP,0000319201,NASDAQ
TM,TOYOTA MOTOR CORP/,0001094517,NYSE
C,CITIGROUP INC,0000831001,NYSE
IBM,INTERNATIONAL BUSINESS MACHINES CORP,0000051143,NYSE
TMO,THERMO FISHER SCIENTIFIC INC.,0000097745,NYSE
BHP,BHP Group Ltd,0000811809,NYSE
AXP,AMERICAN EXPRESS CO,0000004962,NYSE
SAN,"Banco Santander, S.A.",0000891478,NYSE
LIN,LINDE PLC,0001707925,NASDAQ
MRVL,"Marvell Technology, Inc.",0001835632,NASDAQ
CRWD,"CrowdStrike Holdings, Inc.",0001535527,NASDAQ
VZ,VERIZON COMMUNICATIONS INC,0000732712,NYSE
APH,AMPHENOL CORP /DE/,0000820313,NYSE
AMGN,AMGEN INC,0000318154,NASDAQ
CRM,"Salesforce, Inc.",0001108524,NYSE
RTNTF,RIO TINTO LTD,0000887028,OTC
TTE,TotalEnergies SE,0000879764,NYSE
TD,TORONTO DOMINION BANK,0000947263,NYSE
QCOM,QUALCOMM INC/DE,0000804328,NASDAQ
TMUS,"T-Mobile US, Inc.",0001283699,NASDAQ
NVO,NOVO NORDISK A S,0000353278,NYSE
STX,Seagate Technology Holdings plc,0001137789,NASDAQ
PEP,PEPSICO INC,0000077476,NASDAQ
SCHW,SCHWAB CHARLES CORP,0000316709,NYSE
DIS,Walt Disney Co,0001744489,NYSE
ADI,ANALOG DEVICES INC,0000006281,NASDAQ
DE,DEERE & CO,0000315189,NYSE
MCD,MCDONALDS CORP,0000063908,NYSE
T,AT&T INC.,0000732717,NYSE
GILD,"GILEAD SCIENCES, INC.",0000882095,NASDAQ
ABT,ABBOTT LABORATORIES,0000001800,NYSE
BLK,"BlackRock, Inc.",0002012383,NYSE
SMFG,"SUMITOMO MITSUI FINANCIAL GROUP, INC.",0001022837,NYSE
NEE,NEXTERA ENERGY INC,0000753308,NYSE
WELL,WELLTOWER INC.,0000766704,NYSE
UNP,UNION PACIFIC CORP,0000100885,NYSE
SHOP,SHOPIFY INC.,0001594805,NASDAQ
UBS,UBS Group AG,0001610520,NYSE
BA,BOEING CO,0000012927,NYSE
ETN,Eaton Corp plc,0001551182,NYSE
COP,CONOCOPHILLIPS,0001163165,NYSE
BBVA,"BANCO BILBAO VIZCAYA ARGENTARIA, S.A.",0000842180,NYSE
SCCO,SOUTHERN COPPER CORP/,0001001838,NYSE
RIO,RIO TINTO PLC,0000863064,NYSE
WDC,WESTERN DIGITAL CORP,0000106040,NASDAQ
DTEGY,DEUTSCHE TELEKOM AG,0000946770,OTC
PFE,PFIZER INC,0000078003,NYSE
IBKR,"Interactive Brokers Group, Inc.",0001381197,NASDAQ
BUD,Anheuser-Busch InBev SA/NV,0001668717,NYSE
BX,Blackstone Inc.,0001393818,NYSE
HTHIY,HITACHI LTD,0000047710,OTC
ATEYY,ADVANTEST CORP,0001158838,OTC
UBER,"Uber Technologies, Inc",0001543151,NYSE
GLW,CORNING INC /NY,0000024741,NYSE
SMERY,Siemens Energy AG/ADR,0001830056,OTC
DHR,DANAHER CORP /DE/,0000313616,NYSE
SONY,Sony Group Corp,0000313838,NYSE
TJX,TJX COMPANIES INC /DE/,0000109198,NYSE
MFG,MIZUHO FINANCIAL GROUP INC,0001335730,NYSE
NOW,"ServiceNow, Inc.",0001373715,NYSE
PBR,PETROBRAS - PETROLEO BRASILEIRO SA,0001119639,NYSE
UL,UNILEVER PLC,0000217410,NYSE
NEM,NEWMONT Corp /DE/,0001164727,NYSE
ISRG,INTUITIVE SURGICAL INC,0001035267,NASDAQ
PLD,"Prologis, Inc.",0001045609,NYSE
VRTX,VERTEX PHARMACEUTICALS INC / MA,0000875320,NASDAQ
BKNG,Booking Holdings Inc.,0001075531,NASDAQ
CB,Chubb Ltd,0000896159,NYSE
BMY,BRISTOL MYERS SQUIBB CO,0000014272,NYSE
COF,CAPITAL ONE FINANCIAL CORP,0000927628,NYSE
PGR,PROGRESSIVE CORP/OH/,0000080661,NYSE
BMO,BANK OF MONTREAL /CAN/,0000927971,NYSE
LMT,LOCKHEED MARTIN CORP,0000936468,NYSE
CVS,CVS HEALTH Corp,0000064803,NYSE
SPGI,S&P Global Inc.,0000064040,NYSE
PH,Parker-Hannifin Corp,0000076334,NYSE
HDB,HDFC BANK LTD,0001144967,NYSE
BTI,British American Tobacco p.l.c.,0001303523,NYSE
BP,BP PLC,0000313807,NYSE
MDT,Medtronic plc,0001613103,NYSE
MO,"ALTRIA GROUP, INC.",0000764180,NYSE
SNOW,Snowflake Inc.,0001640147,NYSE
FTNT,"Fortinet, Inc.",0001262039,NASDAQ
BNS,BANK OF NOVA SCOTIA,0000009631,NYSE
VLO,VALERO ENERGY CORP/TX,0001035002,NYSE
SBUX,STARBUCKS CORP,0000829224,NASDAQ
MPC,Marathon Petroleum Corp,0001510295,NYSE
ACN,Accenture plc,0001467373,NYSE
LOW,LOWES COMPANIES INC,0000060667,NYSE
PDD,PDD Holdings Inc.,0001737806,NASDAQ
BNY,Bank of New York Mellon Corp,0001390777,NYSE
APP,AppLovin Corp,0001751008,NASDAQ
NET,"Cloudflare, Inc.",0001477333,NYSE
SPOT,Spotify Technology S.A.,0001639920,NYSE
ING,ING GROEP NV,0001039765,NYSE
ADP,AUTOMATIC DATA PROCESSING INC,0000008670,NASDAQ
EQNR,EQUINOR ASA,0001140625,NYSE
SYK,STRYKER CORP,0000310764,NYSE
IBN,ICICI BANK LTD,0001103838,NYSE
ENB,ENBRIDGE INC,0000895728,NYSE
PSX,Phillips 66,0001534701,NYSE
CM,CANADIAN IMPERIAL BANK OF COMMERCE /CAN/,0001045520,NYSE
ASX,"ASE Technology Holding Co., Ltd.",0001122411,NYSE
EQIX,EQUINIX INC,0001101239,NASDAQ
FCX,FREEPORT-MCMORAN INC,0000831259,NYSE
MCK,MCKESSON CORP,0000927653,NYSE
CNQ,CANADIAN NATURAL RESOURCES Ltd,0001017413,NYSE
SNY,Sanofi,0001121404,NASDAQ
ABNB,"Airbnb, Inc.",0001559720,NASDAQ
ADBE,ADOBE INC.,0000796343,NASDAQ
CEG,Constellation Energy Corp,0001868275,NASDAQ
HOOD,"Robinhood Markets, Inc.",0001783879,NASDAQ
AEM,AGNICO EAGLE MINES LTD,0000002809,NYSE
SO,SOUTHERN CO,0000092122,NYSE
TKOMY,"TOKIO MARINE HOLDINGS, INC.",0001169486,OTC
VRT,Vertiv Holdings Co,0001674101,NYSE
CME,CME GROUP INC.,0001156375,NASDAQ
USB,US BANCORP \DE\,0000036104,NYSE
TT,Trane Technologies plc,0001466258,NYSE
PNC,"PNC FINANCIAL SERVICES GROUP, INC.",0000713676,NYSE
PWR,"QUANTA SERVICES, INC.",0001050915,NYSE
GD,GENERAL DYNAMICS CORP,0000040533,NYSE
MELI,MERCADOLIBRE INC,0001099590,NASDAQ
GSK,GSK plc,0001131399,NYSE
MGCLY,"Midea Group Co., Ltd./ADR",0002039784,OTC
KKR,KKR & Co. Inc.,0001404912,NYSE
DUK,Duke Energy CORP,0001326160,NYSE
HCA,"HCA Healthcare, Inc.",0000860730,NYSE
HWM,Howmet Aerospace Inc.,0000004281,NYSE
SNHIY,"Sany Heavy Industries Co., Ltd./ADR",0002098326,OTC
ITUB,Itau Unibanco Holding S.A.,0001132597,NYSE
CSX,CSX CORP,0000277948,NASDAQ
ELV,"Elevance Health, Inc.",0001156039,NYSE
BCS,BARCLAYS PLC,0000312069,NYSE
CMCSA,COMCAST CORP,0001166691,NASDAQ
WMB,"WILLIAMS COMPANIES, INC.",0000107263,NYSE
JCI,Johnson Controls International plc,0000833444,NYSE
ICE,"Intercontinental Exchange, Inc.",0001571949,NYSE
IFNNY,INFINEON TECHNOLOGIES AG,0001107457,OTC
MAR,MARRIOTT INTERNATIONAL INC /MD/,0001048286,NASDAQ
DASH,"DoorDash, Inc.",0001792789,NASDAQ
LYG,Lloyds Banking Group plc,0001160106,NYSE
INTU,INTUIT INC.,0000896878,NASDAQ
WM,WASTE MANAGEMENT INC,0000823768,NYSE
BN,BROOKFIELD Corp /ON/,0001001085,NYSE
MMM,3M CO,0000066740,NYSE
UPS,UNITED PARCEL SERVICE INC,0001090727,NYSE
MNST,Monster Beverage Corp,0000865752,NASDAQ
EMR,EMERSON ELECTRIC CO,0000032604,NYSE
MRSH,"MARSH & MCLENNAN COMPANIES, INC.",0000062709,NYSE
EPD,ENTERPRISE PRODUCTS PARTNERS L.P.,0001061219,NYSE
LITE,Lumentum Holdings Inc.,0001633978,NASDAQ
SLB,SLB LIMITED/NV,0000087347,NYSE
AMT,AMERICAN TOWER CORP /MA/,0001053507,NYSE
MCO,MOODYS CORP /DE/,0001059556,NYSE
HPE,Hewlett Packard Enterprise Co,0001645590,NYSE
BE,Bloom Energy Corp,0001664703,NYSE
CTAS,CINTAS CORP,0000723254,NASDAQ
REGN,"REGENERON PHARMACEUTICALS, INC.",0000872589,NASDAQ
SU,SUNCOR ENERGY INC,0000311337,NYSE
CDNS,CADENCE DESIGN SYSTEMS INC,0000813672,NASDAQ
E,ENI SPA,0001002242,NYSE
MDLZ,"Mondelez International, Inc.",0001103982,NASDAQ
DDOG,"Datadog, Inc.",0001561550,NASDAQ
CP,CANADIAN PACIFIC KANSAS CITY LTD/CN,0000016875,NYSE
SHW,SHERWIN WILLIAMS CO,0000089800,NYSE
TRV,"TRAVELERS COMPANIES, INC.",0000086312,NYSE
SPG,SIMON PROPERTY GROUP INC.,0001063761,NYSE
GM,General Motors Co,0001467858,NYSE
MSI,"Motorola Solutions, Inc.",0000068505,NYSE
ECL,ECOLAB INC.,0000031462,NYSE
CVNA,CARVANA CO.,0001690820,NYSE
NGG,NATIONAL GRID PLC,0001004315,NYSE
EOG,EOG RESOURCES INC,0000821189,NYSE
SNPS,SYNOPSYS INC,0000883241,NASDAQ
ITW,ILLINOIS TOOL WORKS INC,0000049826,NYSE
CMI,CUMMINS INC,0000026172,NYSE
APO,"Apollo Global Management, Inc.",0001858681,NYSE
DB,DEUTSCHE BANK AKTIENGESELLSCHAFT,0001159508,NYSE
BAESY,BAE SYSTEMS PLC /FI/,0000895564,OTC
BAM,Brookfield Asset Management Ltd.,0001937926,NYSE
NWG,NatWest Group plc,0000844150,NYSE
ET,Energy Transfer LP,0001276187,NYSE
NTES,"NetEase, Inc.",0001110646,NASDAQ
FDX,FEDEX CORP,0001048911,NYSE
NOC,NORTHROP GRUMMAN CORP /DE/,0001133421,NYSE
CNI,CANADIAN NATIONAL RAILWAY CO,0000016868,NYSE
ROST,"ROSS STORES, INC.",0000745732,NASDAQ
CI,Cigna Group,0001739940,NYSE
RACE,Ferrari N.V.,0001648416,NYSE
MFC,MANULIFE FINANCIAL CORP,0001086888,NYSE
NSC,NORFOLK SOUTHERN CORP,0000702165,NYSE
DLR,"DIGITAL REALTY TRUST, INC.",0001297996,NYSE
B,BARRICK MINING CORP,0000756894,NYSE
TGT,TARGET CORP,0000027419,NYSE
WBD,"Warner Bros. Discovery, Inc.",0001437107,NASDAQ
NU,Nu Holdings Ltd.,0001691493,NYSE
RCL,ROYAL CARIBBEAN CRUISES LTD,0000884887,NYSE
WPM,Wheaton Precious Metals Corp.,0001323404,NYSE
ORLY,O REILLY AUTOMOTIVE INC,0000898173,NASDAQ
CL,COLGATE PALMOLIVE CO,0000021665,NYSE
HLT,Hilton Worldwide Holdings Inc.,0001585689,NYSE
KMI,"KINDER MORGAN, INC.",0001506307,NYSE
RSG,"REPUBLIC SERVICES, INC.",0001060391,NYSE
AMX,AMERICA MOVIL SAB DE CV/,0001129137,NYSE
AEP,AMERICAN ELECTRIC POWER CO INC,0000004904,NASDAQ
SE,Sea Ltd,0001703399,NYSE
PCAR,PACCAR INC,0000075362,NASDAQ
APD,"Air Products & Chemicals, Inc.",0000002969,NYSE
AON,Aon plc,0000315293,NYSE
VALE,Vale S.A.,0000917851,NYSE
ALL,ALLSTATE CORP,0000899051,NYSE
HON,HONEYWELL INTERNATIONAL INC,0000773840,NASDAQ
TDG,TransDigm Group INC,0001260221,NYSE
BSX,BOSTON SCIENTIFIC CORP,0000885725,NYSE
TRGP,Targa Resources Corp.,0001389170,NYSE
NOK,NOKIA CORP,0000924613,NYSE
TFC,TRUIST FINANCIAL CORP,0000092230,NYSE
ARGX,ARGENX SE,0001697862,NASDAQ
AJG,Arthur J. Gallagher & Co.,0000354190,NYSE
TEL,TE Connectivity plc,0001385157,NYSE
MET,METLIFE INC,0001099219,NYSE
URI,"UNITED RENTALS, INC.",0001067701,NYSE
OXY,OCCIDENTAL PETROLEUM CORP /DE/,0000797468,NYSE
COR,"Cencora, Inc.",0001140859,NYSE
NBIS,Nebius Group N.V.,0001513845,NASDAQ
OKE,ONEOK INC /NEW/,0001039684,NYSE
GWW,"W.W. GRAINGER, INC.",0000277135,NYSE
MPWR,"MONOLITHIC POWER SYSTEMS, INC.",0001280452,NASDAQ
MPLX,MPLX LP,0001552000,NYSE
CVE,CENOVUS ENERGY INC.,0001475260,NYSE
COHR,COHERENT CORP.,0000820318,NYSE
NXPI,NXP Semiconductors N.V.,0001413447,NASDAQ
GWLIF,GREAT-WEST LIFECO INC.,0000850918,OTC
TER,"TERADYNE, INC",0000097210,NASDAQ
CRH,CRH PUBLIC LTD CO,0000849395,NYSE
FIX,COMFORT SYSTEMS USA INC,0001035983,NYSE
NUE,NUCOR CORP,0000073309,NYSE
MRNA,"Moderna, Inc.",0001682852,NASDAQ
RELX,RELX PLC,0000929869,NYSE
TAK,TAKEDA PHARMACEUTICAL CO LTD,0001395064,NYSE
BKR,Baker Hughes Co,0001701605,NASDAQ
AFL,AFLAC INC,0000004977,NYSE
KEYS,"Keysight Technologies, Inc.",0001601046,NYSE
LNG,"Cheniere Energy, Inc.",0000003570,NYSE
CSLLY,CSL LTD,0001274152,OTC
D,"DOMINION ENERGY, INC",0000715957,NYSE
FANG,"Diamondback Energy, Inc.",0001539838,NASDAQ
UMC,UNITED MICROELECTRONICS CORP,0001033767,NYSE
FAST,FASTENAL CO,0000815556,NASDAQ
O,REALTY INCOME CORP,0000726728,NYSE
MT,ArcelorMittal,0001243429,NYSE
F,FORD MOTOR CO,0000037996,NYSE
CTVA,"Corteva, Inc.",0001755672,NYSE
AME,AMETEK INC/,0001037868,NYSE
PSA,Public Storage,0001393311,NYSE
DVN,DEVON ENERGY CORP/DE,0001090012,NYSE
NKE,"NIKE, Inc.",0000320187,NYSE
SRE,SEMPRA,0001032208,NYSE
CAH,CARDINAL HEALTH INC,0000721371,NYSE
GRMN,GARMIN LTD,0001121788,NYSE
LSEGY,London Stock Exchange Group plc,0001842726,OTC
EONGY,E.ON SE,0001136808,OTC
STT,STATE STREET CORP,0000093751,NYSE
DAL,"DELTA AIR LINES, INC.",0000027904,NYSE
AU,AngloGold Ashanti PLC,0001973832,NYSE
MSTR,Strategy Inc,0001050446,NASDAQ
ALAB,"Astera Labs, Inc.",0001736297,NASDAQ
FNV,FRANCO NEVADA Corp,0001456346,NYSE
NDAQ,"NASDAQ, INC.",0001120193,NASDAQ
VMRK,VIVMARK RESIDENTIAL,0000906107,NYSE
ETR,ENTERGY CORP /DE/,0000065984,NYSE
HONA,Honeywell Aerospace Inc.,0002089271,NASDAQ
VST,Vistra Corp.,0001692819,NYSE
FITB,FIFTH THIRD BANCORP,0000035527,NYSE
CIEN,CIENA CORP,0000936395,NYSE
CRWV,"CoreWeave, Inc.",0001769628,NASDAQ
HUM,HUMANA INC,0000049071,NYSE
AMP,AMERIPRISE FINANCIAL INC,0000820027,NYSE
EW,Edwards Lifesciences Corp,0001099800,NYSE
BDX,BECTON DICKINSON & CO,0000010795,NYSE
DEO,DIAGEO PLC,0000835403,NYSE
CARR,CARRIER GLOBAL Corp,0001783180,NYSE
WAB,WESTINGHOUSE AIR BRAKE TECHNOLOGIES CORP,0000943452,NYSE
ROK,"ROCKWELL AUTOMATION, INC",0001024478,NYSE
EBAY,EBAY INC,0001065088,NASDAQ
XYZ,"Block, Inc.",0001512673,NYSE
NTRA,"Natera, Inc.",0001604821,NASDAQ
XEL,XCEL ENERGY INC,0000072903,NASDAQ
ABEV,AMBEV S.A.,0001565025,NYSE
KB,KB Financial Group Inc.,0001445930,NYSE
VTR,"Ventas, Inc.",0000740260,NYSE
COIN,"Coinbase Global, Inc.",0001679788,NASDAQ
STM,STMicroelectronics N.V.,0000932787,NYSE
PYPL,"PayPal Holdings, Inc.",0001633917,NASDAQ
LHX,"L3HARRIS TECHNOLOGIES, INC. /DE/",0000202058,NYSE
CMG,CHIPOTLE MEXICAN GRILL INC,0001058090,NYSE
CBRS,Cerebras Systems Inc.,0002021728,NASDAQ
TEAM,Atlassian Corp,0001650372,NASDAQ
CCEP,COCA-COLA EUROPACIFIC PARTNERS plc,0001650107,NASDAQ
BSBR,Banco Santander (Brasil) S.A.,0001471055,NYSE
WDAY,"Workday, Inc.",0001327811,NASDAQ
ADSK,"Autodesk, Inc.",0000769397,NASDAQ
EXC,EXELON CORP,0001109357,NASDAQ
INFY,Infosys Ltd,0001067491,NYSE
SLF,SUN LIFE FINANCIAL INC,0001097362,NYSE
GALDY,Galderma Group AG/ADR,0002021390,OTC
HEI,HEICO CORP,0000046619,NYSE
RVMD,"Revolution Medicines, Inc.",0001628171,NASDAQ
BMWKY,Bayerische Motoren Werke AG/ADR,0001446250,OTC
ARES,Ares Management Corp,0001176948,NYSE
MDLN,Medline Inc.,0002046386,NASDAQ
RBGLY,RECKITT BENCKISER GROUP PLC,0001420798,OTC
FERG,Ferguson Enterprises Inc. /DE/,0002011641,NYSE
FLEX,FLEX LTD.,0000866374,NASDAQ
CLS,CELESTICA INC,0001030894,NYSE
IQV,IQVIA HOLDINGS INC.,0001478242,NYSE
KDP,Keurig Dr Pepper Inc.,0001418135,NASDAQ
SMTOY,SUMITOMO ELECTRIC INDUSTRIES LTD/ADR/,0000095227,OTC
TEVA,TEVA PHARMACEUTICAL INDUSTRIES LTD,0000818686,NYSE
VEEV,VEEVA SYSTEMS INC,0001393052,NYSE
HMC,HONDA MOTOR CO LTD,0000715153,NYSE
TRI,THOMSON REUTERS CORP /CAN/,0001075124,NASDAQ
CCJ,CAMECO CORP,0001009001,NYSE
ADM,Archer-Daniels-Midland Co,0000007084,NYSE
IX,ORIX CORP,0001070304,NYSE
JXAMY,JX Advanced Metals Corporation/ADR,0002065485,OTC
SCMWY,SWISSCOM AG,0001069336,OTC
A,"AGILENT TECHNOLOGIES, INC.",0001090872,NYSE
PAYX,PAYCHEX INC,0000723531,NASDAQ
PRU,PRUDENTIAL FINANCIAL INC,0001137774,NYSE
CBRE,"CBRE GROUP, INC.",0001138118,NYSE
TTWO,TAKE TWO INTERACTIVE SOFTWARE INC,0000946581,NASDAQ
RKLB,Rocket Lab Corp,0001819994,NASDAQ
MCHP,MICROCHIP TECHNOLOGY INC,0000827054,NASDAQ
SYY,SYSCO CORP,0000096021,NYSE
FER,Ferrovial N.V.,0001468522,NASDAQ
MSCI,MSCI Inc.,0001408198,NYSE
HLN,Haleon plc,0001900304,NYSE
WCN,"Waste Connections, Inc.",0001318220,NYSE
VOD,VODAFONE GROUP PUBLIC LTD CO,0000839923,NASDAQ
WAT,WATERS CORP /DE/,0001000697,NYSE
GFI,GOLD FIELDS LTD,0001172724,NYSE
FMX,MEXICAN ECONOMIC DEVELOPMENT INC,0001061736,NYSE
JHPCY,"Jiangsu Hengrui Pharmaceuticals Co., Ltd./ADR",0002071868,OTC
IDXX,IDEXX LABORATORIES INC /DE,0000874716,NASDAQ
LYV,"Live Nation Entertainment, Inc.",0001335258,NYSE
ED,CONSOLIDATED EDISON INC,0001047862,NYSE
SHG,SHINHAN FINANCIAL GROUP CO LTD,0001263043,NYSE
VG,"Venture Global, Inc.",0002007855,NYSE
AIG,"AMERICAN INTERNATIONAL GROUP, INC.",0000005272,NYSE
ONC,BeOne Medicines Ltd.,0001651308,NASDAQ
AXON,"AXON ENTERPRISE, INC.",0001069183,NASDAQ
NTAP,"NetApp, Inc.",0001002047,NASDAQ
DHI,HORTON D R INC /DE/,0000882184,NYSE
YUM,YUM BRANDS INC,0001041061,NYSE
ROP,ROPER TECHNOLOGIES INC,0000882835,NASDAQ
VIK,Viking Holdings Ltd,0001745201,NYSE
RKT,"Rocket Companies, Inc.",0001805284,NYSE
BBD,BANK BRADESCO,0001160330,NYSE
NTR,Nutrien Ltd.,0001725964,NYSE
ODFL,"OLD DOMINION FREIGHT LINE, INC.",0000878927,NASDAQ
RSHGY,RESONA HOLDINGS INC,0001447391,OTC
HIG,"HARTFORD INSURANCE GROUP, INC.",0000874766,NYSE
JD,"JD.com, Inc.",0001549802,NASDAQ
MLM,MARTIN MARIETTA MATERIALS INC,0000916076,NYSE
EC,ECOPETROL S.A.,0001444406,NYSE
PEG,PUBLIC SERVICE ENTERPRISE GROUP INC,0000788784,NYSE
TKO,"TKO Group Holdings, Inc.",0001973266,NYSE
KR,KROGER CO,0000056873,NYSE
UAL,"United Airlines Holdings, Inc.",0000100517,NASDAQ
QSR,Restaurant Brands International Inc.,0001618756,NYSE
EL,ESTEE LAUDER COMPANIES INC,0001001250,NYSE
TWLO,TWILIO INC,0001447669,NYSE
HSY,HERSHEY CO,0000047111,NYSE
CHT,CHUNGHWA TELECOM CO LTD,0001132924,NYSE
MTB,M&T BANK CORP,0000036270,NYSE
NTRS,NORTHERN TRUST CORP,0000073124,NASDAQ
WEC,"WEC ENERGY GROUP, INC.",0000783325,NYSE
EME,"EMCOR Group, Inc.",0000105634,NYSE
KGC,KINROSS GOLD CORP,0000701818,NYSE
IRM,IRON MOUNTAIN INC,0001020569,NYSE
STLD,STEEL DYNAMICS INC,0001022671,NASDAQ
KVUE,Kenvue Inc.,0001944048,NYSE
HBAN,HUNTINGTON BANCSHARES INC /MD/,0000049196,NASDAQ
ESLT,ELBIT SYSTEMS LTD,0001027664,NASDAQ
DLMAY,Dollarama Inc./ADR,0002073893,OTC
UI,Ubiquiti Inc.,0001511737,NYSE
EQT,EQT Corp,0000033213,NYSE
RPRX,Royalty Pharma plc,0001802768,NASDAQ
FRFHF,FAIRFAX FINANCIAL HOLDINGS LTD/ CAN,0000915191,OTC
ALNY,"ALNYLAM PHARMACEUTICALS, INC.",0001178670,NASDAQ
EXPE,"Expedia Group, Inc.",0001324424,NASDAQ
ERIC,ERICSSON LM TELEPHONE CO,0000717826,NASDAQ
RJF,RAYMOND JAMES FINANCIAL INC,0000720005,NYSE
JBL,JABIL INC,0000898293,NYSE
CCI,CROWN CASTLE INC.,0001051470,NYSE
PUK,PRUDENTIAL PLC,0001116578,NYSE
CQP,"Cheniere Energy Partners, L.P.",0001383650,NYSE
CKHGF,Capitec Limited/ADR,0001469059,OTC
VMC,Vulcan Materials CO,0001396009,NYSE
KMB,KIMBERLY CLARK CORP,0000055785,NASDAQ
ACGL,ARCH CAPITAL GROUP LTD.,0000947484,NASDAQ
RBLX,Roblox Corp,0001315098,NYSE
TECK,TECK RESOURCES LTD,0000886986,NYSE
P,"Everpure, Inc.",0001474432,NYSE
CNC,CENTENE CORP,0001071739,NYSE
BIIB,BIOGEN INC.,0000875045,NASDAQ
HPQ,HP INC,0000047217,NYSE
ALC,ALCON INC,0001167379,NYSE
NMR,NOMURA HOLDINGS INC,0001163653,NYSE
RMD,RESMED INC,0000943819,NYSE
DXCM,DEXCOM INC,0001093557,NASDAQ
ILMN,"ILLUMINA, INC.",0001110803,NASDAQ
CCL,Carnival Corp Ltd.,0000815097,NYSE
BIDU,"Baidu, Inc.",0001329099,NASDAQ
CRDO,Credo Technology Group Holding Ltd,0001807794,NASDAQ
EXR,Extra Space Storage Inc.,0001289490,NYSE
PCG,PG&E Corp,0001004980,NYSE
UNVGY,Universal Music Group N.V./ADR,0001890126,OTC
RDDT,"Reddit, Inc.",0001713445,NYSE
ZTS,Zoetis Inc.,0001555280,NYSE
SUNB,"Sunbelt Rentals Holdings, Inc.",0002083785,NYSE
BAP,CREDICORP LTD,0001001290,NYSE
HAL,HALLIBURTON CO,0000045012,NYSE
ROIV,Roivant Sciences Ltd.,0001635088,NASDAQ
FSNUY,Fresenius SE & Co. KGaA,0000904868,OTC
FTI,TechnipFMC plc,0001681459,NYSE
CFG,CITIZENS FINANCIAL GROUP INC/RI,0000759944,NYSE
CBOE,"Cboe Global Markets, Inc.",0001374310,CBOE
ON,ON SEMICONDUCTOR CORP,0001097864,NASDAQ
WTW,WILLIS TOWERS WATSON PLC,0001140536,NASDAQ
MDB,"MongoDB, Inc.",0001441816,NASDAQ
OKTA,"Okta, Inc.",0001660134,NASDAQ
AEE,AMEREN CORP,0001002910,NYSE
KHC,Kraft Heinz Co,0001637459,NYSE
TS,TENARIS SA,0001190723,NYSE
GEHC,GE HealthCare Technologies Inc.,0001932393,NASDAQ
KBGGY,Kongsberg Gruppen ASA/ADR,0001535759,OTC
INSM,INSMED Inc,0001104506,NASDAQ
IR,Ingersoll Rand Inc.,0001699150,NYSE
TDY,TELEDYNE TECHNOLOGIES INC,0001094285,NYSE
ZM,"Zoom Communications, Inc.",0001585521,NASDAQ
RYAAY,RYANAIR HOLDINGS PLC,0001038683,NASDAQ
FTS,Fortis Inc.,0001666175,NYSE
LVS,LAS VEGAS SANDS CORP,0001300514,NYSE
PBA,PEMBINA PIPELINE CORP,0001546066,NYSE
ATO,ATMOS ENERGY CORP,0000731802,NYSE
DTE,DTE ENERGY CO,0000936340,NYSE
CPRT,COPART INC,0000900075,NASDAQ
FOXA,Fox Corp,0001754301,NASDAQ
LPLA,LPL Financial Holdings Inc.,0001397911,NASDAQ
AWK,"American Water Works Company, Inc.",0001410636,NYSE
DG,DOLLAR GENERAL CORP,0000029534,NYSE
ATI,ATI INC,0001018963,NYSE
VICI,VICI PROPERTIES INC.,0001705696,NYSE
FISV,FISERV INC,0000798354,NASDAQ
CPNG,"Coupang, Inc.",0001834584,NYSE
CPAY,"CORPAY, INC.",0001175454,NYSE
ECHO,EchoStar CORP,0001415404,NASDAQ
CTSH,COGNIZANT TECHNOLOGY SOLUTIONS CORP,0001058290,NASDAQ
FE,FIRSTENERGY CORP,0001031296,NYSE
WSM,WILLIAMS SONOMA INC,0000719955,NYSE
ZS,"Zscaler, Inc.",0001713683,NASDAQ
OTIS,Otis Worldwide Corp,0001781335,NYSE
Q,"Qnity Electronics, Inc.",0002058873,NYSE
VRSN,VERISIGN INC/CA,0001014473,NASDAQ
SMCI,"Super Micro Computer, Inc.",0001375365,NASDAQ
NVT,nVent Electric plc,0001720635,NYSE
CINF,CINCINNATI FINANCIAL CORP,0000020286,NASDAQ
MTD,METTLER TOLEDO INTERNATIONAL INC/,0001037646,NYSE
WRB,BERKLEY W R CORP,0000011544,NYSE
CNP,CENTERPOINT ENERGY INC,0001130310,NYSE
ES,EVERSOURCE ENERGY,0000072741,NYSE
GFS,GLOBALFOUNDRIES Inc.,0001709048,NASDAQ
SYM,Symbotic Inc.,0001837240,NASDAQ
PPL,PPL Corp,0000922224,NYSE
DGX,QUEST DIAGNOSTICS INC,0001022079,NYSE
RF,REGIONS FINANCIAL CORP,0001281761,NYSE
TPL,Texas Pacific Land Corp,0001811074,NYSE
DOV,DOVER Corp,0000029905,NYSE
JBHT,HUNT J B TRANSPORT SERVICES INC,0000728535,NASDAQ
LH,LABCORP HOLDINGS INC.,0000920148,NYSE
XYL,Xylem Inc.,0001524472,NYSE
EXPD,EXPEDITORS INTERNATIONAL OF WASHINGTON INC,0000746515,NYSE
BSP,Bending Spoons S.p.A.,0002004711,NASDAQ
INCY,INCYTE CORP,0000879169,NASDAQ
PFG,PRINCIPAL FINANCIAL GROUP INC,0001126328,NASDAQ
SYF,Synchrony Financial,0001601712,NYSE
CRCL,"Circle Internet Group, Inc.",0001876042,NYSE
FCNCA,FIRST CITIZENS BANCSHARES INC /DE/,0000798941,NASDAQ
WST,WEST PHARMACEUTICAL SERVICES INC,0000105770,NYSE
TCOM,Trip.com Group Ltd,0001269238,NASDAQ
HUBB,HUBBELL INC,0000048898,NYSE
BNTX,BioNTech SE,0001776985,NASDAQ
PHG,KONINKLIJKE PHILIPS NV,0000313216,NYSE
AFRM,"Affirm Holdings, Inc.",0001820953,NASDAQ
CIB,Grupo Cibest S.A.,0002058897,NYSE
NRG,"NRG ENERGY, INC.",0001013871,NYSE
DRI,DARDEN RESTAURANTS INC,0000940944,NYSE
TSEM,TOWER SEMICONDUCTOR LTD,0000928876,NASDAQ
CHLSY,Chocoladefabriken Lindt & Spruengli AG/ADR,0001885110,OTC
MTNOY,MTN GROUP LTD/ADR,0001163420,OTC
GPN,GLOBAL PAYMENTS INC,0001123360,NYSE
PPG,PPG INDUSTRIES INC,0000079879,NYSE
BG,Bunge Global SA,0001996862,NYSE
RIVN,"Rivian Automotive, Inc. / DE",0001874178,NASDAQ
VNOM,"Viper Energy, Inc.",0002074176,NASDAQ
FFIV,"F5, INC.",0001048695,NASDAQ
ASTS,"AST SpaceMobile, Inc.",0001780312,NASDAQ
TPR,"TAPESTRY, INC.",0001116132,NYSE
ULTA,"Ulta Beauty, Inc.",0001403568,NASDAQ
KEY,KEYCORP /NEW/,0000091576,NYSE
VLTO,Veralto Corp,0001967680,NYSE
EDPFY,EDP ENERGIAS DE PORTUGAL SA,0001039610,OTC
ROKU,"ROKU, INC",0001428439,NASDAQ
VRSK,"Verisk Analytics, Inc.",0001442145,NASDAQ
IOT,Samsara Inc.,0001642896,NYSE
CASY,CASEYS GENERAL STORES INC,0000726958,NASDAQ
TROW,PRICE T ROWE GROUP INC,0001113169,NASDAQ
IHG,INTERCONTINENTAL HOTELS GROUP PLC /NEW/,0000858446,NYSE
SN,"SharkNinja, Inc.",0001957132,NYSE
ARXS,"Arxis, Inc.",0002093536,NASDAQ
SW,Smurfit Westrock plc,0002005951,NYSE
PHM,PULTEGROUP INC/MI/,0000822416,NYSE
AER,AerCap Holdings N.V.,0001378789,NYSE
FSLR,"FIRST SOLAR, INC.",0001274494,NASDAQ
SOFI,"SoFi Technologies, Inc.",0001818874,NASDAQ
AMRZ,Amrize Ltd,0002035989,NYSE
L,LOEWS CORP,0000060086,NYSE
CHD,CHURCH & DWIGHT CO INC /DE/,0000313927,NYSE
GELHY,Geely Automobile Holdings Limited/ADR,0001474968,OTC
BRO,"BROWN & BROWN, INC.",0000079282,NYSE
MKL,MARKEL GROUP INC.,0001096343,NYSE
CRS,CARPENTER TECHNOLOGY CORP,0000017843,NYSE
CNH,CNH Industrial N.V.,0001567094,NYSE
TW,Tradeweb Markets Inc.,0001758730,NASDAQ
DLTR,"DOLLAR TREE, INC.",0000935703,NASDAQ
FWONA,Liberty Media Corp,0001560385,NASDAQ
EXE,EXPAND ENERGY Corp,0000895126,NASDAQ
HSAI,Hesai Group,0001861737,NASDAQ
OMC,OMNICOM GROUP INC.,0000029989,NYSE
YPF,YPF SOCIEDAD ANONIMA,0000904851,NYSE
BCE,BCE INC,0000718940,NYSE
CNGKY,Cheung Kong Property Holdings Limited/ADR,0001653192,OTC
ENTG,ENTEGRIS INC,0001101302,NASDAQ
FICO,FAIR ISAAC CORP,0000814547,NYSE
EIX,EDISON INTERNATIONAL,0000827052,NYSE
IFF,INTERNATIONAL FLAVORS & FRAGRANCES INC,0000051253,NYSE
RGLD,ROYAL GOLD INC,0000085535,NASDAQ
UTHR,UNITED THERAPEUTICS Corp,0001082554,NASDAQ
THC,TENET HEALTHCARE CORP,0000070318,NYSE
XPO,"XPO, Inc.",0001166003,NYSE
GH,"Guardant Health, Inc.",0001576280,NASDAQ
CMS,CMS ENERGY CORP,0000811156,NYSE
MTSI,"MACOM Technology Solutions Holdings, Inc.",0001493594,NASDAQ
BCH,BANK OF CHILE,0001161125,NYSE
HKHHY,HEINEKEN HOLDING N V,0001142231,OTC
CDE,"Coeur Mining, Inc.",0000215466,NYSE
STZ,"CONSTELLATION BRANDS, INC.",0000016918,NYSE
PKG,PACKAGING CORP OF AMERICA,0000075677,NYSE
DOW,DOW INC.,0001751788,NYSE
PAAS,PAN AMERICAN SILVER CORP,0000771992,NYSE
USFD,US Foods Holding Corp.,0001665918,NYSE
CW,CURTISS WRIGHT CORP,0000026324,NYSE
STE,STERIS plc,0001757898,NYSE
LYB,LyondellBasell Industries N.V.,0001489393,NYSE
STLA,Stellantis N.V.,0001605484,NYSE
WES,"Western Midstream Partners, LP",0001423902,NYSE
CF,"CF Industries Holdings, Inc.",0001324404,NYSE
RL,RALPH LAUREN CORP,0001037038,NYSE
WWD,"Woodward, Inc.",0000108312,NASDAQ
SQM,CHEMICAL & MINING CO OF CHILE INC,0000909037,NYSE
GMAB,GENMAB A/S,0001434265,NASDAQ
RS,"RELIANCE, INC.",0000861884,NYSE
NI,NISOURCE INC.,0001111711,NYSE
PR,Permian Resources Corp,0001658566,NYSE
EFX,EQUIFAX INC,0000033185,NYSE
RML,Resolution Minerals Ltd,0002102907,NASDAQ
AMCR,Amcor plc,0001748790,NYSE
TELNY,TELENOR ASA,0001126113,OTC
SBAC,SBA COMMUNICATIONS CORP,0001034054,NASDAQ
FIS,"Fidelity National Information Services, Inc.",0001136893,NYSE
RCI,ROGERS COMMUNICATIONS INC,0000733099,NYSE
SNA,Snap-on Inc,0000091440,NYSE
CHTR,"CHARTER COMMUNICATIONS, INC. /MO/",0001091667,NASDAQ
FTAI,FTAI Aviation Ltd.,0001590364,NASDAQ
DINO,HF Sinclair Corp,0001915657,NYSE
U,Unity Software Inc.,0001810806,NYSE
LEN,LENNAR CORP /NEW/,0000920760,NYSE
CDW,CDW Corp,0001402057,NASDAQ
MTZ,MASTEC INC,0000015615,NYSE
LUV,SOUTHWEST AIRLINES CO,0000092380,NYSE
WF,WOORI FINANCIAL GROUP INC.,0001264136,NYSE
SITM,SITIME Corp,0001451809,NASDAQ
GIS,GENERAL MILLS INC,0000040704,NYSE
BR,"BROADRIDGE FINANCIAL SOLUTIONS, INC.",0001383312,NYSE
BBY,BEST BUY CO INC,0000764478,NYSE
VTRS,Viatris Inc,0001792044,NASDAQ
FDXF,"FedEx Freight Holding Company, Inc.",0002082247,NYSE
PKX,POSCO HOLDINGS INC.,0000889132,NYSE
ESS,"ESSEX PROPERTY TRUST, INC.",0000920522,NYSE
EVRG,"Evergy, Inc.",0001711269,NASDAQ
SSNC,SS&C Technologies Holdings Inc,0001402436,NASDAQ
VIV,TELEFONICA BRASIL S.A.,0001066119,NYSE
BEKE,KE Holdings Inc.,0001809587,NYSE
KSPI,Joint Stock Co Kaspi.kz,0001985487,NASDAQ
TOST,"Toast, Inc.",0001650164,NYSE
TPG,TPG Inc.,0001880661,NASDAQ
TSN,"TYSON FOODS, INC.",0000100493,NYSE
SBS,COMPANHIA DE SANEAMENTO BASICO DO ESTADO DE SAO PAULO-SABESP,0001170858,NYSE
GPC,GENUINE PARTS CO,0000040987,NYSE
PAA,PLAINS ALL AMERICAN PIPELINE LP,0001070423,NASDAQ
IP,INTERNATIONAL PAPER CO /NEW/,0000051434,NYSE
GEN,Gen Digital Inc.,0000849399,NASDAQ
MKSI,MKS INC,0001049502,NASDAQ
NTNX,"Nutanix, Inc.",0001618732,NASDAQ
CHRW,"C. H. ROBINSON WORLDWIDE, INC.",0001043277,NASDAQ
ZBH,"ZIMMER BIOMET HOLDINGS, INC.",0001136869,NYSE
RBRK,"Rubrik, Inc.",0001943896,NYSE
EWBC,EAST WEST BANCORP INC,0001069157,NASDAQ
MGA,MAGNA INTERNATIONAL INC,0000749098,NYSE
OVV,Ovintiv Inc.,0001792580,NYSE
NDSN,NORDSON CORP,0000072331,NASDAQ
TRMOY,Tourmaline Oil Corp/ADR,0002071881,OTC
LNT,ALLIANT ENERGY CORP,0000352541,NASDAQ
FLUT,Flutter Entertainment plc,0001635327,NYSE
WCC,WESCO INTERNATIONAL INC,0000929008,NYSE
TSCO,TRACTOR SUPPLY CO /DE/,0000916365,NASDAQ
ASND,Ascendis Pharma A/S,0001612042,NASDAQ
IREN,IREN Ltd,0001878848,NASDAQ
DD,"DuPont de Nemours, Inc.",0001666700,NYSE
ONTO,ONTO INNOVATION INC.,0000704532,NYSE
BEN,FRANKLIN TEMPLETON INC,0000038777,NYSE
ARNNY,ASR Nederland N.V./ADR,0001719117,OTC
WTKWY,WOLTERS KLUWER N V /FI,0000861967,OTC
LSCC,LATTICE SEMICONDUCTOR CORP,0000855658,NASDAQ
CLH,CLEAN HARBORS INC,0000822818,NYSE
ROL,ROLLINS INC,0000084839,NYSE
WIT,WIPRO LTD,0001123799,NYSE
JHX,James Hardie Industries plc,0001159152,NYSE
J,JACOBS SOLUTIONS INC.,0000052988,NYSE
FTV,Fortive Corp,0001659166,NYSE
ZBRA,ZEBRA TECHNOLOGIES CORP,0000877212,NASDAQ
NVR,NVR INC,0000906163,NYSE
IEX,IDEX CORP /DE/,0000832101,NYSE
NLY,ANNALY CAPITAL MANAGEMENT INC,0001043219,NYSE
BSAC,BANCO SANTANDER CHILE,0001027552,NYSE
OWL,BLUE OWL CAPITAL INC.,0001823945,NYSE
APG,APi Group Corp,0001796209,NYSE
MEDP,"Medpace Holdings, Inc.",0001668397,NASDAQ
AS,"Amer Sports, Inc.",0001988894,NYSE
DSEEY,Daiwa Securities Group Inc.,0001481045,OTC
INVH,Invitation Homes Inc.,0001687229,NYSE
RGA,REINSURANCE GROUP OF AMERICA INC,0000898174,NYSE
LDOS,"Leidos Holdings, Inc.",0001336920,NYSE
TIGO,MILLICOM INTERNATIONAL CELLULAR SA,0000912958,NASDAQ
BALL,BALL Corp,0000009389,NYSE
DIDIY,DiDi Global Inc.,0001764757,OTC
WY,WEYERHAEUSER CO,0000106535,NYSE
JAZZ,Jazz Pharmaceuticals plc,0001232524,NASDAQ
JLL,JONES LANG LASALLE INC,0001037976,NYSE
NBIX,NEUROCRINE BIOSCIENCES INC,0000914475,NASDAQ
SCRNY,"SCREEN Holdings Co., Ltd./ADR",0001544379,OTC
FUTU,Futu Holdings Ltd,0001754581,NASDAQ
NWSA,NEWS CORP,0001564708,NASDAQ
BAWAY,BAWAG Group AG/ADR,0001968385,OTC
WPC,W. P. Carey Inc.,0001025378,NYSE
LNTCY,"Lens Technology Co., Ltd./ADR",0002098381,OTC
APA,APA Corp,0001841666,NASDAQ
KEP,KOREA ELECTRIC POWER CORP,0000887225,NYSE
KIM,KIMCO REALTY CORP,0000879101,NYSE
HST,"HOST HOTELS & RESORTS, INC.",0001070750,NASDAQ
PHYS,Sprott Physical Gold Trust,0001477049,NYSE
SMTC,SEMTECH CORP,0000088941,NASDAQ
ZTO,ZTO Express (Cayman) Inc.,0001677250,NYSE
CRBG,"Corebridge Financial, Inc.",0001889539,NYSE
RBA,RB GLOBAL INC.,0001046102,NYSE
H,Hyatt Hotels Corp,0001468174,NYSE
RBC,RBC Bearings INC,0001324948,NYSE
ARMK,Aramark,0001584509,NYSE
STRL,"STERLING INFRASTRUCTURE, INC.",0000874238,NASDAQ
AKAM,AKAMAI TECHNOLOGIES INC,0001086222,NASDAQ
CX,CEMEX SAB DE CV,0001076378,NYSE
GFL,GFL Environmental Inc.,0001780232,NYSE
CG,Carlyle Group Inc.,0001527166,NASDAQ
BMNR,"BITMINE IMMERSION TECHNOLOGIES, INC.",0001829311,NYSE
LAMR,LAMAR ADVERTISING CO/NEW,0001090425,NASDAQ
INIO,INNIO N.V.,0002109150,NASDAQ
EMA,EMERA INC,0001127248,NYSE
PNFP,"Pinnacle Financial Partners, Inc.",0002082866,NYSE
AGI,ALAMOS GOLD INC,0001178819,NYSE
OHI,OMEGA HEALTHCARE INVESTORS INC,0000888491,NYSE
IONQ,"IonQ, Inc.",0001824920,NYSE
UNM,Unum Group,0000005513,NYSE
TLN,Talen Energy Corp,0001622536,NASDAQ
TRU,TransUnion,0001552033,NYSE
BURL,"Burlington Stores, Inc.",0001579298,NYSE
PS,PERSHING SQUARE INC.,0002026053,NYSE
MAA,MID AMERICA APARTMENT COMMUNITIES INC.,0000912595,NYSE
DT,"Dynatrace, Inc.",0001773383,NYSE
PFGC,Performance Food Group Co,0001618673,NYSE
SOLV,Solventum Corp,0001964738,NYSE
FN,Fabrinet,0001408710,NYSE
WMG,Warner Music Group Corp.,0001319161,NASDAQ
LOGI,LOGITECH INTERNATIONAL S.A.,0001032975,NASDAQ
BEP,Brookfield Renewable Partners L.P.,0001533232,NYSE
DOCN,"DigitalOcean Holdings, Inc.",0001582961,NYSE
TLK,PERUSAHAAN PERSEROAN PERSERO PT TELEKOMUNIKASI INDONESIA TBK,0001001807,NYSE
VARRY,Var Energi ASA/ADR,0001919275,OTC
EQH,"Equitable Holdings, Inc.",0001333986,NYSE
SUN,Sunoco LP,0001552275,NYSE
GLXY,Galaxy Digital Inc.,0001859392,NASDAQ
SKM,SK TELECOM CO LTD,0001015650,NYSE
GIB,CGI INC,0001061574,NYSE
SUI,SUN COMMUNITIES INC,0000912593,NYSE
DOC,"HEALTHPEAK PROPERTIES, INC.",0000765880,NYSE
ULS,UL Solutions Inc.,0001901440,NYSE
YUMC,"Yum China Holdings, Inc.",0001673358,NYSE
EQX,Equinox Gold Corp.,0001756607,NYSE
TU,TELUS CORP,0000868675,NYSE
IVZ,Invesco Ltd.,0000914208,NYSE
EG,"EVEREST GROUP, LTD.",0001095073,NYSE
PAG,"PENSKE AUTOMOTIVE GROUP, INC.",0001019849,NYSE
BBIO,"BridgeBio Pharma, Inc.",0001743881,NASDAQ
PTC,PTC INC.,0000857005,NASDAQ
ARCC,ARES CAPITAL CORP,0001287750,NASDAQ
SGI,SOMNIGROUP INTERNATIONAL INC.,0001206264,NYSE
SMMT,Summit Therapeutics Inc.,0001599298,NASDAQ
EXEL,"EXELIXIS, INC.",0000939767,NASDAQ
AIZ,"ASSURANT, INC.",0001267238,NYSE
ALB,ALBEMARLE CORP,0000915913,NYSE
TXT,TEXTRON INC,0000217346,NYSE
REG,REGENCY CENTERS CORP,0000910606,NASDAQ
RVTY,"REVVITY, INC.",0000031791,NYSE
MKC,MCCORMICK & CO INC,0000063754,NYSE
TYL,TYLER TECHNOLOGIES INC,0000860731,NYSE
LECO,LINCOLN ELECTRIC HOLDINGS INC,0000059527,NASDAQ
IESC,"IES Holdings, Inc.",0001048268,NASDAQ
BWXT,"BWX Technologies, Inc.",0001486957,NYSE
OBICY,"OBIC Co., Ltd./ADR",0002077146,OTC
BWA,BORGWARNER INC,0000908255,NYSE
CACI,CACI INTERNATIONAL INC /DE/,0000016058,NYSE
MAS,MASCO CORP /DE/,0000062996,NYSE
SWK,"STANLEY BLACK & DECKER, INC.",0000093556,NYSE
W,Wayfair Inc.,0001616707,NYSE
RNR,RENAISSANCERE HOLDINGS LTD,0000913144,NYSE
MLI,MUELLER INDUSTRIES INC,0000089439,NYSE
SWKS,"SKYWORKS SOLUTIONS, INC.",0000004127,NASDAQ
CHKP,CHECK POINT SOFTWARE TECHNOLOGIES LTD,0001015922,NASDAQ
FIVE,"FIVE BELOW, INC",0001177609,NASDAQ
AEG,AEGON LTD.,0000769218,NYSE
TRMB,TRIMBLE INC.,0000864749,NASDAQ
EMBJ,EMBRAER S.A.,0001355444,NYSE
CRL,"CHARLES RIVER LABORATORIES INTERNATIONAL, INC.",0001100682,NYSE
JBS,JBS N.V.,0001791942,NYSE
HL,HECLA MINING CO/DE/,0000719413,NYSE
DFKUY,"Daifuku Co., Ltd./ADR",0001762831,OTC
CSL,CARLISLE COMPANIES INC,0000790051,NYSE
TTMI,TTM TECHNOLOGIES INC,0001116942,NASDAQ
PSLV,Sprott Physical Silver Trust,0001494728,NYSE
GL,GLOBE LIFE INC.,0000320335,NYSE
DTM,"DT Midstream, Inc.",0001842022,NYSE
BLMOY,BELIMO Holding AG/ADR,0002109234,OTC
ICLR,ICON PLC,0001060955,NASDAQ
HTHT,H World Group Ltd,0001483994,NASDAQ
WSO,WATSCO INC,0000105016,NYSE
ALLE,Allegion plc,0001579241,NYSE
TME,Tencent Music Entertainment Group,0001744676,NYSE
QNT,Quantinuum Inc.,0002110105,NASDAQ
AMH,American Homes 4 Rent,0001562401,NYSE
AUR,"Aurora Innovation, Inc.",0001828108,NASDAQ
UDR,"UDR, Inc.",0000074208,NYSE
HAS,"HASBRO, INC.",0000046080,NASDAQ
CNA,CNA FINANCIAL CORP,0000021175,NYSE
HMY,HARMONY GOLD MINING CO LTD,0001023514,NYSE
SJM,J M SMUCKER Co,0000091419,NYSE
AVY,Avery Dennison Corp,0000008818,NYSE
SEIC,SEI INVESTMENTS CO,0000350894,NASDAQ
ALLY,Ally Financial Inc.,0000040729,NYSE
AMKR,"AMKOR TECHNOLOGY, INC.",0001047127,NASDAQ
RPM,RPM INTERNATIONAL INC/DE/,0000110621,NYSE
LII,LENNOX INTERNATIONAL INC,0001069202,NYSE
MAIR,Madison Air Solutions Corp,0002098430,NYSE
AA,Alcoa Corp,0001675149,NYSE
QXO,"QXO, Inc.",0001236275,NYSE
BMRN,BIOMARIN PHARMACEUTICAL INC,0001048477,NASDAQ
COKE,"Coca-Cola Consolidated, Inc.",0000317540,NASDAQ
NXT,Nextpower Inc.,0001852131,NASDAQ
ERIE,ERIE INDEMNITY CO,0000922621,NASDAQ
PAYP,PayPay Corp,0002080845,NASDAQ
PEN,Penumbra Inc,0001321732,NYSE
UHAL,U-Haul Holding Co /NV/,0000004457,NYSE
CHYM,"Chime Financial, Inc.",0001795586,NASDAQ
GRAB,Grab Holdings Ltd,0001855612,NASDAQ
GGG,GRACO INC,0000042888,NYSE
YARIY,YARA INTERNATIONAL ASA,0001279956,OTC
TOL,"Toll Brothers, Inc.",0000794170,NYSE
MDGL,"MADRIGAL PHARMACEUTICALS, INC.",0001157601,NASDAQ
GDDY,GoDaddy Inc.,0001609711,NYSE
DOCU,"DOCUSIGN, INC.",0001261333,NASDAQ
CCK,"CROWN HOLDINGS, INC.",0001219601,NYSE
FIG,"Figma, Inc.",0001579878,NYSE
BAX,BAXTER INTERNATIONAL INC,0000010456,NYSE
CSGP,"COSTAR GROUP, INC.",0001057352,NASDAQ
HUT,Hut 8 Corp.,0001964789,NASDAQ
HALO,"HALOZYME THERAPEUTICS, INC.",0001159036,NASDAQ
DKNG,DraftKings Inc.,0001883685,NASDAQ
CORT,CORCEPT THERAPEUTICS INC,0001088856,NASDAQ
BF-B,BROWN FORMAN CORP,0000014693,NYSE
ELS,EQUITY LIFESTYLE PROPERTIES INC,0000895417,NYSE
GLPI,"Gaming & Leisure Properties, Inc.",0001575965,NASDAQ
TMTNY,Toromont Industries Ltd./ADR,0002072098,OTC
AGNC,AGNC Investment Corp.,0001423689,NASDAQ
EHC,Encompass Health Corp,0000785161,NYSE
PAC,Pacific Airport Group,0001347557,NYSE
SF,STIFEL FINANCIAL CORP,0000720672,NYSE
DKS,"DICK'S SPORTING GOODS, INC.",0001089063,NYSE
MICC,Magnum Ice Cream Co N.V.,0002071668,NYSE
NCLTY,"Nitori Holdings Co., Ltd.",0001801729,OTC
CPT,CAMDEN PROPERTY TRUST,0000906345,NYSE
FMS,Fresenius Medical Care AG,0001333141,NYSE
AIT,APPLIED INDUSTRIAL TECHNOLOGIES INC,0000109563,NYSE
TXRH,"Texas Roadhouse, Inc.",0001289460,NASDAQ
FNF,"Fidelity National Financial, Inc.",0001331875,NYSE
WTS,WATTS WATER TECHNOLOGIES INC,0000795403,NYSE
WSE,Wise Group plc,0002099039,NASDAQ
ARWR,"ARROWHEAD PHARMACEUTICALS, INC.",0000879407,NASDAQ
AR,ANTERO RESOURCES Corp,0001433270,NYSE
PSKY,Paramount Skydance Corp,0002041610,NASDAQ
MANH,MANHATTAN ASSOCIATES INC,0001056696,NASDAQ
NVMI,NOVA LTD.,0001109345,NASDAQ
HBM,Hudbay Minerals Inc.,0001322422,NYSE
GWRE,"Guidewire Software, Inc.",0001528396,NYSE
AHR,"American Healthcare REIT, Inc.",0001632970,NYSE
AFG,AMERICAN FINANCIAL GROUP INC,0001042046,NYSE
CONE,"Compass Sub North, Inc.",0002103884,OTC
BXP,"BXP, Inc.",0001037540,NYSE
PNW,PINNACLE WEST CAPITAL CORP,0000764622,NYSE
CR,Crane Co,0001944013,NYSE
WTRG,"Essential Utilities, Inc.",0000078128,NYSE
BTSG,"BrightSpring Health Services, Inc.",0001865782,NASDAQ
AXSM,"Axsome Therapeutics, Inc.",0001579428,NASDAQ
DVA,DAVITA INC.,0000927066,NYSE
HUBS,HUBSPOT INC,0001404655,NYSE
AKZOY,AKZO NOBEL NV,0000003124,OTC
MOG-A,MOOG INC.,0000067887,NYSE
SANM,SANMINA CORP,0000897723,NASDAQ
ARW,"ARROW ELECTRONICS, INC.",0000007536,NYSE
FHN,FIRST HORIZON CORP,0000036966,NYSE
BJ,"BJ's Wholesale Club Holdings, Inc.",0001531152,NYSE
SUZ,Suzano S.A.,0000909327,NYSE
LI,Li Auto Inc.,0001791706,NASDAQ
IAG,IAMGOLD CORP,0001203464,NYSE
ELAN,Elanco Animal Health Inc,0001739104,NYSE
SNN,SMITH & NEPHEW PLC,0000845982,NYSE
AEIS,ADVANCED ENERGY INDUSTRIES INC,0000927003,NASDAQ
TECH,BIO-TECHNE Corp,0000842023,NASDAQ
EGO,ELDORADO GOLD CORP /FI,0000918608,NYSE
JKHY,JACK HENRY & ASSOCIATES INC,0000779152,NASDAQ
HRL,HORMEL FOODS CORP /DE/,0000048465,NYSE
RTO,RENTOKIL INITIAL PLC /FI,0000930157,NYSE
BZLFY,BUNZL PLC,0001072397,OTC
IT,GARTNER INC,0000749251,NYSE
CART,Maplebear Inc.,0001579091,NASDAQ
SCI,SERVICE CORP INTERNATIONAL,0000089089,NYSE
DECK,DECKERS OUTDOOR CORP,0000910521,NYSE
HII,"HUNTINGTON INGALLS INDUSTRIES, INC.",0001501585,NYSE
GNRC,GENERAC HOLDINGS INC.,0001474735,NYSE
LFUS,LITTELFUSE INC /DE,0000889331,NASDAQ
KNX,Knight-Swift Transportation Holdings Inc.,0001492691,NYSE
LULU,lululemon athletica inc.,0001397187,NASDAQ
EVR,Evercore Inc.,0001360901,NYSE
FRO,Frontline plc,0000913290,NYSE
CGNX,COGNEX CORP,0000851205,NASDAQ
FROG,JFrog Ltd,0001800667,NASDAQ
RRX,REGAL REXNORD CORP,0000082811,NYSE
NYT,NEW YORK TIMES CO,0000071691,NYSE
TFII,TFI International Inc.,0001588823,NYSE
DLAKY,DEUTSCHE LUFTHANSA A G /FI,0001049724,OTC
ALGN,ALIGN TECHNOLOGY INC,0001097149,NASDAQ
PINS,"PINTEREST, INC.",0001506293,NYSE
GME,GameStop Corp.,0001326380,NYSE
GSAT,"Globalstar, Inc.",0001366868,NASDAQ
TEM,"Tempus AI, Inc.",0001717115,NASDAQ
EGP,EASTGROUP PROPERTIES INC,0000049600,NYSE
CLX,CLOROX CO /DE/,0000021076,NYSE
FRHC,Freedom Holding Corp.,0000924805,NASDAQ
ALSN,Allison Transmission Holdings Inc,0001411207,NYSE
UMBF,UMB FINANCIAL CORP,0000101382,NASDAQ
AES,AES CORP,0000874761,NYSE
JEF,Jefferies Financial Group Inc.,0000096223,NYSE
MOH,"MOLINA HEALTHCARE, INC.",0001179929,NYSE
AM,Antero Midstream Corp,0001623925,NYSE
BNT,Brookfield Wealth Solutions Ltd.,0001837429,NYSE
BPOP,"POPULAR, INC.",0000763901,NASDAQ
OC,Owens Corning,0001370946,NYSE
CYTK,CYTOKINETICS INC,0001061983,NASDAQ
KRYS,"Krystal Biotech, Inc.",0001711279,NASDAQ
QRVO,"Qorvo, Inc.",0001604778,NASDAQ
ENLT,Enlight Renewable Energy Ltd.,0001922641,NASDAQ
DPZ,DOMINOS PIZZA INC,0001286681,NASDAQ
UHS,UNIVERSAL HEALTH SERVICES INC,0000352915,NYSE
DAR,DARLING INGREDIENTS INC.,0000916540,NYSE
MGM,MGM Resorts International,0000789570,NYSE
OSCR,"Oscar Health, Inc.",0001568651,NYSE
SSB,SouthState Bank Corp,0000764038,NYSE
WTFC,WINTRUST FINANCIAL CORP,0001015328,NASDAQ
COO,"COOPER COMPANIES, INC.",0000711404,NASDAQ
VSAT,VIASAT INC,0000797721,NASDAQ
ABVX,Abivax S.A.,0001956827,NASDAQ
ENSG,"ENSIGN GROUP, INC",0001125376,NASDAQ
CFR,"CULLEN/FROST BANKERS, INC.",0000039263,NYSE
MOD,MODINE MANUFACTURING CO,0000067347,NYSE
XPEV,XPENG INC.,0001810997,NYSE
ZION,"ZIONS BANCORPORATION, NATIONAL ASSOCIATION /UT/",0000109380,NASDAQ
XP,XP Inc.,0001787425,NASDAQ
DDS,"DILLARD'S, INC.",0000028917,NYSE
FRT,FEDERAL REALTY INVESTMENT TRUST,0000034903,NYSE
GGB,GERDAU S.A.,0001073404,NYSE
RDY,DR REDDYS LABORATORIES LTD,0001135951,NYSE
AVTR,"Avantor, Inc.",0001722482,NYSE
BIO,"BIO-RAD LABORATORIES, INC.",0000012208,NYSE
GMED,GLOBUS MEDICAL INC,0001237831,NYSE
GKOS,GLAUKOS Corp,0001192448,NYSE
MTCH,"Match Group, Inc.",0000891103,NASDAQ
ORI,OLD REPUBLIC INTERNATIONAL CORP,0000074260,NYSE
PAYC,"Paycom Software, Inc.",0001590955,NYSE
SIRI,SIRIUS XM HOLDINGS INC.,0000908937,NASDAQ
FCFS,"FirstCash Holdings, Inc.",0000840489,NASDAQ
LKNCY,Luckin Coffee Inc.,0001767582,OTC
SNROY,"Sanrio Company, Ltd./ADR",0001584273,OTC
SAIL,"SailPoint, Inc.",0002030781,NASDAQ
ONB,OLD NATIONAL BANCORP /IN/,0000707179,NASDAQ
SOLS,Solstice Advanced Materials Inc.,0002064953,NASDAQ
WEGRY,Weir Group PLC/ADR,0001540042,OTC
HSIC,HENRY SCHEIN INC,0001000228,NASDAQ
WMS,"ADVANCED DRAINAGE SYSTEMS, INC.",0001604028,NYSE
RYAN,"RYAN SPECIALTY HOLDINGS, INC.",0001849253,NYSE
SIMO,Silicon Motion Technology CORP,0001329394,NASDAQ
DRS,"Leonardo DRS, Inc.",0001833756,NASDAQ
SNAP,Snap Inc,0001564408,NYSE
MUSA,Murphy USA Inc.,0001573516,NYSE
OGE,OGE ENERGY CORP.,0001021635,NYSE
RRC,RANGE RESOURCES CORP,0000315852,NYSE
PTGX,"Protagonist Therapeutics, Inc",0001377121,NASDAQ
AG,FIRST MAJESTIC SILVER CORP,0001308648,NYSE
HLI,"HOULIHAN LOKEY, INC.",0001302215,NYSE
SPXC,"SPX Technologies, Inc.",0000088205,NYSE
VIAV,VIAVI SOLUTIONS INC.,0000912093,NASDAQ
JAN,"Janus Living, Inc.",0002100805,NYSE
AYI,ACUITY INC. (DE),0001144215,NYSE
APTV,Aptiv PLC,0001521332,NYSE
KYMR,"Kymera Therapeutics, Inc.",0001815442,NASDAQ
FPS,"Forgent Power Solutions, Inc.",0002080126,NYSE
FLS,FLOWSERVE CORP,0000030625,NYSE
PRAX,"Praxis Precision Medicines, Inc.",0001689548,NASDAQ
RMBS,RAMBUS INC,0000917273,NASDAQ
LINE,"Lineage, Inc.",0001868159,NASDAQ
PSO,PEARSON PLC,0000938323,NYSE
KT,KT CORP,0000892450,NYSE
RGEN,REPLIGEN CORP,0000730272,NASDAQ
JXN,Jackson Financial Inc.,0001822993,NYSE
VOYA,"Voya Financial, Inc.",0001535929,NYSE
MSGS,Madison Square Garden Sports Corp.,0001636519,NYSE
BSY,BENTLEY SYSTEMS INC,0001031308,NASDAQ
LTH,"Life Time Group Holdings, Inc.",0001869198,NYSE
VMI,VALMONT INDUSTRIES INC,0000102729,NYSE
PBF,PBF Energy Inc.,0001534504,NYSE
DY,DYCOM INDUSTRIES INC,0000067215,NYSE
SSL,SASOL LTD,0000314590,NYSE
R,RYDER SYSTEM INC,0000085961,NYSE
TTEK,TETRA TECH INC,0000831641,NASDAQ
LGN,Legence Corp.,0002052568,NASDAQ
SAIA,SAIA INC,0001177702,NASDAQ
PNDRY,Pandora A/S / ADR,0001505880,OTC
FDS,FACTSET RESEARCH SYSTEMS INC,0001013237,NYSE
ELPC,ENERGY CO OF PARANA,0001041792,NYSE
KNTK,Kinetik Holdings Inc.,0001692787,NYSE
NIO,NIO Inc.,0001736541,NYSE
AZBLY,Azbil Corporation/ADR,0002108185,OTC
PODD,INSULET CORP,0001145197,NASDAQ
ONON,On Holding AG,0001858985,NYSE
AMG,"AFFILIATED MANAGERS GROUP, INC.",0001004434,NYSE
IONS,IONIS PHARMACEUTICALS INC,0000874015,NASDAQ
CTRE,"CareTrust REIT, Inc.",0001590717,NYSE
VICR,VICOR CORP,0000751978,NASDAQ
SM,SM Energy Co,0000893538,NYSE
BAH,Booz Allen Hamilton Holding Corp,0001443646,NYSE
PNR,PENTAIR plc,0000077360,NYSE
OSK,OSHKOSH CORP,0000775158,NYSE
SBSW,Sibanye Stillwater Ltd,0001786909,NYSE
MP,MP Materials Corp. / DE,0001801368,NYSE
WLK,WESTLAKE CORP,0001262823,NYSE
WYNN,WYNN RESORTS LTD,0001174922,NASDAQ
FORM,FORMFACTOR INC,0001039399,NASDAQ
PRI,"Primerica, Inc.",0001475922,NYSE
IDCC,"InterDigital, Inc.",0001405495,NASDAQ
AAOI,"APPLIED OPTOELECTRONICS, INC.",0001158114,NASDAQ
GIL,Gildan Activewear Inc.,0001061894,NYSE
TXG,"10x Genomics, Inc.",0001770787,NASDAQ
SPIIY,SPIE SA/ADR,0002083221,OTC
TIMB,TIM S.A.,0001826168,NYSE
MINBY,MINEBEA MITSUMI Inc.,0001034983,OTC
ALV,AUTOLIV INC,0001034670,NYSE
CUBE,CubeSmart,0001298675,NYSE
EAT,"BRINKER INTERNATIONAL, INC",0000703351,NYSE
ADC,AGREE REALTY CORP,0000917251,NYSE
PCVX,"Vaxcyte, Inc.",0001649094,NASDAQ
BRX,Brixmor Property Group Inc.,0001581068,NYSE
TTC,TORO CO,0000737758,NYSE
ESTC,Elastic N.V.,0001707753,NYSE
LEA,LEAR CORP,0000842162,NYSE
VBREY,Vibra Energia S.A./ADR,0001000377,OTC
QGEN,QIAGEN N.V.,0001015820,NYSE
ARE,"ALEXANDRIA REAL ESTATE EQUITIES, INC.",0001035443,NYSE
AAL,American Airlines Group Inc.,0000006201,NASDAQ
LPGCY,Laopu Gold Co. Ltd./ADR,0002068440,OTC
KMX,CARMAX INC,0001170010,NYSE
KTOS,"KRATOS DEFENSE & SECURITY SOLUTIONS, INC.",0001069258,NASDAQ
IBRX,"ImmunityBio, Inc.",0001326110,NASDAQ
REXR,"Rexford Industrial Realty, Inc.",0001571283,NYSE
LLYVA,"Liberty Live Holdings, Inc.",0002078416,NASDAQ
MHK,MOHAWK INDUSTRIES INC,0000851968,NYSE
KERCY,Keisei Electric Railway Co. Ltd/ADR,0002107989,OTC
WAL,WESTERN ALLIANCE BANCORPORATION,0001212545,NYSE
BVN,BUENAVENTURA MINING CO INC,0001013131,NYSE
GWKSY,GAMES WORKSHOP GROUP PLC/ADR,0002062522,OTC
PB,PROSPERITY BANCSHARES INC,0001068851,NYSE
AGCO,AGCO CORP /DE,0000880266,NYSE
RHP,"Ryman Hospitality Properties, Inc.",0001040829,NYSE
TWST,Twist Bioscience Corp,0001581280,NASDAQ
SNEX,StoneX Group Inc.,0000913760,NASDAQ
YMM,Full Truck Alliance Co. Ltd.,0001838413,NYSE
COLB,"COLUMBIA BANKING SYSTEM, INC.",0000887343,NASDAQ
WULF,TERAWULF INC.,0001083301,NASDAQ
FR,FIRST INDUSTRIAL REALTY TRUST INC,0000921825,NYSE
VIST,"Vista Energy, S.A.B. de C.V.",0001762506,NYSE
LNC,LINCOLN NATIONAL CORP,0000059558,NYSE
CBSH,COMMERCE BANCSHARES INC /MO/,0000022356,NASDAQ
NNN,"NNN REIT, INC.",0000751364,NYSE
CHRD,Chord Energy Corp,0001486159,NASDAQ
ESI,Element Solutions Inc,0001590714,NYSE
TGTX,"TG THERAPEUTICS, INC.",0001001316,NASDAQ
BOKF,BOK FINANCIAL CORP,0000875357,NASDAQ
ACM,AECOM,0000868857,NYSE
HESM,Hess Midstream LP,0001789832,NYSE
TKR,TIMKEN CO,0000098362,NYSE
KNSL,"Kinsale Capital Group, Inc.",0001669162,NYSE
UGI,UGI CORP /PA/,0000884614,NYSE
CHWY,"Chewy, Inc.",0001766502,NYSE
NEU,NEWMARKET CORP,0001282637,NYSE
BRKR,BRUKER CORP,0001109354,NASDAQ
AVT,AVNET INC,0000008858,NASDAQ
PCOR,"PROCORE TECHNOLOGIES, INC.",0001611052,NYSE
COMP,"Compass, Inc.",0001563190,NYSE
SYRE,"Spyre Therapeutics, Inc.",0001636282,NASDAQ
RIOT,"Riot Platforms, Inc.",0001167419,NASDAQ
MOS,MOSAIC CO,0001285785,NYSE
FIGR,"Figure Technology Solutions, Inc.",0002064124,NASDAQ
HQY,"HEALTHEQUITY, INC.",0001428336,NASDAQ
SARO,"StandardAero, Inc.",0002025410,NYSE
ATR,"APTARGROUP, INC.",0000896622,NYSE
SFD,SMITHFIELD FOODS INC,0000091388,NASDAQ
UGP,ULTRAPAR HOLDINGS INC,0001094972,NYSE
LAD,LITHIA MOTORS INC,0001023128,NYSE
THG,"HANOVER INSURANCE GROUP, INC.",0000944695,NYSE
IDA,IDACORP INC,0001057877,NYSE
AOS,SMITH A O CORP,0000091142,NYSE
GTLB,Gitlab Inc.,0001653482,NASDAQ
PCTY,Paylocity Holding Corp,0001591698,NASDAQ
STN,STANTEC INC,0001131383,NYSE
LEVI,LEVI STRAUSS & CO,0000094845,NYSE
DBX,"DROPBOX, INC.",0001467623,NASDAQ
IMVT,"Immunovant, Inc.",0001764013,NASDAQ
CBC,"Central Bancompany, Inc.",0002065601,NASDAQ
CEF,Sprott Physical Gold & Silver Trust,0001726122,NYSE
NFG,NATIONAL FUEL GAS CO,0000070145,NYSE
EMN,EASTMAN CHEMICAL CO,0000915389,NYSE
BROS,Dutch Bros Inc.,0001866581,NYSE
CAE,CAE INC,0001173382,NASDAQ
ALKS,Alkermes plc.,0001520262,NASDAQ
CWEN,"Clearway Energy, Inc.",0001567683,NYSE
ZWS,Zurn Elkay Water Solutions Corp,0001439288,NYSE
VLY,VALLEY NATIONAL BANCORP,0000714310,NASDAQ
GAP,GAP INC,0000039911,NYSE
MTDR,Matador Resources Co,0001520006,NYSE
ZETA,Zeta Global Holdings Corp.,0001851003,NYSE
APLD,Applied Digital Corp.,0001144879,NASDAQ
CNM,"Core & Main, Inc.",0001856525,NYSE
ZG,"ZILLOW GROUP, INC.",0001617640,NASDAQ
NOV,NOV Inc.,0001021860,NYSE
RAL,Ralliant Corp,0002041385,NYSE
SOBO,South Bow Corp,0002019061,NYSE
LUMN,"Lumen Technologies, Inc.",0000018926,NYSE
PRMB,Primo Brands Corp,0002042694,NYSE
VFS,VinFast Auto Ltd.,0001913510,NASDAQ
BZ,Kanzhun Ltd,0001842827,NASDAQ
KEX,KIRBY CORP,0000056047,NYSE
AVAV,AeroVironment Inc,0001368622,NASDAQ
SSRM,SSR MINING INC.,0000921638,NASDAQ
FAF,First American Financial Corp,0001472787,NYSE
AXTA,Axalta Coating Systems Ltd.,0001616862,NYSE
GGAL,GRUPO FINANCIERO GALICIA SA,0001114700,NASDAQ
APPF,APPFOLIO INC,0001433195,NASDAQ
SLAB,SILICON LABORATORIES INC.,0001038074,NASDAQ
LOTMY,Lottomatica Group S.p.A./ADR,0002041918,OTC
RYTM,"RHYTHM PHARMACEUTICALS, INC.",0001649904,NASDAQ
STAG,"STAG Industrial, Inc.",0001479094,NYSE
AUGO,Aura Minerals Inc.,0001468642,NASDAQ
TAP,MOLSON COORS BEVERAGE CO,0000024545,NYSE
OMF,"OneMain Holdings, Inc.",0001584207,NYSE
NE,Noble Corp plc,0001895262,NYSE
FLR,FLUOR CORP,0001124198,NYSE
HNGE,"Hinge Health, Inc.",0001673743,NYSE
PPC,PILGRIMS PRIDE CORP,0000802481,NASDAQ
PATH,"UiPath, Inc.",0001734722,NYSE
SHMXY,Shimadzu Corporation/ADR,0001648512,OTC
MORN,"Morningstar, Inc.",0001289419,NASDAQ
ACA,"Arcosa, Inc.",0001739445,NYSE
AXS,AXIS CAPITAL HOLDINGS LTD,0001214816,NYSE
BJGPY,"Beijing Geekplus Technology Co., Ltd./ADR",0002098425,OTC
TRNO,Terreno Realty Corp,0001476150,NYSE
MBLY,Mobileye Global Inc.,0001910139,NASDAQ
CIFR,Cipher Digital Inc.,0001819989,NASDAQ
BCHMY,Bachem Holding AG/ADR,0001968378,OTC
SSD,"Simpson Manufacturing Co., Inc.",0000920371,NYSE
PJT,PJT Partners Inc.,0001626115,NYSE
PACS,"PACS Group, Inc.",0002001184,NYSE
BTG,B2GOLD CORP,0001429937,NYSE
VNO,VORNADO REALTY TRUST,0000899689,NYSE
ESE,ESCO TECHNOLOGIES INC,0000866706,NYSE
MSA,MSA Safety Inc,0000066570,NYSE
BLTE,"BELITE BIO, INC",0001889109,NASDAQ
SGHC,Super Group (SGHC) Ltd,0001878057,NYSE
HXL,HEXCEL CORP /DE/,0000717605,NYSE
TFPM,Triple Flag Precious Metals Corp.,0001829726,NYSE
TEX,TEREX CORP,0000097216,NYSE
MAAS,Maase Inc.,0001750264,NASDAQ
FSS,FEDERAL SIGNAL CORP /DE/,0000277509,NYSE
PDI,PIMCO Dynamic Income Fund,0001510599,NYSE
SFGYY,Sony Financial Group Inc./ADR,0002084022,OTC
CAI,"Caris Life Sciences, Inc.",0002019410,NASDAQ
CAMT,CAMTEK LTD,0001109138,NASDAQ
AWI,ARMSTRONG WORLD INDUSTRIES INC,0000007431,NYSE
CELH,"Celsius Holdings, Inc.",0001341766,NASDAQ
MATX,"Matson, Inc.",0000003453,NYSE
CAG,CONAGRA BRANDS INC.,0000023217,NYSE
CLF,CLEVELAND-CLIFFS INC.,0000764065,NYSE
MXL,"MAXLINEAR, INC",0001288469,NASDAQ
S,"SentinelOne, Inc.",0001583708,NYSE
NCLH,Norwegian Cruise Line Holdings Ltd.,0001513761,NYSE
ACT,"Enact Holdings, Inc.",0001823529,NASDAQ
SEI,"Solaris Energy Infrastructure, Inc.",0001697500,NYSE
OKLO,Oklo Inc.,0001849056,NYSE
AN,"AUTONATION, INC.",0000350698,NYSE
PLXS,PLEXUS CORP,0000785786,NASDAQ
ALGM,"ALLEGRO MICROSYSTEMS, INC.",0000866291,NASDAQ
SFM,"Sprouts Farmers Market, Inc.",0001575515,NASDAQ
VCTR,"Victory Capital Holdings, Inc.",0001570827,NASDAQ
SRRK,Scholar Rock Holding Corp,0001727196,NASDAQ
TTD,"Trade Desk, Inc.",0001671933,NASDAQ
URBN,URBAN OUTFITTERS INC,0000912615,NASDAQ
ESYJY,easyJet plc,0001470419,OTC
CHE,CHEMED CORP,0000019584,NYSE
ETSY,ETSY INC,0001370637,NYSE
MGY,Magnolia Oil & Gas Corp,0001698990,NYSE
OR,OR Royalties Inc.,0001627272,NYSE
DUOL,"Duolingo, Inc.",0001562088,NASDAQ
MAC,MACERICH CO,0000912242,NYSE
LB,LandBridge Co LLC,0001995807,NYSE
OGC,OceanaGold Corp,0001487326,NYSE
NXE,NexGen Energy Ltd.,0001698535,NYSE
AAON,"AAON, INC.",0000824142,NASDAQ
POWL,POWELL INDUSTRIES INC,0000080420,NASDAQ
GTES,Gates Industrial Corp Ltd.,0001718512,NYSE
HR,Healthcare Realty Trust Inc,0001360604,NYSE
LNTH,"Lantheus Holdings, Inc.",0001521036,NASDAQ
ARSTY,Ariston Holding N.V./ADR,0002044984,OTC
WEX,WEX Inc.,0001309108,NYSE
TAL,TAL Education Group,0001499620,NYSE
LW,"Lamb Weston Holdings, Inc.",0001679273,NYSE
BLDR,"Builders FirstSource, Inc.",0001316835,NYSE
CAVA,"CAVA GROUP, INC.",0001639438,NYSE
FNB,FNB CORP/PA/,0000037808,NYSE
PAGP,PLAINS GP HOLDINGS LP,0001581990,NASDAQ
MBGL,Mobility Global Inc.,0002090312,NYSE
ENS,EnerSys,0001289308,NYSE
RSI,"Rush Street Interactive, Inc.",0001793659,NYSE
KGS,"Kodiak Gas Services, Inc.",0001767042,NYSE
DSGX,DESCARTES SYSTEMS GROUP INC,0001050140,NASDAQ
FNMA,FEDERAL NATIONAL MORTGAGE ASSOCIATION FANNIE MAE,0000310522,OTC
UBSI,UNITED BANKSHARES INC/WV,0000729986,NASDAQ
CGON,"CG Oncology, Inc.",0001991792,NASDAQ
DPC,DPC Holdings PLC,0002107018,NYSE
DOX,AMDOCS LTD,0001062579,NASDAQ
MIRM,"Mirum Pharmaceuticals, Inc.",0001759425,NASDAQ
BILI,Bilibili Inc.,0001723690,NASDAQ
AVAL,Grupo Aval Acciones Y Valores S.A.,0001504764,NYSE
NPO,Enpro Inc.,0001164863,NYSE
HIMS,"Hims & Hers Health, Inc.",0001773751,NYSE
WFRD,Weatherford International plc,0001603923,NASDAQ
MTG,MGIC INVESTMENT CORP,0000876437,NYSE
MMED,"MiniMed Group, Inc.",0002062583,NASDAQ
RIG,Transocean Ltd.,0001451505,NYSE
ST,Sensata Technologies Holding plc,0001477294,NYSE
JOBY,"Joby Aviation, Inc.",0001819848,NYSE
INGR,Ingredion Inc,0001046257,NYSE
MBSHY,"Mitsubishi Gas Chemical Company, Inc./ADR",0002079706,OTC
INGM,Ingram Micro Holding Corp,0001897762,NYSE
STEP,StepStone Group Inc.,0001796022,NASDAQ
CPB,CAMPBELL'S Co,0000016732,NASDAQ
TVTX,"Travere Therapeutics, Inc.",0001438533,NASDAQ
CACC,CREDIT ACCEPTANCE CORP,0000885550,NASDAQ
POOL,POOL CORP,0000945841,NASDAQ
SWX,"Southwest Gas Holdings, Inc.",0001692115,NYSE
GATX,GATX CORP,0000040211,NYSE
CIG,ENERGY CO OF MINAS GERAIS,0001157557,NYSE
GLBE,Global-E Online Ltd.,0001835963,NASDAQ
EPRT,"ESSENTIAL PROPERTIES REALTY TRUST, INC.",0001728951,NYSE
QBTS,D-Wave Quantum Inc.,0001907982,NASDAQ
ANF,ABERCROMBIE & FITCH CO /DE/,0001018840,NYSE
LOAR,Loar Holdings Inc.,0002000178,NYSE
ESNT,Essent Group Ltd.,0001448893,NYSE
GDS,GDS Holdings Ltd,0001526125,NASDAQ
ORKA,"Oruka Therapeutics, Inc.",0000907654,NASDAQ
VSXY,Victoria's Secret & Co.,0001856437,NYSE
RYN,RAYONIER INC,0000052827,NYSE
LKQ,LKQ CORP,0001065696,NASDAQ
ECG,"Everus Construction Group, Inc.",0002015845,NYSE
BLCO,Bausch & Lomb Corp,0001860742,NYSE
TBBB,BBB FOODS INC,0001978954,NYSE
EPAM,"EPAM Systems, Inc.",0001352010,NYSE
LQDA,Liquidia Corp,0001819576,NASDAQ
ERELY,Eregli Demir ve Celik Fabrikalari TAS/ADR,0001454144,OTC
CZR,"Caesars Entertainment, Inc.",0001590895,NASDAQ
HWC,HANCOCK WHITNEY CORP,0000750577,NASDAQ
SLFPY,STANDARD LIFE PLC,0001370418,OTC
ENIC,Enel Chile S.A.,0001659939,NYSE
PL,Planet Labs PBC,0001836833,NYSE
ANDG,Andersen Group Inc.,0002065708,NYSE
CRUS,"CIRRUS LOGIC, INC.",0000772406,NASDAQ
DNTH,"Dianthus Therapeutics, Inc. /DE/",0001690585,NASDAQ
IFS,Intercorp Financial Services Inc.,0001615903,NYSE
DLB,"Dolby Laboratories, Inc.",0001308547,NYSE
KNSA,"Kiniksa Pharmaceuticals International, plc",0001730430,NASDAQ
GBCI,"GLACIER BANCORP, INC.",0000868671,NYSE
FSV,FirstService Corp,0001637810,NASDAQ
HOMB,HOME BANCSHARES INC,0001331520,NYSE
NTSK,Netskope Inc,0002063196,NASDAQ
TXNM,TXNM ENERGY INC,0001108426,NYSE
PEGA,PEGASYSTEMS INC,0001013857,NASDAQ
STWD,"STARWOOD PROPERTY TRUST, INC.",0001465128,NYSE
VIPS,Vipshop Holdings Ltd,0001529192,NYSE
SNDR,"Schneider National, Inc.",0001692063,NYSE
AMRX,"Amneal Pharmaceuticals, Inc.",0001723128,NASDAQ
RDNT,"RadNet, Inc.",0000790526,NASDAQ
JBTM,JBT MAREL Corp,0001433660,NYSE
G,Genpact LTD,0001398659,NYSE
VAL,Valaris Ltd,0000314808,NYSE
ORA,"ORMAT TECHNOLOGIES, INC.",0001296445,NYSE
ACI,"Albertsons Companies, Inc.",0001646972,NYSE
CHDN,Churchill Downs Inc,0000020212,NASDAQ
COGT,"Cogent Biosciences, Inc.",0001622229,NASDAQ
LSTR,LANDSTAR SYSTEM INC,0000853816,NASDAQ
AGX,ARGAN INC,0000100591,NYSE
BGC,"BGC Group, Inc.",0001094831,NASDAQ
RNG,"RingCentral, Inc.",0001384905,NYSE
CORZ,"Core Scientific, Inc./tx",0001839341,NASDAQ
STVN,Stevanato Group S.p.A.,0001849853,NYSE
YOU,"Clear Secure, Inc.",0001856314,NYSE
NICE,NICE Ltd.,0001003935,NASDAQ
ELF,"e.l.f. Beauty, Inc.",0001600033,NYSE
MKTX,MARKETAXESS HOLDINGS INC,0001278021,NASDAQ
CRGY,Crescent Energy Co,0001866175,NYSE
AROC,"Archrock, Inc.",0001389050,NYSE
BEPC,Brookfield Renewable Corp,0001791863,NYSE
XENE,Xenon Pharmaceuticals Inc.,0001582313,NASDAQ
LYFT,"Lyft, Inc.",0001759509,NASDAQ
LGND,LIGAND PHARMACEUTICALS INC,0000886163,NASDAQ
EXP,EAGLE MATERIALS INC,0000918646,NYSE
CWST,CASELLA WASTE SYSTEMS INC,0000911177,NASDAQ
BXSL,Blackstone Secured Lending Fund,0001736035,NYSE
RRR,"Red Rock Resorts, Inc.",0001653653,NASDAQ
POR,PORTLAND GENERAL ELECTRIC CO /OR/,0000784977,NYSE
ABCB,Ameris Bancorp,0000351569,NYSE
AUB,Atlantic Union Bankshares Corp,0000883948,NYSE
ASB,ASSOCIATED BANC-CORP,0000007789,NYSE
RUSHA,RUSH ENTERPRISES INC \TX\,0001012019,NASDAQ
ERAS,"Erasca, Inc.",0001761918,NASDAQ
BYD,BOYD GAMING CORP,0000906553,NYSE
CMBT,CMB.TECH NV,0001604481,NYSE
ROAD,"Construction Partners, Inc.",0001718227,NASDAQ
M,"Macy's, Inc.",0000794367,NYSE
FTDR,"Frontdoor, Inc.",0001727263,NASDAQ
OTEX,OPEN TEXT CORP,0001002638,NASDAQ
NOVT,NOVANTA INC,0001076930,NASDAQ
RLI,RLI CORP,0000084246,NYSE
PTCT,"PTC THERAPEUTICS, INC.",0001070081,NASDAQ
ENVA,"Enova International, Inc.",0001529864,NYSE
HRB,H&R BLOCK INC,0000012659,NYSE
MUR,MURPHY OIL CORP,0000717423,NYSE
TFX,TELEFLEX INC,0000096943,NYSE
OBDC,Blue Owl Capital Corp,0001655888,NYSE
IBP,"Installed Building Products, Inc.",0001580905,NYSE
VSEC,VSE CORP,0000102752,NASDAQ
SXT,SENSIENT TECHNOLOGIES CORP,0000310142,NYSE
FLG,"FLAGSTAR BANK, NATIONAL ASSOCIATION",0000910073,NYSE
PI,IMPINJ INC,0001114995,NASDAQ
BKH,BLACK HILLS CORP /SD/,0001130464,NYSE
CVLT,COMMVAULT SYSTEMS INC,0001169561,NASDAQ
BBUC,Brookfield Business Corp,0001654795,NYSE
RITM,Rithm Capital Corp.,0001556593,NYSE
SAIC,Science Applications International Corp,0001571123,NASDAQ
PECO,"Phillips Edison & Company, Inc.",0001476204,NASDAQ
NJR,NEW JERSEY RESOURCES CORP,0000356309,NYSE
SIGI,SELECTIVE INSURANCE GROUP INC,0000230557,NASDAQ
VIRT,"Virtu Financial, Inc.",0001592386,NYSE
PIPR,PIPER SANDLER COMPANIES,0001230245,NYSE
MTRN,MATERION Corp,0001104657,NYSE
WFG,"WEST FRASER TIMBER CO., LTD",0001402388,NYSE
CROX,"Crocs, Inc.",0001334036,NASDAQ
GLNG,GOLAR LNG LTD,0001207179,NASDAQ
WPP,WPP plc,0000806968,NYSE
OZK,Bank OZK,0001569650,NASDAQ
EXLS,"ExlService Holdings, Inc.",0001297989,NASDAQ
CNX,CNX Resources Corp,0001070412,NYSE
HLNE,Hamilton Lane INC,0001433642,NASDAQ
KRG,KITE REALTY GROUP TRUST,0001286043,NYSE
CPA,"Copa Holdings, S.A.",0001345105,NYSE
TTAN,"ServiceTitan, Inc.",0001638826,NASDAQ
BTDPY,Barratt Developments PLC/ADR,0001516324,OTC
KLAR,Klarna Group plc,0002003292,NYSE
BCPC,BALCHEM CORP,0000009326,NASDAQ
BLSH,Bullish,0001872195,NYSE
ACIW,"ACI WORLDWIDE, INC.",0000935036,NASDAQ
AX,"Axos Financial, Inc.",0001299709,NYSE
SBRA,"Sabra Health Care REIT, Inc.",0001492298,NASDAQ
MAIN,Main Street Capital CORP,0001396440,NYSE
DFTX,"Definium Therapeutics, Inc.",0001813814,NASDAQ
SHC,Sotera Health Co,0001822479,NASDAQ
GVA,GRANITE CONSTRUCTION INC,0000861459,NYSE
QLYS,"QUALYS, INC.",0001107843,NASDAQ
MWH,"SOLV Energy, Inc.",0002065636,NASDAQ
GXO,"GXO Logistics, Inc.",0001852244,NYSE
PRM,"Perimeter Solutions, Inc.",0001880319,NYSE
GOSS,"Gossamer Bio, Inc.",0001728117,NASDAQ
NXST,"NEXSTAR MEDIA GROUP, INC.",0001142417,NASDAQ
PSMT,PRICESMART INC,0001041803,NASDAQ
GRFS,Grifols SA,0001438569,NASDAQ
NAVN,"Navan, Inc.",0001639723,NASDAQ
UEC,URANIUM ENERGY CORP,0001334933,NYSE
HCC,"WARRIOR MET COAL, INC.",0001691303,NYSE
NIQ,NIQ Global Intelligence plc,0002054696,NYSE
WH,"WYNDHAM HOTELS & RESORTS, INC.",0001722684,NYSE
GTX,Garrett Motion Inc.,0001735707,NASDAQ
BETA,"BETA Technologies, Inc.",0001784570,NYSE
MMSI,MERIT MEDICAL SYSTEMS INC,0000856982,NASDAQ
TKMTY,"Tokyo Metro Co., Ltd./ADR",0002044863,OTC
VFC,V F CORP,0000103379,NYSE
VRNS,VARONIS SYSTEMS INC,0001361113,NASDAQ
VSNT,"Versant Media Group, Inc.",0002067876,NASDAQ
VSH,VISHAY INTERTECHNOLOGY INC,0000103730,NYSE
SPHR,Sphere Entertainment Co.,0001795250,NYSE
BIRK,Birkenstock Holding plc,0001977102,NYSE
JMKE,Jersey Mike's Subs Inc.,0002127043,NYSE
ADT,ADT Inc.,0001703056,NYSE
INSW,"International Seaways, Inc.",0001679049,NYSE
CNO,"CNO Financial Group, Inc.",0001224608,NYSE
RGTI,"Rigetti Computing, Inc.",0001838359,NASDAQ
CVI,CVR ENERGY INC,0001376139,NYSE
OII,OCEANEERING INTERNATIONAL INC,0000073756,NYSE
ACMR,"ACM Research, Inc.",0001680062,NASDAQ
CE,Celanese Corp,0001306830,NYSE
FND,"Floor & Decor Holdings, Inc.",0001507079,NYSE
CAKE,CHEESECAKE FACTORY INC,0000887596,NASDAQ
CRSP,CRISPR Therapeutics AG,0001674416,NASDAQ
AIR,AAR CORP,0000001750,NYSE
CRC,California Resources Corp,0001609253,NYSE
OUT,OUTFRONT Media Inc.,0001579877,NYSE
GOLF,Acushnet Holdings Corp.,0001672013,NYSE
MTN,VAIL RESORTS INC,0000812011,NYSE
IRDM,Iridium Communications Inc.,0001418819,NASDAQ
CLMT,"Calumet, Inc. /DE",0002013745,NASDAQ
LFST,"LifeStance Health Group, Inc.",0001845257,NASDAQ
UNF,UNIFIRST CORP,0000717954,NYSE
IEP,ICAHN ENTERPRISES L.P.,0000813762,NASDAQ
XMTR,"Xometry, Inc.",0001657573,NASDAQ
BULL,Webull Corp,0001866364,NASDAQ
GBTG,"Global Business Travel Group, Inc.",0001820872,NYSE
LAUR,"LAUREATE EDUCATION, INC.",0000912766,NASDAQ
EBC,"Eastern Bankshares, Inc.",0001810546,NASDAQ
PTEN,PATTERSON UTI ENERGY INC,0000889900,NASDAQ
MIDD,MIDDLEBY Corp,0000769520,NASDAQ
MRP,"Millrose Properties, Inc.",0002017206,NYSE
BMA,Macro Bank Inc.,0001347426,NYSE
ZGN,Ermenegildo Zegna N.V.,0001877787,NYSE
WTM,WHITE MOUNTAINS INSURANCE GROUP LTD,0000776867,NYSE
OTF,Blue Owl Technology Finance Corp.,0001747777,NYSE
SLM,SLM Corp,0001032033,NASDAQ
FLIDY,FLSMIDTH & CO. A/S,0001433087,OTC
MRCY,MERCURY SYSTEMS INC,0001049521,NASDAQ
OGS,"ONE Gas, Inc.",0001587732,NYSE
OBOCY,Ottobock SE & Co. KGaA/ADR,0002094691,OTC
CSW,"CSW INDUSTRIALS, INC.",0001624794,NYSE
WHD,"Cactus, Inc.",0001699136,NYSE
FBIN,"Fortune Brands Innovations, Inc.",0001519751,NYSE
ENPH,"Enphase Energy, Inc.",0001463101,NASDAQ
KVYO,"Klaviyo, Inc.",0001835830,NYSE
CNR,"Core Natural Resources, Inc.",0001710366,NYSE
GNTX,GENTEX CORP,0000355811,NASDAQ
HASI,"HA Sustainable Infrastructure Capital, Inc.",0001561894,NYSE
EWTX,"Edgewise Therapeutics, Inc.",0001710072,NASDAQ
PSN,PARSONS CORP,0000275880,NYSE
ACAD,ACADIA PHARMACEUTICALS INC,0001070494,NASDAQ
MEOH,METHANEX CORP,0000886977,NASDAQ
GHC,Graham Holdings Co,0000104889,NYSE
BDC,BELDEN INC.,0000913142,NYSE
NSIT,INSIGHT ENTERPRISES INC,0000932696,NASDAQ
SR,SPIRE INC,0001126956,NYSE
RMVEY,Rightmove PLC/ADR,0001516536,OTC
TFSL,TFS Financial CORP,0001381668,NASDAQ
RDN,RADIAN GROUP INC,0000890926,NYSE
CIGI,Colliers International Group Inc.,0000913353,NASDAQ
BUHPY,Bumrungrad Hospital Public Co Limited/ADR,0001547870,OTC
FFIN,FIRST FINANCIAL BANKSHARES INC,0000036029,NASDAQ
OMAB,Central North Airport Group,0001378239,NASDAQ
AMTM,"Amentum Holdings, Inc.",0002011286,NYSE
HRI,HERC HOLDINGS INC,0001364479,NYSE
OCTV,Octave Intelligence plc,0002083632,NASDAQ
SON,SONOCO PRODUCTS CO,0000091767,NYSE
GEF,"GREIF, INC",0000043920,NYSE
MC,Moelis & Co,0001596967,NYSE
MMYT,MakeMyTrip Ltd,0001495153,NASDAQ
LPX,LOUISIANA-PACIFIC CORP,0000060519,NYSE
RKGRY,RENK Group AG/ADR,0002093907,OTC
RELY,"Remitly Global, Inc.",0001782170,NASDAQ
VEON,VEON Ltd.,0001468091,NASDAQ
TPC,TUTOR PERINI CORP,0000077543,NYSE
HAFN,Hafnia Ltd,0001815779,NYSE
TKC,TURKCELL ILETISIM HIZMETLERI A S,0001071321,NYSE
BLLN,"BillionToOne, Inc.",0002070849,NASDAQ
MDA,MDA Space Ltd.,0001857047,NYSE
HAE,HAEMONETICS CORP,0000313143,NYSE
BOX,BOX INC,0001372612,NYSE
PAM,Pampa Energy Inc.,0001469395,NYSE
KRMN,Karman Holdings Inc.,0002040127,NYSE
SFBS,"ServisFirst Bancshares, Inc.",0001430723,NYSE
CUZ,COUSINS PROPERTIES INC,0000025232,NYSE
CECO,CECO ENVIRONMENTAL CORP,0000003197,NASDAQ
HGTY,"Hagerty, Inc.",0001840776,NYSE
MARA,"MARA Holdings, Inc.",0001507605,NASDAQ
EQPT,EquipmentShare.com Inc,0001693736,NASDAQ
DK,"Delek US Holdings, Inc.",0001694426,NYSE
BC,BRUNSWICK CORP,0000014930,NYSE
ALK,"ALASKA AIR GROUP, INC.",0000766421,NYSE
TDW,TIDEWATER INC,0000098222,NYSE
BCO,BRINKS CO,0000078890,NYSE
PBLS,"Parabilis Medicines, Inc.",0001657677,NASDAQ
TREX,TREX CO INC,0001069878,NYSE
REYN,Reynolds Consumer Products Inc.,0001786431,NASDAQ
KBR,"KBR, INC.",0001357615,NYSE
NWSGY,CTF Services Ltd,0001449664,OTC
DOCS,"Doximity, Inc.",0001516513,NYSE
FRVO,Fervo Energy Co,0001853868,NASDAQ
PAY,"Paymentus Holdings, Inc.",0001841156,NYSE
MYRG,MYR GROUP INC.,0000700923,NASDAQ
DAVE,Dave Inc./DE,0001841408,NASDAQ
CHEF,"Chefs' Warehouse, Inc.",0001517175,NASDAQ
NNI,NELNET INC,0001258602,NYSE
BIPC,Brookfield Infrastructure Corp,0001788348,NYSE
ALM,Almonty Industries Inc.,0001670061,NASDAQ
EPR,EPR PROPERTIES,0001045450,NYSE
SKY,"Champion Homes, Inc.",0000090896,NYSE
ATAT,Atour Lifestyle Holdings Ltd,0001853717,NASDAQ
FULT,FULTON FINANCIAL CORP,0000700564,NASDAQ
WAY,Waystar Holding Corp.,0001990354,NASDAQ
KLIC,KULICKE & SOFFA INDUSTRIES INC,0000056978,NASDAQ
MBRFY,MARFRIG GLOBAL FOODS S.A.,0001496919,OTC
CHH,CHOICE HOTELS INTERNATIONAL INC /DE,0001046311,NYSE
TGS,GAS TRANSPORTER OF THE SOUTH INC,0000931427,NYSE
BB,BLACKBERRY Ltd,0001070235,NYSE
FHI,"FEDERATED HERMES, INC.",0001056288,NYSE
CON,"Concentra Group Holdings Parent, Inc.",0002014596,NYSE
UFPI,UFP INDUSTRIES INC,0000912767,NASDAQ
GFF,GRIFFON CORP,0000050725,NYSE
IBOC,INTERNATIONAL BANCSHARES CORP,0000315709,NASDAQ
HP,"Helmerich & Payne, Inc.",0000046765,NYSE
ESAB,ESAB Corp,0001877322,NYSE
AMVOY,AUMOVIO SE,0002085236,OTC
CGAU,Centerra Gold Inc.,0001854640,NYSE
DIOD,DIODES INC /DEL/,0000029002,NASDAQ
OLLI,"Ollie's Bargain Outlet Holdings, Inc.",0001639300,NASDAQ
CENX,CENTURY ALUMINUM CO,0000949157,NASDAQ
DLO,dLocal Ltd,0001846832,NASDAQ
CAR,"AVIS BUDGET GROUP, INC.",0000723612,NASDAQ
SKT,TANGER INC.,0000899715,NYSE
VNT,Vontier Corp,0001786842,NYSE
ADOOY,Adaro Energy PT/ADR/,0001489079,OTC
BOOT,"Boot Barn Holdings, Inc.",0001610250,NYSE
BNL,"Broadstone Net Lease, Inc.",0001424182,NYSE
DOO,BRP Inc.,0001748797,NASDAQ
CRK,COMSTOCK RESOURCES INC,0000023194,NYSE
EE,"Excelerate Energy, Inc.",0001888447,NYSE
FELE,FRANKLIN ELECTRIC CO INC,0000038725,NASDAQ
OPLN,"OPENLANE, Inc.",0001395942,NYSE
AXTI,AXT INC,0001051627,NASDAQ
TDS,TELEPHONE & DATA SYSTEMS INC /DE/,0001051512,NYSE
HTFL,"Heartflow, Inc.",0001464521,NASDAQ
ARX,Accelerant Holdings,0001997350,NYSE
TCBI,TEXAS CAPITAL BANCSHARES INC/TX,0001077428,NASDAQ
ACHR,Archer Aviation Inc.,0001824502,NYSE
NP,Neptune Insurance Holdings Inc.,0002067129,NYSE
XE,"X-Energy, Inc.",0002088896,NASDAQ
ITGR,Integer Holdings Corp,0001114483,NYSE
ALH,Alliance Laundry Holdings Inc.,0001317685,NYSE
LIVN,LivaNova PLC,0001639691,NASDAQ
NWE,"NorthWestern Energy Group, Inc.",0001993004,NASDAQ
CVSA,Covista Inc.,0000730464,NYSE
KFY,KORN FERRY,0000056679,NYSE
PARR,"PAR PACIFIC HOLDINGS, INC.",0000821483,NYSE
UCB,UNITED COMMUNITY BANKS INC,0000857855,NYSE
FBP,FIRST BANCORP /PR/,0001057706,NYSE
COLD,AMERICOLD REALTY TRUST,0001455863,NYSE
SUNC,SunocoCorp LLC,0002089661,NYSE
STNG,Scorpio Tankers Inc.,0001483934,NYSE
MTH,Meritage Homes CORP,0000833079,NYSE
MANE,"Veradermics, Inc",0001827635,NYSE
RLAY,"Relay Therapeutics, Inc.",0001812364,NASDAQ
GEO,GEO GROUP INC,0000923796,NYSE
CATY,CATHAY GENERAL BANCORP,0000861842,NASDAQ
ONDS,Ondas Inc.,0001646188,NASDAQ
AZZ,AZZ INC,0000008947,NYSE
IFHLY,Inficon Holding AG/ADR,0002035057,OTC
CELC,Celcuity Inc.,0001603454,NASDAQ
KRC,KILROY REALTY CORP,0001025996,NYSE
TNGX,"Tango Therapeutics, Inc.",0001819133,NASDAQ
CBT,CABOT CORP,0000016040,NYSE
SEB,SEABOARD CORP /DE/,0000088121,NYSE
PRIM,Primoris Services Corp,0001361538,NYSE
BFH,"BREAD FINANCIAL HOLDINGS, INC.",0001101215,NYSE
WSFS,WSFS FINANCIAL CORP,0000828944,NASDAQ
ITRI,"ITRON, INC.",0000780571,NASDAQ
SLGN,SILGAN HOLDINGS INC,0000849869,NYSE
TNL,Travel & Leisure Co.,0001361658,NYSE
CDP,COPT DEFENSE PROPERTIES,0000860546,NYSE
BRC,BRADY CORP,0000746598,NYSE
FCN,"FTI CONSULTING, INC",0000887936,NYSE
MIAX,"MIAMI INTERNATIONAL HOLDINGS, INC.",0001438472,NYSE
CCC,CCC Intelligent Solutions Holdings Inc.,0001818201,NASDAQ
AQN,ALGONQUIN POWER & UTILITIES CORP.,0001174169,NYSE
INDV,"Indivior Pharmaceuticals, Inc.",0001625297,NASDAQ
SITE,"SiteOne Landscape Supply, Inc.",0001650729,NYSE
NVST,Envista Holdings Corp,0001757073,NYSE
CVCO,"CAVCO INDUSTRIES, INC.",0000278166,NASDAQ
SLG,SL GREEN REALTY CORP,0001040971,NYSE
CNK,"Cinemark Holdings, Inc.",0001385280,NYSE
BILL,"BILL Holdings, Inc.",0001786352,NYSE
SIM,"GRUPO SIMEC, S.A.B. de C.V.",0000887153,NYSE
MDU,MDU RESOURCES GROUP INC,0000067716,NYSE
WBI,WaterBridge Infrastructure LLC,0002064947,NYSE
USAC,"USA Compression Partners, LP",0001522727,NYSE
NGXXF,NGEx Minerals Ltd.,0002044153,OTC
ARIS,Aris Mining Corp,0001964504,NYSE
DNP,DNP SELECT INCOME FUND INC,0000806628,NYSE
PTRN,Pattern Group Inc.,0001811935,NASDAQ
SEZL,Sezzle Inc.,0001662991,NASDAQ
ELVN,"Enliven Therapeutics, Inc.",0001672619,NASDAQ
MIR,"Mirion Technologies, Inc.",0001809987,NYSE
AYA,Aya Gold & Silver Inc.,0001826836,NASDAQ
LAZ,"Lazard, Inc.",0001311370,NYSE
GNW,GENWORTH FINANCIAL INC,0001276520,NYSE
CAAP,CORPORACION AMERICA AIRPORTS S.A.,0001717393,NYSE
MAT,MATTEL INC /DE/,0000063276,NASDAQ
SKE,Skeena Resources Ltd,0001713748,NYSE
CVBF,CVB FINANCIAL CORP,0000354647,NASDAQ
LOPE,"Grand Canyon Education, Inc.",0001434588,NASDAQ
IOVA,"IOVANCE BIOTHERAPEUTICS, INC.",0001425205,NASDAQ
VVV,VALVOLINE INC,0001674910,NYSE
INDB,INDEPENDENT BANK CORP,0000776901,NASDAQ
WK,WORKIVA INC,0001445305,NYSE
ICUI,ICU MEDICAL INC/DE,0000883984,NASDAQ
CNS,"COHEN & STEERS, INC.",0001284812,NYSE
SYNA,SYNAPTICS Inc,0000817720,NASDAQ
AWATY,Air Water Inc./ADR,0002092258,OTC
HPHTY,Hamamatsu Photonics K.K./ADR,0001600928,OTC
PLNT,"Planet Fitness, Inc.",0001637207,NYSE
RHI,ROBERT HALF INC.,0000315213,NYSE
LIFE,Ethos Technologies Inc.,0001788451,NASDAQ
ADPT,Adaptive Biotechnologies Corp,0001478320,NASDAQ
OLED,UNIVERSAL DISPLAY CORP \PA\,0001005284,NASDAQ
WSBC,WESBANCO INC,0000203596,NASDAQ
UWMC,UWM Holdings Corp,0001783398,NYSE
USAR,"USA Rare Earth, Inc.",0001970622,NASDAQ
TLX,Telix Pharmaceuticals Ltd,0002007191,NASDAQ
AKO-A,ANDINA BOTTLING CO INC,0000925261,NYSE
LMND,"Lemonade, Inc.",0001691421,NYSE
SRAD,Sportradar Group AG,0001836470,NASDAQ
SIG,SIGNET JEWELERS LTD,0000832988,NYSE
TAC,TRANSALTA CORP,0001144800,NYSE
NEXHY,"Nippon Express Holdings, Inc./ADR",0001985406,OTC
GPGI,"GPGI, Inc.",0001823144,NYSE
AVNT,AVIENT CORP,0001122976,NYSE
THO,THOR INDUSTRIES INC,0000730263,NYSE
JOYY,JOYY Inc.,0001530238,NASDAQ
QTWO,"Q2 Holdings, Inc.",0001410384,NYSE
IOND,Ionic Digital Inc.,0002007691,NASDAQ
DORM,"Dorman Products, Inc.",0000868780,NASDAQ
BWLP,BW LPG Ltd,0001649313,NYSE
MTLMY,Metallium Limited/ADR,0002091028,OTC
MWA,"Mueller Water Products, Inc.",0001350593,NYSE
SMGSY,SMG Swiss Marketplace Group AG/ADR,0002093227,OTC
VKTX,"Viking Therapeutics, Inc.",0001607678,NASDAQ
SKYW,SKYWEST INC,0000793733,NASDAQ
ABG,ASBURY AUTOMOTIVE GROUP INC,0001144980,NYSE
JOE,ST JOE Co,0000745308,NYSE
RNST,RENASANT CORP,0000715072,NYSE
BANF,BANCFIRST CORP /OK/,0000760498,NASDAQ
ERO,Ero Copper Corp.,0001853860,NYSE
BBWI,"Bath & Body Works, Inc.",0000701985,NYSE
APLE,"Apple Hospitality REIT, Inc.",0001418121,NYSE
OTTR,Otter Tail Corp,0001466593,NASDAQ
MSGE,Madison Square Garden Entertainment Corp.,0001952073,NYSE
IRT,"INDEPENDENCE REALTY TRUST, INC.",0001466085,NYSE
ATMU,Atmus Filtration Technologies Inc.,0001921963,NYSE
IRTC,"iRhythm Holdings, Inc.",0001388658,NASDAQ
PLSE,"PULSE BIOSCIENCES, INC.",0001625101,NASDAQ
HHH,Howard Hughes Holdings Inc.,0001981792,NYSE
PFSI,"PennyMac Financial Services, Inc.",0001745916,NYSE
LEGN,Legend Biotech Corp,0001801198,NASDAQ
KTB,"Kontoor Brands, Inc.",0001760965,NYSE
MNDY,monday.com Ltd.,0001845338,NASDAQ
IDYA,"IDEAYA Biosciences, Inc.",0001676725,NASDAQ
BMI,BADGER METER INC,0000009092,NYSE
FSLY,"Fastly, Inc.",0001517413,NASDAQ
POST,"Post Holdings, Inc.",0001530950,NYSE
WT,"WisdomTree, Inc.",0000880631,NYSE
FA,FIRST ADVANTAGE CORP,0001210677,NASDAQ
SMR,NUSCALE POWER Corp,0001822966,NYSE
LXP,LXP Industrial Trust,0000910108,NYSE
OGN,Organon & Co.,0001821825,NYSE
FOUR,"Shift4 Payments, Inc.",0001794669,NYSE
FLY,Firefly Aerospace Inc.,0001860160,NASDAQ
TRMD,TORM plc,0001655891,NASDAQ
NIC,NICOLET BANKSHARES INC,0001174850,NYSE
ACLS,AXCELIS TECHNOLOGIES INC,0001113232,NASDAQ
VAC,MARRIOTT VACATIONS WORLDWIDE Corp,0001524358,NYSE
AMLX,"Amylyx Pharmaceuticals, Inc.",0001658551,NASDAQ
CSTM,CONSTELLIUM SE,0001563411,NYSE
IPAR,INTERPARFUMS INC,0000822663,NASDAQ
ZIM,ZIM Integrated Shipping Services Ltd.,0001654126,NYSE
PLMR,"Palomar Holdings, Inc.",0001761312,NASDAQ
FSM,FORTUNA MINING CORP.,0001341335,NYSE
MHO,"M/I HOMES, INC.",0000799292,NYSE
LBTYA,Liberty Global Ltd.,0001570585,NASDAQ
RUM,RUM Group Inc.,0001830081,NASDAQ
FIBK,FIRST INTERSTATE BANCSYSTEM INC,0000860413,NASDAQ
OPCH,"Option Care Health, Inc.",0001014739,NASDAQ
FRMI,Fermi Inc.,0002071778,NASDAQ
NMRK,"NEWMARK GROUP, INC.",0001690680,NASDAQ
DHT,"DHT Holdings, Inc.",0001331284,NYSE
CLSK,"CLEANSPARK, INC.",0000827876,NASDAQ
NHC,NATIONAL HEALTHCARE CORP,0001047335,NYSE
BATRA,"Atlanta Braves Holdings, Inc.",0001958140,NASDAQ
TARS,"Tarsus Pharmaceuticals, Inc.",0001819790,NASDAQ
EROC,"ERock, Inc.",0002110029,NYSE
CRVL,CORVEL CORP,0000874866,NASDAQ
LIF,"Life360, Inc.",0001581760,NASDAQ
SBLK,Star Bulk Carriers Corp.,0001386716,NASDAQ
UTG,REAVES UTILITY INCOME FUND,0001263994,NYSE
HIW,"HIGHWOODS PROPERTIES, INC.",0000921082,NYSE
BTE,BAYTEX ENERGY CORP.,0001279495,NYSE
NHI,NATIONAL HEALTH INVESTORS INC,0000877860,NYSE
UUUU,ENERGY FUELS INC,0001385849,NYSE
CALM,CAL-MAINE FOODS INC,0000016160,NASDAQ
AWR,AMERICAN STATES WATER CO,0001056903,NYSE
BTU,PEABODY ENERGY CORP,0001064728,NYSE
NATL,NCR Atleos Corp,0001974138,NYSE
TNK,TEEKAY TANKERS LTD.,0001419945,NYSE
IPGP,IPG PHOTONICS CORP,0001111928,NASDAQ
CXW,"CoreCivic, Inc.",0001070985,NYSE
GRAL,"GRAIL, Inc.",0001699031,NASDAQ
MGNI,"MAGNITE, INC.",0001595974,NASDAQ
LBRT,Liberty Energy Inc.,0001694028,NYSE
ABCL,AbCellera Biologics Inc.,0001703057,NASDAQ
HG,"Hamilton Insurance Group, Ltd.",0001593275,NYSE
FFBC,FIRST FINANCIAL BANCORP /OH/,0000708955,NASDAQ
LRN,"Stride, Inc.",0001157408,NYSE
MCHB,Mechanics Bancorp,0001518715,NASDAQ
SII,SPROTT INC.,0001512920,NYSE
ARLP,ALLIANCE RESOURCE PARTNERS LP,0001086600,NASDAQ
DNLI,Denali Therapeutics Inc.,0001714899,NASDAQ
ASO,"Academy Sports & Outdoors, Inc.",0001817358,NASDAQ
HNI,HNI CORP,0000048287,NYSE
NESR,National Energy Services Reunited Corp.,0001698514,NASDAQ
PRK,PARK NATIONAL CORP /OH/,0000805676,NYSE
LION,Lionsgate Studios Corp.,0002052959,NYSE
WSC,WillScot Holdings Corp,0001647088,NASDAQ
UCTT,"Ultra Clean Holdings, Inc.",0001275014,NASDAQ
DYN,"Dyne Therapeutics, Inc.",0001818794,NASDAQ
CURB,Curbline Properties Corp.,0002027317,NYSE
DAN,DANA Inc,0000026780,NYSE
TENB,"Tenable Holdings, Inc.",0001660280,NASDAQ
USLM,UNITED STATES LIME & MINERALS INC,0000082020,NASDAQ
SFNC,SIMMONS FIRST NATIONAL CORP,0000090498,NASDAQ
PII,Polaris Inc.,0000931015,NYSE
AB,ALLIANCEBERNSTEIN HOLDING L.P.,0000825313,NYSE
CSQ,CALAMOS STRATEGIC TOTAL RETURN FUND,0001275214,NASDAQ
GPI,GROUP 1 AUTOMOTIVE INC,0001031203,NYSE
EROK,"EagleRock Land, LLC",0002104882,NYSE
SA,SEABRIDGE GOLD INC,0001231346,NYSE
DKL,"Delek Logistics Partners, LP",0001552797,NYSE
NMIH,"NMI Holdings, Inc.",0001547903,NASDAQ
GBDC,"GOLUB CAPITAL BDC, Inc.",0001476765,NASDAQ
AD,"ARRAY DIGITAL INFRASTRUCTURE, INC.",0000821130,NYSE
VGNT,Versigent PLC,0002078008,NYSE
KNF,Knife River Corp,0001955520,NYSE
LPL,"LG Display Co., Ltd.",0001290109,NYSE
VCYT,"VERACYTE, INC.",0001384101,NASDAQ
CBU,"COMMUNITY FINANCIAL SYSTEM, INC.",0000723188,NYSE
SXI,STANDEX INTERNATIONAL CORP/DE/,0000310354,NYSE
SBCF,SEACOAST BANKING CORP OF FLORIDA,0000730708,NASDAQ
SMG,SCOTTS MIRACLE-GRO CO,0000825542,NYSE
FMCC,FEDERAL HOME LOAN MORTGAGE CORP,0001026214,OTC
FSK,FS KKR Capital Corp,0001422183,NYSE
NEA,Nuveen AMT-Free Quality Municipal Income Fund,0001195737,NYSE
NG,NOVAGOLD RESOURCES INC,0001173420,NYSE
ASH,ASHLAND INC.,0001674862,NYSE
OSIS,OSI SYSTEMS INC,0001039065,NASDAQ
HTGC,"Hercules Capital, Inc.",0001280784,NYSE
PVH,PVH CORP. /DE/,0000078239,NYSE
QS,QuantumScape Corp,0001811414,NASDAQ
AAMI,Acadian Asset Management Inc.,0001748824,NYSE
KOZAY,Turk Altin Isletmeleri A.S./ADR,0001532173,OTC
ADX,"ADAMS DIVERSIFIED EQUITY FUND, INC.",0000002230,NYSE
BTDR,Bitdeer Technologies Group,0001899123,NASDAQ
WING,Wingstop Inc.,0001636222,NASDAQ
AGO,ASSURED GUARANTY LTD,0001273813,NYSE
RXO,"RXO, Inc.",0001929561,NYSE
EXPO,EXPONENT INC,0000851520,NASDAQ
KAI,KADANT INC,0000886346,NYSE
WIX,Wix.com Ltd.,0001576789,NASDAQ
BKU,"BankUnited, Inc.",0001504008,NYSE
BSM,"Black Stone Minerals, L.P.",0001621434,NYSE
AAUC,Allied Gold Corp,0001993344,NYSE
ATKR,Atkore Inc.,0001666138,NYSE
ATRO,ASTRONICS CORP,0000008063,NASDAQ
BFAM,BRIGHT HORIZONS FAMILY SOLUTIONS INC.,0001437578,NYSE
KN,Knowles Corp,0001587523,NYSE
KYIV,Kyivstar Group Ltd.,0002062440,NASDAQ
FRPT,"Freshpet, Inc.",0001611647,NASDAQ
CPK,CHESAPEAKE UTILITIES CORP,0000019745,NYSE
SHOO,"STEVEN MADDEN, LTD.",0000913241,NASDAQ
AEHR,AEHR TEST SYSTEMS,0001040470,NASDAQ
FHB,"FIRST HAWAIIAN, INC.",0000036377,NASDAQ
HYPMY,Hypermarcas S.A.,0001486749,OTC
VTMX,"Vesta Real Estate Corporation, S.A.B. de C.V.",0001969373,NYSE
LFTO,"Liftoff Mobile, Inc.",0001850351,NASDAQ
PK,Park Hotels & Resorts Inc.,0001617406,NYSE
FRSH,Freshworks Inc.,0001544522,NASDAQ
WRBY,Warby Parker Inc.,0001504776,NYSE
QURE,uniQure N.V.,0001590560,NASDAQ
DX,DYNEX CAPITAL INC,0000826675,NYSE
HGV,Hilton Grand Vacations Inc.,0001674168,NYSE
RCUS,"Arcus Biosciences, Inc.",0001724521,NYSE
AVA,AVISTA CORP,0000104918,NYSE
PTXKY,PT XLSMART Telecom Sejahtera Tbk/ADR,0001545057,OTC
LEU,CENTRUS ENERGY CORP,0001065059,NYSE
AVAH,"Aveanna Healthcare Holdings, Inc.",0001832332,NASDAQ
XXI,"Twenty One Capital, Inc.",0002070457,NYSE
BMRRY,B&M European Value Retail S.A./ADR,0001671235,OTC
CARG,"CarGurus, Inc.",0001494259,NASDAQ
NVTS,Navitas Semiconductor Corp,0001821769,NASDAQ
FG,"F&G Annuities & Life, Inc.",0001934850,NYSE
GPOR,GULFPORT ENERGY CORP,0000874499,NYSE
PFS,PROVIDENT FINANCIAL SERVICES INC,0001178970,NYSE
CWK,Cushman & Wakefield Ltd.,0001628369,NYSE
TNET,"TRINET GROUP, INC.",0000937098,NYSE
BBAR,Banco BBVA Argentina S.A.,0000913059,NYSE
ARQT,"Arcutis Biotherapeutics, Inc.",0001787306,NASDAQ
BELFA,BEL FUSE INC /NJ,0000729580,NASDAQ
ARCB,ARCBEST CORP /TX/,0000894405,NASDAQ
KBH,KB HOME,0000795266,NYSE
AMBA,AMBARELLA INC,0001280263,NASDAQ
COCO,"Vita Coco Company, Inc.",0001482981,NASDAQ
SDRL,SEADRILL Ltd,0001737706,NYSE
KC,Kingsoft Cloud Holdings Ltd,0001795589,NASDAQ
BOH,BANK OF HAWAII CORP,0000046195,NYSE
CWT,CALIFORNIA WATER SERVICE GROUP,0001035201,NYSE
EXK,ENDEAVOUR SILVER CORP,0001277866,NYSE
DBRG,"DigitalBridge Group, Inc.",0001679688,NYSE
AGYS,AGILYSYS INC,0000078749,NASDAQ
CXT,"Crane NXT, Co.",0000025445,NYSE
MMS,"MAXIMUS, INC.",0001032220,NYSE
PLUG,PLUG POWER INC,0001093691,NASDAQ
SPSC,SPS COMMERCE INC,0001092699,NASDAQ
CBZ,"CBIZ, Inc.",0000944148,NYSE
ADEA,Adeia Inc.,0001803696,NASDAQ
PPTA,PERPETUA RESOURCES CORP.,0001526243,NASDAQ
INFQ,"Infleqtion, Inc.",0002007825,NYSE
WTTR,"Select Water Solutions, Inc.",0001693256,NYSE
POWI,POWER INTEGRATIONS INC,0000833640,NASDAQ
CLDX,"Celldex Therapeutics, Inc.",0000744218,NASDAQ
TALO,TALOS ENERGY INC.,0001724965,NYSE
TGB,Trekor Metals Ltd,0000878518,NYSE
GRBK,"Green Brick Partners, Inc.",0001373670,NYSE
BANC,"BANC OF CALIFORNIA, INC.",0001169770,NYSE
YETI,"YETI Holdings, Inc.",0001670592,NYSE
ECO,Okeanis Eco Tankers Corp.,0001964954,NYSE
FIZZ,NATIONAL BEVERAGE CORP,0000069891,NASDAQ
COLM,COLUMBIA SPORTSWEAR CO,0001050797,NASDAQ
TR,TOOTSIE ROLL INDUSTRIES INC,0000098677,NYSE
EXTR,EXTREME NETWORKS INC,0001078271,NASDAQ
CSQR,"Csquare, Inc.",0002105398,NYSE
REZI,"RESIDEO TECHNOLOGIES, INC.",0001740332,NYSE
AMBP,Ardagh Metal Packaging S.A.,0001845097,NYSE
DXPE,DXP ENTERPRISES INC,0001020710,NASDAQ
HOS,"HORNBECK OFFSHORE SERVICES, INC.",0000866829,NYSE
PONY,Pony AI Inc.,0001969302,NASDAQ
ABM,ABM INDUSTRIES INC /DE/,0000771497,NYSE
SLDE,"Slide Insurance Holdings, Inc.",0001886428,NASDAQ
BKD,Brookdale Senior Living Inc.,0001332349,NYSE
HOG,"HARLEY-DAVIDSON, INC.",0000793952,NYSE
BHF,"Brighthouse Financial, Inc.",0001685040,NASDAQ
AKR,ACADIA REALTY TRUST,0000899629,NYSE
MGEE,MGE ENERGY INC,0001161728,NASDAQ
IHS,IHS Holding Ltd,0001876183,NYSE
BWIN,"Baldwin Insurance Group, Inc.",0001781755,NASDAQ
MBX,"MBX Biosciences, Inc.",0001776111,NASDAQ
IMNM,Immunome Inc.,0001472012,NASDAQ
GPK,GRAPHIC PACKAGING HOLDING CO,0001408075,NYSE
INTA,"Intapp, Inc.",0001565687,NASDAQ
IMAX,IMAX CORP,0000921582,NYSE
DNOW,DNOW Inc.,0001599617,NYSE
UE,Urban Edge Properties,0001611547,NYSE
KD,"Kyndryl Holdings, Inc.",0001867072,NYSE
TMDX,"TransMedics Group, Inc.",0001756262,NASDAQ
CLBT,Cellebrite DI Ltd.,0001854587,NASDAQ
NOG,"NORTHERN OIL & GAS, INC.",0001104485,NYSE
MZTI,MARZETTI CO,0000057515,NASDAQ
SPNT,SiriusPoint Ltd,0001576018,NYSE
WOR,"WORTHINGTON ENTERPRISES, INC.",0000108516,NYSE
GRDN,"Guardian Pharmacy Services, Inc.",0001802255,NYSE
HAYW,"Hayward Holdings, Inc.",0001834622,NYSE
SOUN,"SOUNDHOUND AI, INC.",0001840856,NASDAQ
PPLI,People Inc,0001800227,NASDAQ
FUL,FULLER H B CO,0000039368,NYSE
LCLN,"Lincoln International, Inc.",0001925283,NYSE
PAGS,PagSeguro Digital Ltd.,0001712807,NYSE
NTCT,NETSCOUT SYSTEMS INC,0001078075,NASDAQ
CHRN,ChronoScale Holdings Corp,0001549084,NASDAQ
BHE,BENCHMARK ELECTRONICS INC,0000863436,NYSE
CALY,Callaway Golf Co,0000837465,NYSE
EFXT,Enerflex Ltd.,0001904856,NYSE
ATRC,"AtriCure, Inc.",0001323885,NASDAQ
GPCR,Structure Therapeutics Inc.,0001888886,NASDAQ
DNN,DENISON MINES CORP.,0001063259,NYSE
VECO,VEECO INSTRUMENTS INC,0000103145,NASDAQ
TRMK,TRUSTMARK CORP,0000036146,NASDAQ
FBK,FB Financial Corp,0001649749,NYSE
ALRM,"Alarm.com Holdings, Inc.",0001459200,NASDAQ
OPEN,Opendoor Technologies Inc.,0001801169,NASDAQ
COHU,COHU INC,0000021535,NASDAQ
TTAM,Titan America SA,0002035304,NYSE
RDW,Redwire Corp,0001819810,NYSE
UNFI,UNITED NATURAL FOODS INC,0001020859,NYSE
PHVS,Pharvaris N.V.,0001830487,NASDAQ
ZLAB,Zai Lab Ltd,0001704292,NASDAQ
VC,VISTEON CORP,0001111335,NASDAQ
BVC,BitVentures Ltd,0001785680,NASDAQ
EEFT,"EURONET WORLDWIDE, INC.",0001029199,NASDAQ
SHAK,Shake Shack Inc.,0001620533,NYSE
MGRC,MCGRATH RENTCORP,0000752714,NASDAQ
AAP,ADVANCE AUTO PARTS INC,0001158449,NYSE
APAM,Artisan Partners Asset Management Inc.,0001517302,NYSE
IRON,"Disc Medicine, Inc.",0001816736,NASDAQ
EBOSY,EBOS Group Limited/ADR,0001533082,OTC
JPC,Nuveen Preferred & Income Opportunities Fund,0001216583,NYSE
MNSO,MINISO Group Holding Ltd,0001815846,NYSE
AVPT,"AvePoint, Inc.",0001777921,NASDAQ
NBTB,NBT BANCORP INC,0000790359,NASDAQ
NAMS,NewAmsterdam Pharma Co N.V.,0001936258,NASDAQ
BRZE,"Braze, Inc.",0001676238,NASDAQ
AMR,"Alpha Metallurgical Resources, Inc.",0001704715,NYSE
CUBI,"Customers Bancorp, Inc.",0001488813,NYSE
GRND,Grindr Inc.,0001820144,NYSE
KWR,QUAKER CHEMICAL CORP,0000081362,NYSE
FBNC,FIRST BANCORP /NC/,0000811589,NASDAQ
XNDU,Xanadu Quantum Technologies Ltd,0002097163,NASDAQ
ACHC,"Acadia Healthcare Company, Inc.",0001520697,NASDAQ
BKV,BKV Corp,0001838406,NYSE
DGII,DIGI INTERNATIONAL INC,0000854775,NASDAQ
NRIX,"Nurix Therapeutics, Inc.",0001549595,NASDAQ
FCPT,"Four Corners Property Trust, Inc.",0001650132,NYSE
BCC,BOISE CASCADE Co,0001328581,NYSE
BBT,Beacon Financial Corp,0001108134,NYSE
HTO,H2O AMERICA,0000766829,NASDAQ
WDFC,WD 40 CO,0000105132,NASDAQ
MAN,ManpowerGroup Inc.,0000871763,NYSE
SVM,SILVERCORP METALS INC,0001340677,NYSE
NMM,Navios Maritime Partners L.P.,0001415921,NYSE
ASST,"Strive, Inc.",0001920406,NASDAQ
BANR,BANNER CORP,0000946673,NASDAQ
PRVA,"Privia Health Group, Inc.",0001759655,NASDAQ
ALHC,"Alignment Healthcare, Inc.",0001832466,NASDAQ
CDNA,"CareDx, Inc.",0001217234,NASDAQ
TDC,TERADATA CORP /DE/,0000816761,NYSE
DCO,DUCOMMUN INC /DE/,0000030305,NYSE
RH,RH,0001528849,NYSE
PENG,"Penguin Solutions, Inc.",0001616533,NASDAQ
HWKN,HAWKINS INC,0000046250,NASDAQ
NEOG,NEOGEN CORP,0000711377,NASDAQ
FRME,FIRST MERCHANTS CORP,0000712534,NASDAQ
HIMX,"Himax Technologies, Inc.",0001342338,NASDAQ
KALU,KAISER ALUMINUM CORP,0000811596,NASDAQ
GDV,GABELLI DIVIDEND & INCOME TRUST,0001260729,NYSE
WGS,GeneDx Holdings Corp.,0001818331,NASDAQ
NN,NEXTNAV INC.,0001865631,NASDAQ
DRH,DiamondRock Hospitality Co,0001298946,NASDAQ
OUST,"Ouster, Inc.",0001816581,NASDAQ
CLOV,"CLOVER HEALTH INVESTMENTS, CORP. /DE",0001801170,NASDAQ
NAD,Nuveen Quality Municipal Income Fund,0001083839,NYSE
TSAT,Telesat Corp,0001845840,NASDAQ
WAFD,WAFD INC,0000936528,NASDAQ
CURLF,"Curaleaf Holdings, Inc.",0001756770,OTC
SKWD,"Skyward Specialty Insurance Group, Inc.",0001519449,NASDAQ
CENT,CENTRAL GARDEN & PET CO,0000887733,NASDAQ
MLYS,"Mineralys Therapeutics, Inc.",0001933414,NASDAQ
BEAM,Beam Therapeutics Inc.,0001745999,NASDAQ
BUSE,FIRST BUSEY CORP /NV/,0000314489,NASDAQ
KYN,"Kayne Anderson Energy Infrastructure Fund, Inc.",0001293613,NYSE
INTR,"Inter & Co, Inc.",0001864163,NASDAQ
AEO,AMERICAN EAGLE OUTFITTERS INC,0000919012,NYSE
VERA,"Vera Therapeutics, Inc.",0001831828,NASDAQ
ATHM,Autohome Inc.,0001527636,NYSE
NWL,NEWELL BRANDS INC.,0000814453,NASDAQ
NVG,Nuveen AMT-Free Municipal Credit Income Fund,0001090116,NYSE
RNW,ReNew Energy Global plc,0001848763,NASDAQ
UPST,"Upstart Holdings, Inc.",0001647639,NASDAQ
PTY,PIMCO CORPORATE & INCOME OPPORTUNITY FUND,0001190935,NYSE
CDLR,Cadeler A/S,0001978867,NYSE
IVT,InvenTrust Properties Corp.,0001307748,NYSE
SYBT,"Stock Yards Bancorp, Inc.",0000835324,NASDAQ
AGM,FEDERAL AGRICULTURAL MORTGAGE CORP,0000845877,NYSE
SIND,Sinda Ltd.,0002096861,NYSE
PGEN,"PRECIGEN, INC.",0001356090,NASDAQ
BGSI,Boyd Group Services Inc.,0002091467,NYSE
APPN,APPIAN CORP,0001441683,NASDAQ
PHIN,PHINIA INC.,0001968915,NYSE
VRDN,"Viridian Therapeutics, Inc.\DE",0001590750,NASDAQ
TSCFY,Tisco Financial Group Public Co Limited/ADR,0001555815,OTC
UNIT,Uniti Group Inc.,0002020795,NASDAQ
BRVE,"Braveheart Bio, Inc.",0002131524,NASDAQ
MBIN,Merchants Bancorp,0001629019,NASDAQ
SUPN,"SUPERNUS PHARMACEUTICALS, INC.",0001356576,NASDAQ
DJT,Trump Media & Technology Group Corp.,0001849635,NASDAQ
HRMY,"Harmony Biosciences Holdings, Inc.",0001802665,NASDAQ
SAH,SONIC AUTOMOTIVE INC,0001043509,NYSE
ETOR,eToro Group Ltd.,0001493318,NASDAQ
ROG,ROGERS CORP,0000084748,NYSE
SXGCF,Southern Cross Gold Consolidated Ltd.,0001622629,OTC
SSMR,Sunshine Silver Mining & Refining Co,0002091017,NYSE
PAYO,Payoneer Global Inc.,0001845815,NASDAQ
MRVI,"MARAVAI LIFESCIENCES HOLDINGS, INC.",0001823239,NASDAQ
AYR,Aircastle LTD,0001362988,OTC
ANDE,"Andersons, Inc.",0000821026,NASDAQ
PLUS,EPLUS INC,0001022408,NASDAQ
NGVT,Ingevity Corp,0001653477,NYSE
WLY,"JOHN WILEY & SONS, INC.",0000107140,NYSE
SLS,"SELLAS Life Sciences Group, Inc.",0001390478,NASDAQ
MH,"McGraw Hill, Inc.",0001951070,NYSE
HURN,Huron Consulting Group Inc.,0001289848,NASDAQ
PENN,"PENN Entertainment, Inc.",0000921738,NASDAQ
NKTR,NEKTAR THERAPEUTICS,0000906709,NASDAQ
NTB,Bank of N.T. Butterfield & Son Ltd,0001653242,NYSE
CHA,Chagee Holdings Ltd.,0002013649,NASDAQ
PATK,PATRICK INDUSTRIES INC,0000076605,NASDAQ
COTY,COTY INC.,0001024305,NYSE
LPG,DORIAN LPG LTD.,0001596993,NYSE
LASR,"NLIGHT, INC.",0001124796,NASDAQ
LUNR,"Intuitive Machines, Inc.",0001844452,NASDAQ
PBI,PITNEY BOWES INC /DE/,0000078814,NYSE
HLIO,"HELIOS TECHNOLOGIES, INC.",0001024795,NYSE
EFSC,ENTERPRISE FINANCIAL SERVICES CORP,0001025835,NASDAQ
STUB,"StubHub Holdings, Inc.",0001337634,NYSE
FIVN,"Five9, Inc.",0001288847,NASDAQ
WHR,WHIRLPOOL CORP /DE/,0000106640,NYSE
STNE,StoneCo Ltd.,0001745431,NASDAQ
OCUL,"OCULAR THERAPEUTIX, INC",0001393434,NASDAQ
TRVI,"Trevi Therapeutics, Inc.",0001563880,NASDAQ
HCI,"HCI Group, Inc.",0001400810,NYSE
RAMP,"LiveRamp Holdings, Inc.",0000733269,NYSE
IOSP,INNOSPEC INC.,0001054905,NASDAQ
VVX,"V2X, Inc.",0001601548,NYSE
PURR,Hyperliquid Strategies Inc,0002078856,NASDAQ
NWBI,"Northwest Bancshares, Inc.",0001471265,NASDAQ
LTC,LTC PROPERTIES INC,0000887905,NYSE
NZF,Nuveen Municipal Credit Income Fund,0001137887,NYSE
BXMT,"BLACKSTONE MORTGAGE TRUST, INC.",0001061630,NYSE
AXGN,"Axogen, Inc.",0000805928,NASDAQ
SPGNY,Springer Nature AG & Co. KGaA/ADR,0002042556,OTC
CC,Chemours Co,0001627223,NYSE
TRN,TRINITY INDUSTRIES INC,0000099780,NYSE
KMT,KENNAMETAL INC,0000055242,NYSE
CALX,"CALIX, INC",0001406666,NYSE
FLOC,Flowco Holdings Inc.,0002035149,NYSE
HCM,HUTCHMED (China) Ltd,0001648257,NASDAQ
TMC,TMC the metals Co Inc.,0001798562,NASDAQ
PBH,Prestige Consumer Healthcare Inc.,0001295947,NYSE
NCNO,"nCino, Inc.",0001902733,NASDAQ
ARR,"Armour Residential REIT, Inc.",0001428205,NYSE
DBD,"DIEBOLD NIXDORF, Inc",0000028823,NYSE
NEO,NEOGENOMICS INC,0001077183,NASDAQ
OSW,ONESPAWORLD HOLDINGS Ltd,0001758488,NASDAQ
OFG,OFG BANCORP,0001030469,NYSE
AEGXF,Aecon Group Inc.,0001309167,OTC
HTH,Hilltop Holdings Inc.,0001265131,NYSE
WERN,WERNER ENTERPRISES INC,0000793074,NASDAQ
BHC,Bausch Health Companies Inc.,0000885590,NYSE
RVT,"ROYCE SMALL-CAP TRUST, INC.",0000804116,NYSE
AERO,"Grupo Aeromexico, S.A.B. de C.V.",0001561861,NYSE
LCII,LCI INDUSTRIES,0000763744,NYSE
ADUS,Addus HomeCare Corp,0001468328,NASDAQ
VIA,"Via Transportation, Inc.",0001603015,NYSE
PICS,PicS N.V.,0001841644,NASDAQ
MPT,MEDICAL PROPERTIES TRUST INC,0001287865,NYSE
SMSGY,Samsonite International SA/ADR,0001560968,OTC
KEEL,Keel Infrastructure Corp.,0001812477,NASDAQ
PVLA,"PALVELLA THERAPEUTICS, INC.",0001583648,NASDAQ
SRPT,"Sarepta Therapeutics, Inc.",0000873303,NASDAQ
HUBG,"Hub Group, Inc.",0000940942,NASDAQ
MD,"Pediatrix Medical Group, Inc.",0000893949,NYSE
AMC,"AMC ENTERTAINMENT HOLDINGS, INC.",0001411579,NYSE
PTON,"PELOTON INTERACTIVE, INC.",0001639825,NASDAQ
MCRI,MONARCH CASINO & RESORT INC,0000907242,NASDAQ
CNXN,PC CONNECTION INC,0001050377,NASDAQ
FLYW,Flywire Corp,0001580560,NASDAQ
UAA,"Under Armour, Inc.",0001336917,NYSE
FIGS,"FIGS, Inc.",0001846576,NYSE
TRLV,Trulieve Cannabis Corp.,0001754195,NYSE
DEI,Douglas Emmett Inc,0001364250,NYSE
RLX,RLX Technology Inc.,0001828365,NYSE
WU,Western Union CO,0001365135,NYSE
UFPT,UFP TECHNOLOGIES INC,0000914156,NASDAQ
NUVB,Nuvation Bio Inc.,0001811063,NYSE
FCF,FIRST COMMONWEALTH FINANCIAL CORP /PA/,0000712537,NYSE
AUPH,Aurinia Pharmaceuticals Inc.,0001600620,NASDAQ
SEDG,"SOLAREDGE TECHNOLOGIES, INC.",0001419612,NASDAQ
EVT,Eaton Vance Tax-Advantaged Dividend Income Fund,0001253327,NYSE
MTX,MINERALS TECHNOLOGIES INC,0000891014,NYSE
ICHR,"ICHOR HOLDINGS, LTD.",0001652535,NASDAQ
ALGT,Allegiant Travel CO,0001362468,NASDAQ
BSTZ,BlackRock Science & Technology Term Trust,0001768666,NYSE
CEPU,CENTRAL PUERTO S.A.,0001717161,NYSE
ESTA,ESTABLISHMENT LABS HOLDINGS INC.,0001688757,NASDAQ
PGNY,"Progyny, Inc.",0001551306,NASDAQ
AADX,"Applied Aerospace & Defense, Inc.",0002118195,NYSE
INSP,"Inspire Medical Systems, Inc.",0001609550,NYSE
ECPG,ENCORE CAPITAL GROUP INC,0001084961,NASDAQ
GNL,"Global Net Lease, Inc.",0001526113,NYSE
MNR,MACH NATURAL RESOURCES LP,0001980088,NYSE
BKE,BUCKLE INC,0000885245,NYSE
STGW,Stagwell Inc,0000876883,NASDAQ
RAPP,"Rapport Therapeutics, Inc.",0002012593,NASDAQ
VOYG,"Voyager Technologies, Inc./TX",0001788060,NYSE
SRCE,1ST SOURCE CORP,0000034782,NASDAQ
BOBS,"Bob's Discount Furniture, Inc.",0002085187,NYSE
PLGO,Pelagos Insurance Capital Ltd,0001636639,NYSE
TBBK,"Bancorp, Inc.",0001295401,NASDAQ
URGN,UroGen Pharma Ltd.,0001668243,NASDAQ
INVX,"Innovex International, Inc.",0001042893,NYSE
ADMA,"ADMA BIOLOGICS, INC.",0001368514,NASDAQ
PLBL,Polibeli Group Ltd,0002035697,NASDAQ
BCRX,BIOCRYST PHARMACEUTICALS INC,0000882796,NASDAQ
CTOS,"Custom Truck One Source, Inc.",0001709682,NYSE
DV,"DoubleVerify Holdings, Inc.",0001819928,NYSE
TIC,"TIC Solutions, Inc.",0002032966,NYSE
SHAZ,SharonAI Holdings Inc.,0002068385,NASDAQ
ALKT,"ALKAMI TECHNOLOGY, INC.",0001529274,NASDAQ
CMPR,CIMPRESS plc,0001262976,NASDAQ
LIME,"Neutron Holdings, Inc.",0001699963,NASDAQ
RUN,Sunrun Inc.,0001469367,NASDAQ
NMZ,NUVEEN MUNICIPAL HIGH INCOME OPPORTUNITY FUND,0001266585,NYSE
CLM,"Cornerstone Strategic Investment Fund, Inc.",0000814083,NYSE
XRAY,DENTSPLY SIRONA Inc.,0000818479,NASDAQ
PLPC,PREFORMED LINE PRODUCTS CO,0000080035,NASDAQ
PRDO,PERDOCEO EDUCATION Corp,0001046568,NASDAQ
KOD,Kodiak Sciences Inc.,0001468748,NASDAQ
ZBIO,"Zenas BioPharma, Inc.",0001953926,NASDAQ
SHO,"Sunstone Hotel Investors, Inc.",0001295810,NYSE
BLKB,BLACKBAUD INC,0001280058,NASDAQ
UTZ,"Utz Brands, Inc.",0001739566,NYSE
ALG,ALAMO GROUP INC,0000897077,NYSE
PEB,Pebblebrook Hotel Trust,0001474098,NYSE
GOF,GUGGENHEIM STRATEGIC OPPORTUNITIES FUND,0001380936,NYSE
CTRI,"Centuri Holdings, Inc.",0001981599,NYSE
NWN,Northwest Natural Holding Co,0001733998,NYSE
GENB,"Generate Biomedicines, Inc.",0002100782,NASDAQ
GSHD,"Goosehead Insurance, Inc.",0001726978,NASDAQ
CHCO,CITY HOLDING CO,0000726854,NASDAQ
STC,STEWART INFORMATION SERVICES CORP,0000094344,NYSE
MESO,MESOBLAST LTD,0001345099,NASDAQ
BXDC,Blackstone Digital Infrastructure Trust Inc.,0002100161,NYSE
VET,VERMILION ENERGY INC.,0001293135,NYSE
NEXT,NextDecade Corp,0001612720,NASDAQ
AGIO,"AGIOS PHARMACEUTICALS, INC.",0001439222,NASDAQ
PDFS,PDF SOLUTIONS INC,0001120914,NASDAQ
ASAN,"Asana, Inc.",0001477720,NYSE
DRVN,Driven Brands Holdings Inc.,0001804745,NASDAQ
GTY,GETTY REALTY CORP /MD/,0001052752,NYSE
BLBD,Blue Bird Corp,0001589526,NASDAQ
EZPW,EZCORP INC,0000876523,NASDAQ
CMPS,COMPASS Pathways plc,0001816590,NASDAQ
NTST,NETSTREIT Corp.,0001798100,NYSE
SPB,"Spectrum Brands Holdings, Inc.",0000109177,NYSE
KARO,Karooooo Ltd.,0001828102,NASDAQ
HMN,HORACE MANN EDUCATORS CORP /DE/,0000850141,NYSE
TILE,INTERFACE INC,0000715787,NASDAQ
BRSL,Brightstar Lottery PLC,0001619762,NYSE
FORTY,FORMULA SYSTEMS (1985) LTD,0001045986,NASDAQ
XPRO,Expro Ltd,0002126198,NYSE
HYMC,HYCROFT MINING HOLDING CORP,0001718405,NASDAQ
VERX,"Vertex, Inc.",0001806837,NASDAQ
VCEL,Vericel Corp,0000887359,NASDAQ
GRC,GORMAN RUPP CO,0000042682,NYSE
BFLY,"Butterfly Network, Inc.",0001804176,NYSE
IQMX,IQM Quantum Computers Oyj,0002113060,NASDAQ
STDN,"Standard Nuclear, Inc.",0002086716,NYSE
OLN,OLIN Corp,0000074303,NYSE
PRLB,Proto Labs Inc,0001443669,NYSE
BHVN,Biohaven Ltd.,0001935979,NYSE
EMAT,Evolution Metals & Technologies Corp.,0001866226,NASDAQ
KSS,KOHLS Corp,0000885639,NYSE
ALMR,"Alamar Biosciences, Inc.",0002104204,NASDAQ
HAPN,"Happen, Inc.",0001409970,NASDAQ
IMOS,CHIPMOS TECHNOLOGIES INC,0001123134,NASDAQ
ZD,"ZIFF DAVIS, INC.",0001084048,NASDAQ
KRP,"Kimbell Royalty Partners, LP",0001657788,NYSE
GAB,GABELLI EQUITY TRUST INC,0000794685,NYSE
SBET,"Sharplink, Inc.",0001981535,NASDAQ
MLCO,Melco Resorts & Entertainment LTD,0001381640,NASDAQ
GEL,GENESIS ENERGY LP,0001022321,NYSE
NSP,"INSPERITY, INC.",0001000753,NYSE
NBTX,Nanobiotix S.A.,0001760854,NASDAQ
ALVO,Alvotech,0001898416,NASDAQ
WRD,WeRide Inc.,0001867729,NASDAQ
RBCAA,REPUBLIC BANCORP INC /KY/,0000921557,NASDAQ
STOK,"Stoke Therapeutics, Inc.",0001623526,NASDAQ
ZYME,Zymeworks Inc.,0001937653,NASDAQ
SNDA,"SONIDA SENIOR LIVING, INC.",0001043000,NYSE
PRGO,PERRIGO Co plc,0001585364,NYSE
ASTH,"Astrana Health, Inc.",0001083446,NASDAQ
PAEXY,Parex Resources Inc./ADR,0002073620,OTC
MFP,"Midera Food Processing, Inc.",0002088281,NASDAQ
GHRS,GH Research PLC,0001855129,NASDAQ
SGRY,"Surgery Partners, Inc.",0001638833,NASDAQ
ATS,ATS Corp /ATS,0001394832,NYSE
COAG,"Hemab Therapeutics Holdings, Inc.",0002114044,NASDAQ
TH,Target Hospitality Corp.,0001712189,NASDAQ
TY,TRI-CONTINENTAL Corp,0000099614,NYSE
GABC,"GERMAN AMERICAN BANCORP, INC.",0000714395,NASDAQ
PRCH,"Porch Group, Inc.",0001784535,NASDAQ
NBHC,National Bank Holdings Corp,0001475841,NYSE
GCT,GigaCloud Technology Inc,0001857816,NASDAQ
FLNC,"Fluence Energy, Inc.",0001868941,NASDAQ
SGLA,Sino Green Land Corp.,0001433551,OTC
KLRA,"Kailera Therapeutics, Inc.",0002096997,NASDAQ
LMAT,LEMAITRE VASCULAR INC,0001158895,NASDAQ
TOP,TOP Financial Group Ltd,0001848275,NASDAQ
INOD,INNODATA INC,0000903651,NASDAQ
XNCR,Xencor Inc,0001326732,NASDAQ
GENI,Genius Sports Ltd,0001834489,NYSE
CMRE,Costamare Inc.,0001503584,NYSE
EPAC,ENERPAC TOOL GROUP CORP,0000006955,NYSE
LOB,"Live Oak Bancshares, Inc.",0001462120,NYSE
NVCR,NovoCure Ltd,0001645113,NASDAQ
DHC,DIVERSIFIED HEALTHCARE TRUST,0001075415,NASDAQ
OCFC,OCEANFIRST FINANCIAL CORP,0001004702,NASDAQ
STRA,"Strategic Education, Inc.",0001013934,NASDAQ
BAND,Bandwidth Inc.,0001514416,NASDAQ
QUBT,Quantum Computing Inc.,0001758009,NASDAQ
SFL,SFL Corp Ltd.,0001289877,NYSE
DXC,DXC Technology Co,0001688568,NYSE
NUV,NUVEEN MUNICIPAL VALUE FUND INC,0000812801,NYSE
WKC,WORLD KINECT CORP,0000789460,NYSE
DCOM,"Dime Commercial Bancshares, Inc. /NY/",0000846617,NYSE
VNET,"VNET Group, Inc.",0001508475,NASDAQ
GLP,GLOBAL PARTNERS LP,0001323468,NYSE
PDO,PIMCO Dynamic Income Opportunities Fund,0001798618,NYSE
VIR,"Vir Biotechnology, Inc.",0001706431,NASDAQ
HE,HAWAIIAN ELECTRIC INDUSTRIES INC,0000354707,NYSE
ATEN,"A10 Networks, Inc.",0001580808,NYSE
SMA,"SmartStop Self Storage REIT, Inc.",0001585389,NYSE
HOPE,HOPE BANCORP INC,0001128361,NASDAQ
ETG,Eaton Vance Tax-Advantaged Global Dividend Income Fund,0001270523,NYSE
SAM,BOSTON BEER CO INC,0000949870,NYSE
NYAX,Nayax Ltd.,0001901279,NASDAQ
KOS,Kosmos Energy Ltd.,0001509991,NYSE
SONO,Sonos Inc,0001314727,NASDAQ
SEPN,"Septerna, Inc.",0001984086,NASDAQ
FSUN,FIRSTSUN CAPITAL BANCORP,0001709442,NASDAQ
ACVA,ACV Auctions Inc.,0001637873,NYSE
AESI,Atlas Energy Solutions Inc.,0001984060,NYSE
ETV,Eaton Vance Tax-Managed Buy-Write Opportunities Fund,0001322436,NYSE
STBA,S&T BANCORP INC,0000719220,NASDAQ
STEW,"SRH Total Return Fund, Inc.",0000102426,NYSE
XHR,"Xenia Hotels & Resorts, Inc.",0001616000,NYSE
LKFT,Lakefront Biotherapeutics NV,0001421876,NASDAQ
KARD,"Kardigan, Inc.",0002123613,NASDAQ
NEXA,Nexa Resources S.A.,0001713930,NYSE
DMRA,"Damora Therapeutics, Inc.",0001800315,NASDAQ
DAO,"Youdao, Inc.",0001781753,NYSE
EVTC,"EVERTEC, Inc.",0001559865,NYSE
BVENY,Brava Energia S.A.,0002095292,OTC
BY,"BYLINE BANCORP, INC.",0001702750,NYSE
AGBK,AGI Inc,0002081206,NYSE
FXCNY,FIH Mobile Ltd,0001164009,OTC
PSNL,"Personalis, Inc.",0001527753,NASDAQ
VSTS,Vestis Corp,0001967649,NYSE
MDCOY,PT Medco Energi Internasional Tbk/ADR,0002094100,OTC
WS,"Worthington Steel, Inc.",0001968487,NYSE
PAX,Patria Investments Ltd,0001825570,NASDAQ
BLFS,BIOLIFE SOLUTIONS INC,0000834365,NASDAQ
RXRX,"RECURSION PHARMACEUTICALS, INC.",0001601830,NASDAQ
CNXC,Concentrix Corp,0001803599,NASDAQ
FLNG,Flex LNG Ltd.,0001772253,NYSE
LILA,Liberty Latin America Ltd.,0001712184,NASDAQ
BDJ,BlackRock Enhanced Equity Dividend Trust,0001332283,NYSE
AIN,ALBANY INTERNATIONAL CORP /DE/,0000819793,NYSE
PLAB,PHOTRONICS INC,0000810136,NASDAQ
AGRO,Adecoagro S.A.,0001499505,NYSE
USAS,Americas Gold & Silver Corp,0001286973,NYSE
ALNT,ALLIENT INC,0000046129,NASDAQ
BFC,Bank First Corp,0001746109,NASDAQ
UROY,Uranium Royalty Corp.,0002143673,NASDAQ
TGLS,Tecnoglass Holdings Inc.,0001534675,NYSE
CCS,"Century Communities, Inc.",0001576940,NYSE
MQ,"Marqeta, Inc.",0001522540,NASDAQ
TCBK,TRICO BANCSHARES /,0000356171,NASDAQ
ITG,"ITG, Inc./DE/",0002110117,NASDAQ
NLST,NETLIST INC,0001282631,OTC
TSLX,"Sixth Street Specialty Lending, Inc.",0001508655,NYSE
AI,"C3.ai, Inc.",0001577526,NYSE
IMCR,Immunocore Holdings plc,0001671927,NASDAQ
EFC,Ellington Financial Inc.,0001411342,NYSE
PSQL,Pasqal Holding SA,0002119292,NASDAQ
CBL,CBL & ASSOCIATES PROPERTIES INC,0000910612,NYSE
RLJ,RLJ Lodging Trust,0001511337,NYSE
IE,Ivanhoe Electric Inc.,0001879016,NYSE
LIND,"LINDBLAD EXPEDITIONS HOLDINGS, INC.",0001512499,NASDAQ
PIII,P3 Health Partners Inc.,0001832511,NASDAQ
OBK,"Origin Bancorp, Inc.",0001516912,NYSE
QCRH,QCR HOLDINGS INC,0000906465,NASDAQ
LCID,"Lucid Group, Inc.",0001811210,NASDAQ
PRKS,United Parks & Resorts Inc.,0001564902,NYSE
ARCO,Arcos Dorados Holdings Inc.,0001508478,NYSE
AAT,"American Assets Trust, Inc.",0001500217,NYSE
HUN,Huntsman CORP,0001307954,NYSE
PGY,Pagaya Technologies Ltd.,0001883085,NASDAQ
SID,NATIONAL STEEL CO,0001049659,NYSE
MGRT,Mega Fortune Co Ltd,0002033377,NASDAQ
AMPL,"Amplitude, Inc.",0001866692,NASDAQ
JBLU,JETBLUE AIRWAYS CORP,0001158463,NASDAQ
PBT,PERMIAN BASIN ROYALTY TRUST,0000319654,NYSE
BL,"BLACKLINE, INC.",0001666134,NASDAQ
PRGS,PROGRESS SOFTWARE CORP /MA,0000876167,NASDAQ
CTS,CTS CORP,0000026058,NYSE
NTLA,"Intellia Therapeutics, Inc.",0001652130,NASDAQ
TSHA,"Taysha Gene Therapies, Inc.",0001806310,NASDAQ
WWW,WOLVERINE WORLD WIDE INC /DE/,0000110471,NYSE
CASH,"PATHWARD FINANCIAL, INC.",0000907471,NASDAQ
FTRE,Fortrea Holdings Inc.,0001965040,NASDAQ
SNDX,Syndax Pharmaceuticals Inc,0001395937,NASDAQ
WB,WEIBO Corp,0001595761,NASDAQ
ETON,"Eton Pharmaceuticals, Inc.",0001710340,NASDAQ
INBX,"Inhibrx Biosciences, Inc.",0002007919,NASDAQ
FOIL,Londian Wason New Energy Tech Inc.,0002006960,NYSE
ATEX,Anterix Inc.,0001304492,NASDAQ
OPRA,Opera Ltd,0001737450,NASDAQ
ANIP,ANI PHARMACEUTICALS INC,0001023024,NASDAQ
ATEC,"Alphatec Holdings, Inc.",0001350653,NASDAQ
ANAB,"ANAPTYSBIO, INC",0001370053,NASDAQ
GLOB,Globant S.A.,0001557860,NYSE
DSGR,"Distribution Solutions Group, Inc.",0000703604,NASDAQ
TRIN,Trinity Capital Inc.,0001786108,NYSE
GTBIF,Green Thumb Industries Inc.,0001795139,OTC
KMPR,KEMPER Corp,0000860748,NYSE
NVAX,NOVAVAX INC,0001000694,NASDAQ
EBCRY,Embracer Group AB/ADR,0001969796,OTC
CNOB,"ConnectOne Bancorp, Inc.",0000712771,NASDAQ
HAWK,"HawkEye 360, Inc.",0001750704,NYSE
RQI,COHEN & STEERS QUALITY INCOME REALTY FUND INC,0001157842,NYSE
HYT,"BLACKROCK CORPORATE HIGH YIELD FUND, INC.",0001222401,NYSE
WLTH,WEALTHFRONT CORP,0001524566,NASDAQ
GT,GOODYEAR TIRE & RUBBER CO /OH/,0000042582,NASDAQ
TFIN,"Triumph Financial, Inc.",0001539638,NYSE
APC,ARKO Petroleum Corp.,0002080921,NASDAQ
IMKTA,INGLES MARKETS INC,0000050493,NASDAQ
ADIG,ADI GLOBAL DISTRIBUTION INC.,0002105139,NYSE
GAM,GENERAL AMERICAN INVESTORS CO INC,0000040417,NYSE
JJSF,J&J SNACK FOODS CORP,0000785956,NASDAQ
CPRI,Capri Holdings Ltd,0001530721,NYSE
FRNM,"Freenome, Inc.",0002017526,NASDAQ
BCAT,BlackRock Capital Allocation Term Trust,0001809541,NYSE
IIPR,INNOVATIVE INDUSTRIAL PROPERTIES INC,0001677576,NYSE
NAT,NORDIC AMERICAN TANKERS Ltd,0001000177,NYSE
ARDT,"Ardent Health, Inc.",0001756655,NYSE
DCH,Dauch Corp,0001062231,NYSE
ICFI,"ICF International, Inc.",0001362004,NASDAQ
CSWC,CAPITAL SOUTHWEST CORP,0000017313,NASDAQ
AMBQ,"Ambiq Micro, Inc.",0001500412,NYSE
NOMD,Nomad Foods Ltd,0001651717,NYSE
AVLN,Avalyn Pharma Inc.,0001540171,NASDAQ
AAPG,ASCENTAGE PHARMA GROUP INTERNATIONAL,0002023311,NASDAQ
BCAX,Bicara Therapeutics Inc.,0002023658,NASDAQ
AGL,"agilon health, inc.",0001831097,NYSE
SAFT,SAFETY INSURANCE GROUP INC,0001172052,NASDAQ
MBC,"MasterBrand, Inc.",0001941365,NYSE
ADNT,Adient plc,0001670541,NYSE
HCSG,HEALTHCARE SERVICES GROUP INC,0000731012,NASDAQ
LNXSY,LANXESS AG,0001311307,OTC
COUR,"Coursera, Inc.",0001651562,NYSE
LKFN,LAKELAND FINANCIAL CORP,0000721994,NASDAQ
IAUX,i-80 Gold Corp.,0001853962,NYSE
RVLV,"Revolve Group, Inc.",0001746618,NYSE
SVV,"Savers Value Village, Inc.",0001883313,NYSE
SBH,"Sally Beauty Holdings, Inc.",0001368458,NYSE
VISN,"Vistance Networks, Inc.",0001517228,NASDAQ
NMAX,Newsmax Inc.,0002026478,NYSE
DMC,DEL MONTE CORP,0001047340,NYSE
OMCL,"OMNICELL, INC.",0000926326,NASDAQ
GIC,GLOBAL INDUSTRIAL Co,0000945114,NYSE
INVA,"Innoviva, Inc.",0001080014,NASDAQ
QQQX,Nuveen NASDAQ 100 Dynamic Overwrite Fund,0001608741,NASDAQ
LYNX,Lyntris Inc.,0002132582,NYSE
ECAT,BlackRock ESG Capital Allocation Term Trust,0001864843,NYSE
NFJ,"Virtus Dividend, Interest & Premium Strategy Fund",0001260563,NYSE
INNV,InnovAge Holding Corp.,0001834376,NASDAQ
AVVSY,Avio S.p.A./ADR,0002082141,OTC
PRG,"PROG Holdings, Inc.",0001808834,NYSE
MLKN,"MILLERKNOLL, INC.",0000066382,NASDAQ
LTGO,"Latigo Biotherapeutics, Inc.",0002056611,NASDAQ
WEN,Wendy's Co,0000030697,NASDAQ
CRSR,"Corsair Gaming, Inc.",0001743759,NASDAQ
DMLP,"DORCHESTER MINERALS, L.P.",0001172358,NASDAQ
ESQ,"Esquire Financial Holdings, Inc.",0001531031,NASDAQ
TPB,"Turning Point Brands, Inc.",0001290677,NYSE
PWP,Perella Weinberg Partners,0001777835,NASDAQ
XZO,"Exzeo Group, Inc.",0001873951,NYSE
WBTN,WEBTOON Entertainment Inc.,0001997859,NASDAQ
LBRX,LB PHARMACEUTICALS INC,0001691082,NASDAQ
PAHC,PHIBRO ANIMAL HEALTH CORP,0001069899,NASDAQ
BHRB,Burke & Herbert Financial Services Corp.,0001964333,NASDAQ
APPS,"Digital Turbine, Inc.",0000317788,NASDAQ
AMAL,Amalgamated Financial Corp.,0001823608,NASDAQ
ABSI,Absci Corp,0001672688,NASDAQ
RES,RPC INC,0000742278,NYSE
PEBO,PEOPLES BANCORP INC,0000318300,NASDAQ
AMSC,AMERICAN SUPERCONDUCTOR CORP /DE/,0000880807,NASDAQ
ARLO,"Arlo Technologies, Inc.",0001736946,NYSE
TEN,TSAKOS ENERGY NAVIGATION LTD,0001166663,NYSE
AVBP,"ArriVent BioPharma, Inc.",0001868279,NASDAQ
FMC,FMC CORP,0000037785,NYSE
UFCS,UNITED FIRE GROUP INC,0000101199,NASDAQ
EOSE,"Eos Energy Enterprises, Inc.",0001805077,NASDAQ
TMP,TOMPKINS FINANCIAL CORP,0001005817,NYSE
SDGR,"Schrodinger, Inc.",0001490978,NASDAQ
RARE,Ultragenyx Pharmaceutical Inc.,0001515673,NASDAQ
SLVM,Sylvamo Corp,0001856485,NYSE
BTT,BlackRock Municipal 2030 Target Term Trust,0001528437,NYSE
BXBL,BOXABL Inc.,0001906364,NASDAQ
ENR,"ENERGIZER HOLDINGS, INC.",0001632790,NYSE
PUMP,ProPetro Holding Corp.,0001680247,NYSE
NVGS,Navigator Holdings Ltd.,0001581804,NYSE
GOLD,"Gold.com, Inc.",0001591588,NYSE
SBCLY,Sumitomo Bakelite Co Limited/ADR,0002087852,OTC
CTBI,COMMUNITY TRUST BANCORP INC /KY/,0000350852,NASDAQ
WD,"Walker & Dunlop, Inc.",0001497770,NYSE
RIOFF,Rio2 Ltd,0001743235,OTC
SCL,STEPAN CO,0000094049,NYSE
HPP,"Hudson Pacific Properties, Inc.",0001482512,NYSE
EYE,"National Vision Holdings, Inc.",0001710155,NASDAQ
VZLA,Vizsla Silver Corp.,0001796073,NYSE
CNMD,CONMED Corp,0000816956,NYSE
AMPX,"Amprius Technologies, Inc.",0001899287,NYSE
TRS,TRIMAS CORP,0000842633,NASDAQ
POET,POET TECHNOLOGIES INC.,0001437424,NASDAQ
FUN,Six Flags Entertainment Corporation/NEW,0001999001,NYSE
PNTG,"Pennant Group, Inc.",0001766400,NASDAQ
BBAI,"BigBear.ai Holdings, Inc.",0001836981,NYSE
REX,REX AMERICAN RESOURCES Corp,0000744187,NYSE
MAZE,"Maze Therapeutics, Inc.",0001842295,NASDAQ
ROCK,"GIBRALTAR INDUSTRIES, INC.",0000912562,NASDAQ
HLMN,Hillman Solutions Corp.,0001822492,NASDAQ
ELE,Elemental Royalty Corp,0002086771,NASDAQ
SFDMY,Shanghai Fudan Microelectronics Co Limited/ADR/,0001493507,OTC
FOR,Forestar Group Inc.,0001406587,NYSE
WABC,WESTAMERICA BANCORPORATION,0000311094,NASDAQ
NBR,NABORS INDUSTRIES LTD,0001163739,NYSE
NUTX,Nutex Health Inc.,0001479681,NASDAQ
TBN,Tamboran Resources Corp,0001997652,NYSE
WOLF,"WOLFSPEED, INC.",0000895419,NYSE
XERS,"Xeris Biopharma Holdings, Inc.",0001867096,NASDAQ
FMBH,"FIRST MID BANCSHARES, INC.",0000700565,NASDAQ
AZTA,"Azenta, Inc.",0000933974,NASDAQ
TE,T1 Energy Inc.,0001992243,NYSE
VOR,Vor Biopharma Inc.,0001817229,NASDAQ
OMER,OMEROS CORP,0001285819,NASDAQ
IMTX,Immatics N.V.,0001809196,NASDAQ
PRSU,"Pursuit Attractions & Hospitality, Inc.",0000884219,NYSE
SECZ,Securitize Corp.,0002094496,NYSE
BRUN,Boost Run Inc.,0002090646,NASDAQ
RMIX,"Suncrete, Inc.",0002094433,NASDAQ
KMTS,"KESTRA MEDICAL TECHNOLOGIES, LTD.",0001877184,NASDAQ
TYRA,"Tyra Biosciences, Inc.",0001863127,NASDAQ
CCEC,Capital Clean Energy Carriers Corp.,0001392326,NASDAQ
GBX,GREENBRIER COMPANIES INC,0000923120,NYSE
XPEL,"XPEL, Inc.",0001767258,NASDAQ
LQDT,LIQUIDITY SERVICES INC,0001235468,NASDAQ
AKTS,"Aktis Oncology, Inc.",0002035832,NASDAQ
DRTS,Alpha Tau Medical Ltd.,0001871321,NASDAQ
HBT,"HBT Financial, Inc.",0000775215,NASDAQ
UMH,"UMH PROPERTIES, INC.",0000752642,NYSE
HLIT,HARMONIC INC.,0000851310,NASDAQ
ASIC,Ategrity Specialty Insurance Co Holdings,0002040491,NYSE
SLSR,Solaris Resources Inc.,0002019103,NYSE
RYZ,Ryerson Holding Corp,0001481582,NYSE
BORR,Borr Drilling Ltd,0001715497,NYSE
OPY,OPPENHEIMER HOLDINGS INC,0000791963,NYSE
IRS,IRSA INVESTMENTS & REPRESENTATIONS INC,0000933267,NYSE
ESRT,"Empire State Realty Trust, Inc.",0001541401,NYSE
CNL,Collective Mining Ltd.,0001953575,NASDAQ
OSBC,OLD SECOND BANCORP INC,0000357173,NASDAQ
HROW,"HARROW, INC.",0001360214,NASDAQ
ULCC,"Frontier Group Holdings, Inc.",0001670076,NASDAQ
NSSC,"NAPCO SECURITY TECHNOLOGIES, INC",0000069633,NASDAQ
FLO,FLOWERS FOODS INC,0001128928,NYSE
AMN,AMN HEALTHCARE SERVICES INC,0001142750,NYSE
TRAX,"First Tracks Biotherapeutics, Inc.",0002091349,NASDAQ
LSPD,Lightspeed Commerce Inc.,0001823306,NYSE
PSNY,Polestar Automotive Holding UK PLC,0001884082,NASDAQ
CXM,"Sprinklr, Inc.",0001569345,NYSE
EFOR,Everforth Inc,0000890564,NYSE
SPTX,"Seaport Therapeutics, Inc.",0002042347,NASDAQ
SENEA,Seneca Foods Corp,0000088948,NASDAQ
BJRI,BJs RESTAURANTS INC,0001013488,NASDAQ
FCEL,FUELCELL ENERGY INC,0000886128,NASDAQ
ALX,ALEXANDERS INC,0000003499,NYSE
AZUL,AZUL SA,0001432364,NYSE
AMRC,"Ameresco, Inc.",0001488139,NYSE
DOLE,Dole plc,0001857475,NYSE
CGEM,"Cullinan Therapeutics, Inc.",0001789972,NASDAQ
VTOL,Bristow Group Inc.,0001525221,NYSE
ORIC,"Oric Pharmaceuticals, Inc.",0001796280,NASDAQ
ORC,"Orchid Island Capital, Inc.",0001518621,NYSE
TV,"GRUPO TELEVISA, S.A.B.",0000912892,NYSE
ANRO,"Alto Neuroscience, Inc.",0001999480,NYSE
WLDN,"Willdan Group, Inc.",0001370450,NASDAQ
EPC,EDGEWELL PERSONAL CARE Co,0001096752,NYSE
HLF,HERBALIFE LTD.,0001180262,NYSE
TK,TEEKAY CORP LTD,0000911971,NYSE
MGTX,MeiraGTx Holdings plc,0001735438,NASDAQ
MSDL,Morgan Stanley Direct Lending Fund,0001782524,NYSE
LZB,LA-Z-BOY INC,0000057131,NYSE
UVE,"UNIVERSAL INSURANCE HOLDINGS, INC.",0000891166,NYSE
PFBC,Preferred Bank,0001492165,NASDAQ
JCAP,"Jefferson Capital, Inc. / DE",0002046042,NASDAQ
CDRE,"Cadre Holdings, Inc.",0001860543,NYSE
RCAT,"Red Cat Holdings, Inc.",0000748268,NASDAQ
LADR,Ladder Capital Corp,0001577670,NYSE
PCT,"PureCycle Technologies, Inc.",0001830033,NASDAQ
GLUE,"Monte Rosa Therapeutics, Inc.",0001826457,NASDAQ
REPL,"Replimune Group, Inc.",0001737953,NASDAQ
NBXG,Neuberger Next Generation Connectivity Fund Inc.,0001843181,NYSE
CCO,"Clear Channel Outdoor Holdings, Inc.",0001334978,NYSE
SBE,"SB Energy, Inc.",0002133037,OTC
VCX,"Fundrise Innovation Fund, LLC",0001867090,NYSE
AFYA,Afya Ltd,0001771007,NASDAQ
SHLS,"Shoals Technologies Group, Inc.",0001831651,NASDAQ
TNDM,TANDEM DIABETES CARE INC,0001438133,NASDAQ
IART,INTEGRA LIFESCIENCES HOLDINGS CORP,0000917520,NASDAQ
GIII,G III APPAREL GROUP LTD /DE/,0000821002,NASDAQ
MNKD,MANNKIND CORP,0000899460,NASDAQ
OMDA,"Omada Health, Inc.",0001611115,NASDAQ
CLBK,"Columbia Financial, Inc./MD/",0002115119,NASDAQ
AORT,"ARTIVION, INC.",0000784199,NYSE
WLFC,WILLIS LEASE FINANCE CORP,0001018164,NASDAQ
RDVT,"Red Violet, Inc.",0001720116,NASDAQ
ALMS,ALUMIS INC.,0001847367,NASDAQ
MNSKY,MoneySupermarket.com Group PLC/ADR,0001584297,OTC
THRM,Gentherm Inc,0000903129,NASDAQ
PDM,"Piedmont Realty Trust, Inc.",0001042776,NYSE
LNN,LINDSAY CORP,0000836157,NYSE
CRCT,"Cricut, Inc.",0001828962,NASDAQ
DSL,DoubleLine Income Solutions Fund,0001566388,NYSE
REAL,"TheRealReal, Inc.",0001573221,NASDAQ
ODTX,"Odyssey Therapeutics, Inc.",0001882782,NASDAQ
SCSC,"SCANSOURCE, INC.",0000918965,NASDAQ
CLVT,CLARIVATE PLC,0001764046,NYSE
MMI,"Marcus & Millichap, Inc.",0001578732,NYSE
DFIN,"Donnelley Financial Solutions, Inc.",0001669811,NYSE
TNC,TENNANT CO,0000097134,NYSE
RDWR,RADWARE LTD,0001094366,NASDAQ
CMRF,"CIM GROUP, INC.",0001498547,OTC
BRAI,Braiin Ltd,0002076975,NASDAQ
USPH,U S PHYSICAL THERAPY INC /NV,0000885978,NYSE
SLBT,SL Science Holding Ltd,0002070534,NASDAQ
UVSP,UNIVEST FINANCIAL Corp,0000102212,NASDAQ
HFWA,HERITAGE FINANCIAL CORP /WA/,0001046025,NASDAQ
NXRT,"NexPoint Residential Trust, Inc.",0001620393,NYSE
VYX,NCR Voyix Corp,0000070866,NYSE
BH-A,Biglari Holdings Inc.,0001726173,NYSE
GNK,GENCO SHIPPING & TRADING LTD,0001326200,NYSE
DEA,"Easterly Government Properties, Inc.",0001622194,NYSE
HBNB,Hotel101 Global Holdings Corp.,0002054507,NASDAQ
MUX,McEwen Inc.,0000314203,NYSE
NHP,"National Healthcare Properties, Inc.",0001561032,NASDAQ
OPK,"OPKO HEALTH, INC.",0000944809,NASDAQ
PRCT,PROCEPT BioRobotics Corp,0001588978,NASDAQ
LGIH,"LGI Homes, Inc.",0001580670,NASDAQ
AIIR,AIR Global PLC,0002097725,NASDAQ
UMAC,"Unusual Machines, Inc.",0001956955,NYSE
HZO,MARINEMAX INC,0001057060,NYSE
CRON,Cronos Group Inc.,0001656472,NASDAQ
YELP,YELP INC,0001345016,NYSE
GDRX,"GoodRx Holdings, Inc.",0001809519,NASDAQ
BW,"Babcock & Wilcox Enterprises, Inc.",0001630805,NYSE
ESBA,"Empire State Realty OP, L.P.",0001553079,NYSE
ARHS,"Arhaus, Inc.",0001875444,NASDAQ
AMTB,Amerant Bancorp Inc.,0001734342,NYSE
SPH,SUBURBAN PROPANE PARTNERS LP,0001005210,NYSE
PDS,PRECISION DRILLING Corp,0001013605,NYSE
FSBC,FIVE STAR BANCORP,0001275168,NASDAQ
XTND,"Xtend AI Robotics, Inc.",0002111860,NYSE
PSEC,PROSPECT CAPITAL CORP,0001287032,NASDAQ
CERT,"Certara, Inc.",0001827090,NASDAQ
AVEX,AEVEX Corp.,0002096300,NYSE
AVO,"Mission Produce, Inc.",0001802974,NASDAQ
EOS,Eaton Vance Enhanced Equity Income Fund II,0001308335,NYSE
DFH,"Dream Finders Homes, Inc.",0001825088,NYSE
EVCM,EverCommerce Inc.,0001853145,NASDAQ
AIP,"Arteris, Inc.",0001667011,NASDAQ
LOMA,Loma Negra Compania Industrial Argentina Sociedad Anonima,0001711375,NYSE
MYE,MYERS INDUSTRIES INC,0000069488,NYSE
UVV,UNIVERSAL CORP /VA/,0000102037,NYSE
NPKI,NPK International Inc.,0000071829,NYSE
MRTN,MARTEN TRANSPORT LTD,0000799167,NASDAQ
ASA,ASA Gold & Precious Metals Ltd,0001230869,NYSE
MCB,Metropolitan Bank Holding Corp.,0001476034,NYSE
JBIO,"Jade Biosciences, Inc.",0001798749,NASDAQ
HSLV,Highlander Silver Corp.,0002013223,NYSE
UTI,UNIVERSAL TECHNICAL INSTITUTE INC,0001261654,NYSE
TDOC,"Teladoc Health, Inc.",0001477449,NYSE
GO,Grocery Outlet Holding Corp.,0001771515,NASDAQ
GTM,ZoomInfo Technologies Inc.,0001794515,NASDAQ
CRI,CARTERS INC,0001060822,NYSE
APMD,"Apnimed, Inc.",0001745648,NASDAQ
TUYA,Tuya Inc.,0001829118,NYSE
BOW,Bowhead Specialty Holdings Inc.,0002002473,NYSE
WINA,WINMARK CORP,0000908315,NASDAQ
OCSL,Oaktree Specialty Lending Corp,0001414932,NASDAQ
OBX,"Obsidian Therapeutics, Inc.",0002130606,NASDAQ
STAA,STAAR SURGICAL CO,0000718937,NASDAQ
AOD,abrdn Total Dynamic Dividend Fund,0001379400,NYSE
PD,"PagerDuty, Inc.",0001568100,NYSE
ASM,AVINO SILVER & GOLD MINES LTD,0000316888,NYSE
NPK,NATIONAL PRESTO INDUSTRIES INC,0000080172,NYSE
IGIC,International General Insurance Holdings Ltd.,0001794338,NASDAQ
YSS,York Space Systems Inc.,0002086587,NYSE
ECVT,Ecovyst Inc.,0001708035,NYSE
CBRL,"CRACKER BARREL OLD COUNTRY STORE, INC",0001067294,NASDAQ
LMRI,"Lumexa Imaging Holdings, Inc.",0002071288,NASDAQ
SVRA,Savara Inc,0001160308,NASDAQ
CPPKF,Faraday Copper Corp.,0001691710,OTC
ENOV,Enovis CORP,0001420800,NYSE
SBR,SABINE ROYALTY TRUST,0000710752,NYSE
BFS,"SAUL CENTERS, INC.",0000907254,NYSE
CFFN,"Capitol Federal Financial, Inc.",0001490906,NASDAQ
TRUP,"TRUPANION, INC.",0001371285,NASDAQ
UPWK,"UPWORK, INC",0001627475,NASDAQ
DLX,DELUXE CORP,0000027996,NYSE
CRVS,"Corvus Pharmaceuticals, Inc.",0001626971,NASDAQ
CRF,CORNERSTONE TOTAL RETURN FUND INC,0000033934,NYSE
SGML,Sigma Lithium Corp,0001848309,NASDAQ
XIFR,"XPLR Infrastructure, LP",0001603145,NYSE
AEVA,"Aeva Technologies, Inc.",0001789029,NASDAQ
GSBD,"Goldman Sachs BDC, Inc.",0001572694,NYSE
BRBR,"BELLRING BRANDS, INC.",0001772016,NYSE
CPAC,CEMENTOS PACASMAYO SAA,0001221029,NYSE
NEWP,NEW PACIFIC METALS CORP,0001369085,NYSE
MLTX,MoonLake Immunotherapeutics,0001821586,NASDAQ
TALMF,Fuerte Metals Corp,0002001201,OTC
MALG,MICROALLIANCE GROUP INC.,0001309251,OTC
MSEX,MIDDLESEX WATER CO,0000066004,NASDAQ
JANX,"Janux Therapeutics, Inc.",0001817713,NASDAQ
UPBD,"UPBOUND GROUP, INC.",0000933036,NASDAQ
LAC,LITHIUM AMERICAS CORP.,0001966983,NYSE
MBWM,MERCANTILE BANK CORP,0001042729,NASDAQ
HPK,"HighPeak Energy, Inc.",0001792849,NASDAQ
VMET,Versamet Royalties Corp,0002080073,NASDAQ
CII,"BlackRock Enhanced Large Cap Core Fund, Inc.",0001278895,NYSE
TRIP,"TripAdvisor, Inc.",0001526520,NASDAQ
LU,Lufax Holding Ltd,0001816007,NYSE
CMP,COMPASS MINERALS INTERNATIONAL INC,0001227654,NYSE
FSCO,FS Credit Opportunities Corp.,0001568194,NYSE
ETW,Eaton Vance Tax-Managed Global Buy-Write Opportunities Fund,0001322435,NYSE
LTGHY,Life Healthcare Group Holdings Limited/ADR,0001569963,OTC
IRMD,IRADIMED CORP,0001325618,NASDAQ
QNST,"QUINSTREET, INC",0001117297,NASDAQ
ATTO,"Attovia Therapeutics, Inc.",0002058707,NASDAQ
GLIBA,Liberty Capital Corp/NV,0002057463,NASDAQ
BV,"BrightView Holdings, Inc.",0001734713,NYSE
GPRE,Green Plains Inc.,0001309402,NASDAQ
FPF,First Trust Intermediate Duration Preferred & Income Fund,0001567569,NYSE
BTX,BlackRock Technology & Private Equity Term Trust,0001836057,NYSE
QFIN,"Qfin Holdings, Inc.",0001741530,NASDAQ
YKCLY,Yamato Kogyo Co. Ltd/ADR,0002107946,OTC
RHLD,"Resolute Holdings Management, Inc.",0002039497,NYSE
ITRN,Ituran Location & Control Ltd.,0001337117,NASDAQ
KURA,"Kura Oncology, Inc.",0001422143,NASDAQ
BMEZ,BlackRock Health Sciences Term Trust,0001785971,NYSE
TBLA,Taboola.com Ltd.,0001840502,NASDAQ
CSR,CENTERSPACE,0000798359,NYSE
GHM,GRAHAM CORP,0000716314,NYSE
EQBK,EQUITY BANCSHARES INC,0001227500,NYSE
LZ,"LEGALZOOM.COM, INC.",0001286139,NASDAQ
BFST,"Business First Bancshares, Inc.",0001624322,NASDAQ
CRAI,"CRA INTERNATIONAL, INC.",0001053706,NASDAQ
CCNE,CNB FINANCIAL CORP/PA,0000736772,NASDAQ
ABTC,American Bitcoin Corp.,0001755953,NASDAQ
OI,"O-I Glass, Inc. /DE/",0000812074,NYSE
HRTG,"Heritage Insurance Holdings, Inc.",0001598665,NYSE
MCBS,"MetroCity Bankshares, Inc.",0001747068,NASDAQ
RAJAF,"TFA Therapeutics, Inc.",0001885680,OTC
ANL,Adlai Nortye Group Ltd.,0001944552,NASDAQ
DEC,Diversified Energy Co,0001922446,NYSE
SIFY,SIFY TECHNOLOGIES LTD,0001094324,NASDAQ
ABUS,Arbutus Biopharma Corp,0001447028,NASDAQ
PCRX,"Pacira BioSciences, Inc.",0001396814,NASDAQ
LGSXY,Light S.A./ADR,0001447221,OTC
CHY,CALAMOS CONVERTIBLE & HIGH INCOME FUND,0001222719,NASDAQ
HBNC,HORIZON BANCORP INC /IN/,0000706129,NASDAQ
TTI,TETRA TECHNOLOGIES INC,0000844965,NYSE
LUXE,LuxExperience B.V.,0001831907,NYSE
NWPX,"NWPX Infrastructure, Inc.",0001001385,NASDAQ
ANGX,"Angel Studios, Inc.",0001865200,NYSE
SBGI,"Sinclair, Inc.",0001971213,NASDAQ
AMPH,"Amphastar Pharmaceuticals, Inc.",0001297184,NASDAQ
CHI,CALAMOS CONVERTIBLE OPPORTUNITIES & INCOME FUND,0001171471,NASDAQ
NBBK,"NB Bancorp, Inc.",0001979330,NASDAQ
TRST,TRUSTCO BANK CORP N Y,0000357301,NASDAQ
JMIA,Jumia Technologies AG,0001756708,NYSE
SAFE,Safehold Inc.,0001095651,NYSE
SOC,Sable Offshore Corp.,0001831481,NYSE
NX,Quanex Building Products CORP,0001423221,NYSE
FTK,FLOTEK INDUSTRIES INC/CN/,0000928054,NYSE
CSTL,CASTLE BIOSCIENCES INC,0001447362,NASDAQ
PTA,Cohen & Steers Tax-Advantaged Preferred Securities & Income Fund,0001793882,NYSE
FMCB,FARMERS & MERCHANTS BANCORP,0001085913,OTC
DXYZ,Destiny Tech100 Inc.,0001843974,NYSE
BCX,BlackRock Resources & Commodities Strategy Trust,0001506289,NYSE
VRTS,"VIRTUS INVESTMENT PARTNERS, INC.",0000883237,NYSE
ELVR,Elevra Lithium Ltd,0001739016,NASDAQ
LAR,Lithium Argentina AG,0001440972,NYSE
CAC,CAMDEN NATIONAL CORP,0000750686,NASDAQ
CPF,CENTRAL PACIFIC FINANCIAL CORP,0000701347,NYSE
MUC,"BLACKROCK MUNIHOLDINGS CALIFORNIA QUALITY FUND, INC.",0001051004,NYSE
CRML,Critical Metals Corp.,0001951089,NASDAQ
UTL,UNITIL CORP,0000755001,NYSE
IBTA,"Ibotta, Inc.",0001538379,NYSE
SYNSY,Syensqo SA/ADR,0002004340,OTC
PDX,PIMCO Dynamic Income Strategy Fund,0001756908,NYSE
PSIX,"POWER SOLUTIONS INTERNATIONAL, INC.",0001137091,NASDAQ
ABR,ARBOR REALTY TRUST INC,0001253986,NYSE
PXED,"Phoenix Education Partners, Inc.",0001600222,NYSE
ASTE,ASTEC INDUSTRIES INC,0000792987,NASDAQ
SBSI,SOUTHSIDE BANCSHARES INC,0000705432,NYSE
SLDB,Solid Biosciences Inc.,0001707502,NASDAQ
ACDC,ProFrac Holding Corp.,0001881487,NASDAQ
MTA,Metalla Royalty & Streaming Ltd.,0001722606,NYSE
IVA,Inventiva S.A.,0001756594,NASDAQ
BUR,Burford Capital Ltd,0001714174,NYSE
FTH,"Faeth Therapeutics, Inc.",0001829802,NASDAQ
FEIM,FREQUENCY ELECTRONICS INC,0000039020,NASDAQ
FRBT,"Forbright, Inc.",0001925062,NASDAQ
HELP,CYBIN INC.,0001833141,NASDAQ
REPX,"Riley Exploration Permian, Inc.",0001001614,NYSE
ACEL,"Accel Entertainment, Inc.",0001698991,NYSE
RNP,COHEN & STEERS REIT & PREFERRED & INCOME FUND INC,0001224450,NYSE
ARDX,"ARDELYX, INC.",0001437402,NASDAQ
HAFC,HANMI FINANCIAL CORP,0001109242,NASDAQ
BBN,BlackRock Taxable Municipal Bond Trust,0001493683,NYSE
HTLD,HEARTLAND EXPRESS INC,0000799233,NASDAQ
SANA,"Sana Biotechnology, Inc.",0001770121,NASDAQ
TDAY,"USA TODAY Co., Inc.",0001579684,NYSE
HEPS,D-MARKET Electronic Services & Trading,0001850235,NASDAQ
MPB,MID PENN BANCORP INC,0000879635,NASDAQ
KRT,Karat Packaging Inc.,0001758021,NASDAQ
ABX,"Abacus Global Management, Inc.",0001814287,NYSE
FET,"FORUM ENERGY TECHNOLOGIES, INC.",0001401257,NYSE
KRO,KRONOS WORLDWIDE INC,0001257640,NYSE
SGP,"SpyGlass Pharma, Inc.",0001778922,NASDAQ
OXLC,Oxford Lane Capital Corp.,0001495222,NASDAQ
FMNB,FARMERS NATIONAL BANC CORP /OH/,0000709337,NASDAQ
AEBI,Aebi Schmidt Holding AG,0002048519,NASDAQ
PLOW,"DOUGLAS DYNAMICS, INC",0001287213,NYSE
GFR,Greenfire Resources Ltd.,0001966287,NYSE
CIM,CHIMERA INVESTMENT CORP,0001409493,NYSE
THFF,FIRST FINANCIAL CORP /IN/,0000714562,NASDAQ
MSSHY,Mitsui-Soko Holdings Co Limited/ADR,0002087844,OTC
PSTL,"Postal Realty Trust, Inc.",0001759774,NYSE
QMCO,QUANTUM CORP /DE/,0000709283,NASDAQ
RZLV,REZOLVE AI PLC,0001920294,NASDAQ
BBDC,"Barings BDC, Inc.",0001379785,NYSE
STK,"Columbia Seligman Premium Technology Growth Fund, Inc.",0001471420,NYSE
IQ,"iQIYI, Inc.",0001722608,NASDAQ
KFRC,KFORCE INC,0000930420,NYSE
DSGN,"Design Therapeutics, Inc.",0001807120,NASDAQ
WVE,"Wave Life Sciences, Inc.",0001631574,NASDAQ
FFMGF,First Mining Gold Corp.,0001641229,OTC
KODK,EASTMAN KODAK CO,0000031235,NYSE
OLMA,"Olema Pharmaceuticals, Inc.",0001750284,NASDAQ
CBLL,"Ceribell, Inc.",0001861107,NASDAQ
BTGO,"BITGO HOLDINGS, INC.",0001740604,NYSE
FCBC,FIRST COMMUNITY BANKSHARES INC /VA/,0000859070,NASDAQ
WRLD,WORLD ACCEPTANCE CORP,0000108385,NASDAQ
DJCO,DAILY JOURNAL CORP,0000783412,NASDAQ
RPC,"Ridgepost Capital, Inc.",0001841968,NYSE
SCZM,Santacruz Silver Mining Ltd.,0001548536,NASDAQ
AVTX,"Avalo Therapeutics, Inc.",0001534120,NASDAQ
RIGL,RIGEL PHARMACEUTICALS INC,0001034842,NASDAQ
EVLV,"Evolv Technologies Holdings, Inc.",0001805385,NASDAQ
DAKT,DAKTRONICS INC /SD/,0000915779,NASDAQ
BVS,Bioventus Inc.,0001665988,NASDAQ
SVC,Service Properties Trust,0000945394,NASDAQ
CVLG,"COVENANT LOGISTICS GROUP, INC.",0000928658,NYSE
EIG,"Employers Holdings, Inc.",0001379041,NYSE
BZH,BEAZER HOMES USA INC,0000915840,NYSE
LXRX,"LEXICON PHARMACEUTICALS, INC.",0001062822,NASDAQ
NNE,Nano Nuclear Energy Inc.,0001923891,NASDAQ
SMBK,SMARTFINANCIAL INC.,0001038773,NYSE
RBTK,ZHEN DING RESOURCES INC.,0001594204,OTC
SMPL,Simply Good Foods Co,0001702744,NASDAQ
TBPH,"Theravance Biopharma, Inc.",0001583107,NASDAQ
PLTK,Playtika Holding Corp.,0001828016,NASDAQ
TIGR,UP Fintech Holding Ltd,0001756699,NASDAQ
KOP,Koppers Holdings Inc.,0001315257,NYSE
FSSL,FS Specialty Lending Fund,0002065812,NYSE
MNTN,"MNTN, Inc.",0001891027,NYSE
RERE,ATRenew Inc.,0001838957,NYSE
HTD,JOHN HANCOCK TAX-ADVANTAGED DIVIDEND INCOME FUND,0001260041,NYSE
AIO,Virtus Artificial Intelligence & Technology Opportunities Fund,0001778114,NYSE
NANO,ATII Holdings Inc.,0002101833,OTC
JBGS,JBG SMITH Properties,0001689796,NYSE
MAKO,Mako Mining Corp.,0001784930,NASDAQ
NAVI,NAVIENT CORP,0001593538,NASDAQ
NXDR,"Nextdoor Holdings, Inc.",0001846069,NYSE
GSBC,"GREAT SOUTHERN BANCORP, INC.",0000854560,NASDAQ
VPG,"Vishay Precision Group, Inc.",0001487952,NYSE
IMMX,"Immix Biopharma, Inc.",0001873835,NASDAQ
CSIQ,Canadian Solar Inc.,0001375877,NASDAQ
CAPL,CrossAmerica Partners LP,0001538849,NYSE
NRK,NUVEEN NEW YORK AMT-FREE QUALITY MUNICIPAL INCOME FUND,0001195739,NYSE
SABR,Sabre Corp,0001597033,NASDAQ
GERN,GERON CORP,0000886744,NASDAQ
ODD,Oddity Tech Ltd,0001907085,NASDAQ
MFA,"MFA FINANCIAL, INC.",0001055160,NYSE
CCBG,CAPITAL CITY BANK GROUP INC,0000726601,NASDAQ
OGG,Osisko Gold Group Inc.,0001431852,NYSE
CRESY,CRESUD INC,0001034957,NASDAQ
PCN,PIMCO CORPORATE & INCOME STRATEGY FUND,0001160990,NYSE
CRTO,Criteo S.A.,0001576427,NASDAQ
AWF,ALLIANCEBERNSTEIN GLOBAL HIGH INCOME FUND INC,0000906013,NYSE
HAPVY,Hapvida Participacoes e Investimentos S.A./ADR,0001869666,OTC
SB,"SAFE BULKERS, INC.",0001434754,NYSE
ARI,"Apollo Commercial Real Estate Finance, Inc.",0001467760,NYSE
SMP,"STANDARD MOTOR PRODUCTS, INC.",0000093389,NYSE
BKSY,BlackSky Technology Inc.,0001753539,NYSE
INMD,InMode Ltd.,0001742692,NASDAQ
KBDC,"Kayne Anderson BDC, Inc.",0001747172,NYSE
SG,"Sweetgreen, Inc.",0001477815,NYSE
TXO,"TXO Partners, L.P.",0001559432,NYSE
SXC,"SunCoke Energy, Inc.",0001514705,NYSE
KOPN,KOPIN CORP,0000771266,NASDAQ
ADSE,Ads-Tec Energy Public Ltd Co,0001879248,NASDAQ
HSTM,HEALTHSTREAM INC,0001095565,NASDAQ
OBE,OBSIDIAN ENERGY LTD.,0001334388,NYSE
HSHP,Himalaya Shipping Ltd.,0001959455,NYSE
HIPO,Hippo Holdings Inc.,0001828105,NYSE
SPFI,"SOUTH PLAINS FINANCIAL, INC.",0001163668,NASDAQ
EGBN,EAGLE BANCORP INC,0001050441,NASDAQ
DSP,Viant Technology Inc.,0001828791,NASDAQ
FOXF,FOX FACTORY HOLDING CORP,0001424929,NASDAQ
MCS,MARCUS CORP,0000062234,NYSE
RXT,"Rackspace Technology, Inc.",0001810019,NASDAQ
HIVE,HIVE Digital Technologies Ltd.,0001720424,NASDAQ
ORRF,ORRSTOWN FINANCIAL SERVICES INC,0000826154,NASDAQ
CODI,Compass Diversified Holdings,0001345126,NYSE
LXU,"LSB INDUSTRIES, INC.",0000060714,NYSE
YALA,Yalla Group Ltd,0001794350,NYSE
BAK,BRASKEM SA,0001071438,NYSE
ROOT,"Root, Inc.",0001788882,NASDAQ
EVER,"EverQuote, Inc.",0001640428,NASDAQ
REF,Reformation Inc.,0001787117,NYSE
SIBN,"SI-BONE, Inc.",0001459839,NASDAQ
ALRS,ALERUS FINANCIAL CORP,0000903419,NASDAQ
SKYH,Sky Harbour Group Corp,0001823587,NYSE
CLYM,"Climb Bio, Inc.",0001768446,NASDAQ
PEO,"ADAMS NATURAL RESOURCES FUND, INC.",0000216851,NYSE
RJET,REPUBLIC AIRWAYS HOLDINGS INC.,0000810332,NASDAQ
JBSS,SANFILIPPO JOHN B & SON INC,0000880117,NASDAQ
HBIA,HILLS BANCORPORATION,0000732417,OTC
APEI,AMERICAN PUBLIC EDUCATION INC,0001201792,NASDAQ
CEVA,CEVA INC,0001173489,NASDAQ
QDEL,QuidelOrtho Corp,0001906324,NASDAQ
SLN,Silence Therapeutics plc,0001479615,NASDAQ
PHK,PIMCO HIGH INCOME FUND,0001219360,NYSE
ADAM,"ADAMAS TRUST, INC.",0001273685,NASDAQ
AHCO,AdaptHealth Corp.,0001725255,NASDAQ
PGC,PEAPACK GLADSTONE FINANCIAL CORP,0001050743,NASDAQ
HQ,Horizon Quantum Holdings Ltd.,0002088256,NASDAQ
EOI,Eaton Vance Enhanced Equity Income Fund,0001300391,NYSE
LWLG,"Lightwave Logic, Inc.",0001325964,NASDAQ
RSKD,RISKIFIED LTD.,0001851112,NYSE
BBSI,BARRETT BUSINESS SERVICES INC,0000902791,NASDAQ
FISI,FINANCIAL INSTITUTIONS INC,0000862831,NASDAQ
AVR,Anteris Technologies Global Corp.,0002011514,NASDAQ
SMBC,"SOUTHERN MISSOURI BANCORP, INC.",0000916907,NASDAQ
FINV,FinVolution Group,0001691445,NYSE
SUPV,Grupo Supervielle S.A.,0001517399,NYSE
GROY,Gold Royalty Corp.,0001834026,NYSE
HTB,"HomeTrust Bancshares, Inc.",0001538263,NYSE
MTUS,Metallus Inc.,0001598428,NYSE
LINC,LINCOLN EDUCATIONAL SERVICES CORP,0001286613,NASDAQ
KPLT,"Katapult Holdings, Inc.",0001785424,NASDAQ
WGO,WINNEBAGO INDUSTRIES INC,0000107687,NYSE
PHAR,Pharming Group N.V.,0001828316,NASDAQ
TRNS,TRANSCAT INC,0000099302,NASDAQ
CADL,"Candel Therapeutics, Inc.",0001841387,NASDAQ
NAK,NORTHERN DYNASTY MINERALS LTD,0001164771,NYSE
EVC,ENTRAVISION COMMUNICATIONS CORP,0001109116,NYSE
APOG,"APOGEE ENTERPRISES, INC.",0000006845,NASDAQ
DQ,DAQO NEW ENERGY CORP.,0001477641,NYSE
CYRX,"Cryoport, Inc.",0001124524,NASDAQ
STRW,"Strawberry Fields REIT, Inc.",0001782430,NYSE
NRGV,"Energy Vault Holdings, Inc.",0001828536,NYSE
THQ,abrdn Healthcare Opportunities Fund,0001604522,NYSE
CGBD,"Carlyle Secured Lending, Inc.",0001544206,NASDAQ
SHBI,SHORE BANCSHARES INC,0001035092,NASDAQ
AOSL,ALPHA & OMEGA SEMICONDUCTOR Ltd,0001387467,NASDAQ
ACRS,"Aclaris Therapeutics, Inc.",0001557746,NASDAQ
GCMG,GCM Grosvenor Inc.,0001819796,NASDAQ
VTS,"Vitesse Energy, Inc.",0001944558,NYSE
VREX,Varex Imaging Corp,0001681622,NASDAQ
DC,Dakota Gold Corp.,0001852353,NYSE
NVCT,"Nuvectis Pharma, Inc.",0001875558,NASDAQ
MITK,MITEK SYSTEMS INC,0000807863,NASDAQ
KDK,"Kodiak AI, Inc.",0001853138,NASDAQ
CTO,"CTO Realty Growth, Inc.",0000023795,NYSE
INDI,"indie Semiconductor, Inc.",0001841925,NASDAQ
GOOS,Canada Goose Holdings Inc.,0001690511,NYSE
LUCK,Lucky Strike Entertainment Corp,0001840572,NYSE
KRNGY,Karoon Gas Australia Ltd /ADR/,0001494191,OTC
RVI,Robinhood Ventures Fund I,0002085091,NYSE
IBCP,INDEPENDENT BANK CORP /MI/,0000039311,NASDAQ
WASH,WASHINGTON TRUST BANCORP INC,0000737468,NASDAQ
DBVT,DBV Technologies S.A.,0001613780,NASDAQ
GDOT,GREEN DOT CORP,0001386278,NYSE
BTO,JOHN HANCOCK FINANCIAL OPPORTUNITIES FUND,0000925683,NYSE
ANNX,"Annexon, Inc.",0001528115,NASDAQ
GILT,GILAT SATELLITE NETWORKS LTD,0000897322,NASDAQ
MQY,"BLACKROCK MUNIYIELD QUALITY FUND, INC.",0000890196,NYSE
THSGF,THESIS GOLD INC.,0001832803,OTC
MEGI,NYLI CBRE Global Infrastructure Megatrends Term Fund,0001855066,NYSE
WLKP,Westlake Chemical Partners LP,0001604665,NYSE
BLZE,"Backblaze, Inc.",0001462056,NASDAQ
PUBM,"PubMatic, Inc.",0001422930,NASDAQ
WEST,Westrock Coffee Co,0001806347,NASDAQ
GRPN,"Groupon, Inc.",0001490281,NASDAQ
ASC,Ardmore Shipping Corp,0001577437,NYSE
GLAS,Glass House Brands Inc.,0001848731,NYSE
VLRS,"Controladora Vuela Compania de Aviacion, S.A.B. de C.V.",0001520504,NYSE
MTW,MANITOWOC CO INC,0000061986,NYSE
FFC,Flaherty & Crumrine PREFERRED & INCOME SECURITIES FUND INC,0001174164,NYSE
TCBX,"Third Coast Bancshares, Inc.",0001781730,NYSE
LYTS,LSI INDUSTRIES INC,0000763532,NASDAQ
FPH,"Five Point Holdings, LLC",0001574197,NYSE
MNPR,Monopar Therapeutics,0001645469,NASDAQ
SATL,Satellogic Inc.,0001874315,NASDAQ
TASK,"TaskUs, Inc.",0001829864,NASDAQ
UAMY,UNITED STATES ANTIMONY CORP,0000101538,NYSE
MFIC,MidCap Financial Investment Corp,0001278752,NASDAQ
BCSF,"Bain Capital Specialty Finance, Inc.",0001655050,NYSE
FDUS,FIDUS INVESTMENT Corp,0001513363,NASDAQ
WYFI,"WhiteFiber, Inc.",0002042022,NASDAQ
BLMN,"Bloomin' Brands, Inc.",0001546417,NASDAQ
EVEX,"Eve Holding, Inc.",0001823652,NYSE
CDNL,Cardinal Infrastructure Group Inc.,0002079999,NASDAQ
SWIM,"Latham Group, Inc.",0001833197,NASDAQ
GPRK,GeoPark Ltd,0001464591,NYSE
BWMN,Bowman Consulting Group Ltd.,0001847590,NASDAQ
PAYS,"Paysign, Inc.",0001496443,NASDAQ
TRON,Tron Inc.,0001956744,NASDAQ
AURA,"Aura Biosciences, Inc.",0001501796,NASDAQ
HNRG,HALLADOR ENERGY CO,0000788965,NASDAQ
IMC,IMC Rare Earths Ltd,0002098395,NYSE
HTZ,"HERTZ GLOBAL HOLDINGS, INC",0001657853,NASDAQ
MOV,MOVADO GROUP INC,0000072573,NYSE
RMT,"ROYCE MICRO-CAP TRUST, INC.",0000912147,NYSE
ACHV,"ACHIEVE LIFE SCIENCES, INC.",0000949858,NASDAQ
BBNX,"Beta Bionics, Inc.",0001674632,NASDAQ
FDMT,"4D Molecular Therapeutics, Inc.",0001650648,NASDAQ
PAR,PAR TECHNOLOGY CORP,0000708821,NYSE
VBNK,VersaBank,0001690639,NASDAQ
CCB,COASTAL FINANCIAL CORP,0001437958,NASDAQ
AROW,ARROW FINANCIAL CORP,0000717538,NASDAQ
CARE,"Carter Bankshares, Inc.",0001829576,NASDAQ
GYRE,"GYRE THERAPEUTICS, INC.",0001124105,NASDAQ
PROK,PROKIDNEY CORP.,0001850270,NASDAQ
PFIS,PEOPLES FINANCIAL SERVICES CORP.,0001056943,NASDAQ
NIE,Virtus Equity & Convertible Income Fund,0001383441,NYSE
ZVRA,"ZEVRA THERAPEUTICS, INC.",0001434647,NASDAQ
CBIO,"CRESCENT BIOPHARMA, INC.",0001253689,NASDAQ
CTMX,"CytomX Therapeutics, Inc.",0001501989,NASDAQ
NGNE,Neurogene Inc.,0001404644,NASDAQ
DGICA,DONEGAL GROUP INC,0000800457,NASDAQ
PRAA,PRA GROUP INC,0001185348,NASDAQ
MOMO,Hello Group Inc.,0001610601,NASDAQ
SMWB,SIMILARWEB LTD.,0001842731,NYSE
VEL,"Velocity Financial, Inc.",0001692376,NYSE
NABL,"N-able, Inc.",0001834488,NYSE
CWBC,Community West Bancshares,0001127371,NASDAQ
HDL,SUPER HI INTERNATIONAL HOLDING LTD.,0001995306,NASDAQ
CSHR,CoinShares PLC,0002087587,NASDAQ
TROX,Tronox Holdings plc,0001530804,NYSE
COLL,"COLLEGIUM PHARMACEUTICAL, INC",0001267565,NASDAQ
YSWY,"Yesway, Inc.",0001859836,NASDAQ
CASS,CASS INFORMATION SYSTEMS INC,0000708781,NASDAQ
WOOF,"Petco Health & Wellness Company, Inc.",0001826470,NASDAQ
PFLT,PennantPark Floating Rate Capital Ltd.,0001504619,NYSE
BUI,"BlackRock Utilities, Infrastructure & Power Opportunities Trust",0001528988,NYSE
MAMA,"Mama's Creations, Inc.",0001520358,NASDAQ
BCAL,California BanCorp \ CA,0001795815,NASDAQ
ISOU,IsoEnergy Ltd.,0001997377,NYSE
RPD,"Rapid7, Inc.",0001560327,NASDAQ
ARRY,"Array Technologies, Inc.",0001820721,NASDAQ
AMRQF,AMAROQ LTD.,0002076631,OTC
ASGI,abrdn Global Infrastructure Income Fund,0001793855,NYSE
IVR,Invesco Mortgage Capital Inc.,0001437071,NYSE
MRRDF,Meridian Mining UK Societas,0001839886,OTC
METC,"Ramaco Resources, Inc.",0001687187,NASDAQ
HYLN,Hyliion Holdings Corp.,0001759631,NYSE
GMRS,GMR Solutions Inc.,0001898718,NYSE
CCXI,Churchill Capital Corp XI,0002074973,NASDAQ
FWRG,"First Watch Restaurant Group, Inc.",0001789940,NASDAQ
LOT,Lotus Technology Inc.,0001962746,NASDAQ
MSBI,"Midland States Bancorp, Inc.",0001466026,NASDAQ
HOV,HOVNANIAN ENTERPRISES INC,0000357294,NYSE
CCD,Calamos Dynamic Convertible & Income Fund,0001602584,NASDAQ
KRNT,Kornit Digital Ltd.,0001625791,NASDAQ
LOGC,ContextLogic Holdings Inc.,0002064307,OTC
ENVX,Enovix Corp,0001828318,NASDAQ
OFRM,"Once Upon a Farm, PBC",0001696556,NYSE
PKE,PARK AEROSPACE CORP,0000076267,NYSE
MLAB,MESA LABORATORIES INC /CO/,0000724004,NASDAQ
TBLD,Thornburg Income Builder Opportunities Trust,0001820378,NASDAQ
CAZGF,Catapult Group International Ltd,0002074220,OTC
PZZA,PAPA JOHNS INTERNATIONAL INC,0000901491,NASDAQ
NMFC,New Mountain Finance Corp,0001496099,NASDAQ
SGMT,Sagimet Biosciences Inc.,0001400118,NASDAQ
SSYS,STRATASYS LTD.,0001517396,NASDAQ
BHB,BAR HARBOR BANKSHARES,0000743367,NYSE
RRBI,RED RIVER BANCSHARES INC,0001071236,NASDAQ
OPFI,OppFi Inc.,0001818502,NYSE
IPX,IPERIONX Ltd,0001898601,NASDAQ
PKOH,PARK OHIO HOLDINGS CORP,0000076282,NASDAQ
NRDY,Nerdy Inc.,0001819404,NYSE
CCSI,"Consensus Cloud Solutions, Inc.",0001866633,NASDAQ
RA,Brookfield Real Assets Income Fund Inc.,0001655099,NYSE
PHAT,"Phathom Pharmaceuticals, Inc.",0001783183,NASDAQ
GFUZ,General Fusion Group Ltd.,0002074850,NASDAQ
WHK,WhiteHawk Minerals Corp.,0001921603,NYSE
VSTM,"Verastem, Inc.",0001526119,NASDAQ
IRWD,IRONWOOD PHARMACEUTICALS INC,0001446847,NASDAQ
MATV,"Mativ Holdings, Inc.",0001000623,NYSE
PINWF,Pinewood Technologies Group plc,0002059573,OTC
BIT,BlackRock Multi-Sector Income Trust,0001562818,NYSE
BLDP,Ballard Power Systems Inc.,0001453015,NASDAQ
MDXG,"MIMEDX GROUP, INC.",0001376339,NASDAQ
SSII,"SS Innovations International, Inc.",0001676163,NASDAQ
DLY,DoubleLine Yield Opportunities Fund,0001788399,NYSE
CNNE,"Cannae Holdings, Inc.",0001704720,NYSE
GRNT,"Granite Ridge Resources, Inc.",0001928446,NYSE
ALPIB,ALPINE BANKS OF COLORADO,0000872716,OTC
NGVC,"Natural Grocers by Vitamin Cottage, Inc.",0001547459,NYSE
SCHL,SCHOLASTIC CORP,0000866729,NASDAQ
TIPT,TIPTREE INC.,0001393726,NASDAQ
SLRC,SLR Investment Corp.,0001418076,NASDAQ
LEGH,Legacy Housing Corp,0001436208,NASDAQ
ACNB,ACNB CORP,0000715579,NASDAQ
SWRD,"Stewards, Inc.",0001795851,NASDAQ
SPT,"Sprout Social, Inc.",0001517375,NASDAQ
PFN,PIMCO Income Strategy Fund II,0001296250,NYSE
EGY,VAALCO ENERGY INC /DE/,0000894627,NYSE
AUXX,Gold X2 Mining Inc.,0001961592,NYSE
MUA,"BLACKROCK MUNIASSETS FUND, INC.",0000901243,NYSE
AGMB,Agomab Therapeutics NV,0002020932,NASDAQ
AGNT,"AGNT, Inc.",0001495932,NASDAQ
ONT,"Onterris, Inc.",0001643615,NYSE
TCGLF,TechCreate Group Ltd.,0002047190,OTC
OIO,OIO Group,0001957538,NASDAQ
BUUU,BUUU Group Ltd,0002047273,NASDAQ
PAXS,PIMCO Access Income Fund,0001886878,NYSE
SOPH,SOPHiA GENETICS SA,0001840706,NASDAQ
DMII,Drugs Made In America Acquisition II Corp.,0002040475,NASDAQ
FBRT,"Franklin BSP Realty Trust, Inc.",0001562528,NYSE
BOT,"RoboStrategy, Inc.",0002081119,NASDAQ
SHEN,SHENANDOAH TELECOMMUNICATIONS CO/VA/,0000354963,NASDAQ
ALT,"Altimmune, Inc.",0001326190,NASDAQ
NFGC,New Found Gold Corp.,0001840616,NYSE
GDYN,"GRID DYNAMICS HOLDINGS, INC.",0001743725,NASDAQ
WDI,Western Asset Diversified Income Fund (WDI),0001819559,NYSE
VLGEA,VILLAGE SUPER MARKET INC,0000103595,NASDAQ
RHNO,RHINO BITCOIN INC.,0001785493,OTC
IGR,CBRE GLOBAL REAL ESTATE INCOME FUND,0001268884,NYSE
YEXT,"Yext, Inc.",0001614178,NYSE
PHR,"Phreesia, Inc.",0001412408,NYSE
CLDT,Chatham Lodging Trust,0001476045,NYSE
AHG,Akso Health Group,0001702318,NASDAQ
ANGO,ANGIODYNAMICS INC,0001275187,NASDAQ
EACO,EACO CORP,0000784539,OTC
DDI,"DoubleDown Interactive Co., Ltd.",0001799567,NASDAQ
HELE,HELEN OF TROY LTD,0000916789,NASDAQ
MG,"Mistras Group, Inc.",0001436126,NYSE
NUAI,"New ERA Energy & Digital, Inc.",0002028336,NASDAQ
VALN,Valneva SE,0001836564,NASDAQ
STTK,"Shattuck Labs, Inc.",0001680367,NASDAQ
WCCB,West Coast Community Bancorp,0002105965,OTC
NVRI,Enviri Corp,0002104052,NYSE
DRUG,BRIGHT MINDS BIOSCIENCES INC.,0001827401,NASDAQ
STLN,"Starling Oncology, Inc.",0001799191,NASDAQ
OOMA,OOMA INC,0001327688,NYSE
SWMR,"Swarmer, Inc",0002092574,NASDAQ
JBI,"Janus International Group, Inc.",0001839839,NYSE
BXC,BlueLinx Holdings Inc.,0001301787,NYSE
KE,"Kimball Electronics, Inc.",0001606757,NASDAQ
NKX,NUVEEN CALIFORNIA AMT-FREE QUALITY MUNICIPAL INCOME FUND,0001195738,NYSE
MLR,MILLER INDUSTRIES INC /TN/,0000924822,NYSE
EVOH,EvoAir Holdings Inc.,0001700844,OTC
YB,Yuanbao Inc.,0001995520,NASDAQ
MATW,MATTHEWS INTERNATIONAL CORP,0000063296,NASDAQ
ALLO,"Allogene Therapeutics, Inc.",0001737287,NASDAQ
VINP,Vinci Compass Investments Ltd.,0001826286,NASDAQ
LPTH,LIGHTPATH TECHNOLOGIES INC,0000889971,NASDAQ
CARS,Cars.com Inc.,0001683606,NYSE
CRMD,CorMedix Inc.,0001410098,NASDAQ
RSVR,"Reservoir Media, Inc.",0001824403,NASDAQ
WTI,W&T OFFSHORE INC,0001288403,NYSE
GOOD,GLADSTONE COMMERCIAL CORP,0001234006,NASDAQ
KRNY,Kearny Financial Corp.,0001617242,NASDAQ
VREOF,Vireo Growth Inc.,0001771706,OTC
MAX,"MediaAlpha, Inc.",0001818383,NYSE
GSKRF,FIRST NORDIC METALS CORP.,0001944955,OTC
IMSR,Terrestrial Energy Inc. /DE/,0002019804,NASDAQ
EVO,Evotec SE,0001412558,NASDAQ
CTGO,Contango Silver & Gold Inc.,0001502377,NYSE
MPLT,"MapLight Therapeutics, Inc.",0001770069,NASDAQ
INN,"Summit Hotel Properties, Inc.",0001497645,NYSE
NML,Neuberger Energy Infrastructure & Income Fund Inc.,0001562051,NYSE
OSPN,OneSpan Inc.,0001044777,NASDAQ
BWMX,"BETTERWARE DE MEXICO, S.A.P.I. DE C.V",0001788257,NYSE
HY,"HYSTER-YALE, INC.",0001173514,NYSE
ADTN,"ADTRAN Holdings, Inc.",0000926282,NASDAQ
FBIZ,"FIRST BUSINESS FINANCIAL SERVICES, INC.",0001521951,NASDAQ
ASMB,"ASSEMBLY BIOSCIENCES, INC.",0001426800,NASDAQ
ACP,abrdn Income Credit Strategies Fund,0001503290,NYSE
GCBC,GREENE COUNTY BANCORP INC,0001070524,NASDAQ
BLSM,"BlossomHill Therapeutics, Inc.",0001839970,NASDAQ
UNTY,UNITY BANCORP INC /NJ/,0000920427,NASDAQ
AHRT,"AH Realty Trust, Inc.",0001569187,NYSE
CTEV,Claritev Corp,0001793229,NYSE
DSU,"BLACKROCK DEBT STRATEGIES FUND, INC.",0001051003,NYSE
REEMF,RARE ELEMENT RESOURCES LTD,0001419806,OTC
LMB,"Limbach Holdings, Inc.",0001606163,NASDAQ
DCBO,Docebo Inc.,0001829959,NASDAQ
RGR,STURM RUGER & CO INC,0000095029,NYSE
EVAC,EQV Ventures Acquisition Corp. II,0002042902,NYSE
BCSS,Bain Capital GSS Investment Corp.,0002064355,NYSE
NRDS,"NERDWALLET, INC.",0001625278,NASDAQ
AQST,"Aquestive Therapeutics, Inc.",0001398733,NASDAQ
OCS,Oculis Holding AG,0001953530,NASDAQ
JKS,"JinkoSolar Holding Co., Ltd.",0001481513,NYSE
VTEX,VTEX,0001793663,NYSE
ZNOG,ZION OIL & GAS INC,0001131312,OTC
NCDL,Nuveen Churchill Direct Lending Corp.,0001737924,NYSE
BWB,Bridgewater Bancshares Inc,0001341317,NASDAQ
NTGR,"NETGEAR, INC.",0001122904,NASDAQ
NPB,NORTHPOINTE BANCSHARES INC,0001336706,NYSE
SFST,SOUTHERN FIRST BANCSHARES INC,0001090009,NASDAQ
FAX,"ABRDN ASIA-PACIFIC INCOME FUND, INC.",0000790500,NYSE
CXII,Churchill Capital Corp XII,0002114227,NASDAQ
CEPF,"Cantor Equity Partners IV, Inc.",0002034267,NASDAQ
CTKB,"Cytek Biosciences, Inc.",0001831915,NASDAQ
CBNK,Capital Bancorp Inc,0001419536,NASDAQ
IIIN,INSTEEL INDUSTRIES INC,0000764401,NYSE
SPPP,SPROTT PHYSICAL PLATINUM & PALLADIUM TRUST,0001539190,NYSE
CRD-A,CRAWFORD & CO,0000025475,NYSE
CGNT,Cognyte Software Ltd.,0001824814,NASDAQ
SWBI,"SMITH & WESSON BRANDS, INC.",0001092796,NASDAQ
TWN,TAIWAN FUND INC,0000804123,NYSE
ALOY,REALLOYS INC.,0001567900,NASDAQ
WEAV,"Weave Communications, Inc.",0001609151,NYSE
CMDB,Costamare Bulkers Holdings Ltd,0002033535,NYSE
ITRG,Integra Resources Corp.,0001722387,NYSE
HNST,"Honest Company, Inc.",0001530979,NASDAQ
OABI,"OmniAb, Inc.",0001846253,NASDAQ
NRIM,NORTHRIM BANCORP INC,0001163370,NASDAQ
RYAM,RAYONIER ADVANCED MATERIALS INC.,0001597672,NYSE
GUT,GABELLI UTILITY TRUST,0001080720,NYSE
PRME,"Prime Medicine, Inc.",0001894562,NASDAQ
GEMI,"Gemini Space Station, Inc.",0002055592,NASDAQ
BMM,Blue Moon Metals Inc.,0001732379,NASDAQ
CLB,Core Laboratories Inc. /DE/,0001958086,NYSE
SLDP,"Solid Power, Inc.",0001844862,NASDAQ
KIDS,ORTHOPEDIATRICS CORP,0001425450,NASDAQ
SCTX,"Scribe Therapeutics, Inc.",0001853921,NASDAQ
BTBT,"Bit Digital, Inc",0001710350,NASDAQ
NKLR,Terra Innovatum Global N.V.,0002067627,NASDAQ
CIVB,"CIVISTA BANCSHARES, INC.",0000944745,NASDAQ
FAC,Factorial Energy Inc.,0002049662,NASDAQ
TRTX,"TPG RE Finance Trust, Inc.",0001630472,NYSE
TECX,"Tectonic Therapeutic, Inc.",0001681087,NASDAQ
TMQ,Trilogy Metals Inc.,0001543418,NYSE
IIM,Invesco Value Municipal Income Trust,0000885601,NYSE
NDMO,Nuveen Dynamic Municipal Opportunities Fund,0001793129,NYSE
UHT,UNIVERSAL HEALTH REALTY INCOME TRUST,0000798783,NYSE
RGNX,REGENXBIO Inc.,0001590877,NASDAQ
GAU,Galiano Gold Inc.,0001377757,NYSE
BRSP,"BrightSpire Capital, Inc.",0001717547,NYSE
MSIF,"MSC INCOME FUND, INC.",0001535778,NYSE
ITIC,INVESTORS TITLE CO,0000720858,NASDAQ
TITN,Titan Machinery Inc.,0001409171,NASDAQ
FVR,"FrontView REIT, Inc.",0001988494,NYSE
DNUT,"Krispy Kreme, Inc.",0001857154,NASDAQ
FWRD,FORWARD AIR CORP,0000912728,NASDAQ
NOAH,NOAH HOLDINGS LTD,0001499543,NYSE
AEXA,American Exceptionalism Acquisition Corp. A,0002079173,NYSE
BWAY,Brainsway Ltd.,0001505065,NASDAQ
ETJ,Eaton Vance Risk-Managed Diversified Equity Income Fund,0001395325,NYSE
CTNM,"Contineum Therapeutics, Inc.",0001855175,NASDAQ
FLGT,"Fulgent Genetics, Inc.",0001674930,NASDAQ
DBCA,D. Boral Acquisition I Corp.,0002095161,NASDAQ
NB,NIOCORP DEVELOPMENTS LTD,0001512228,NASDAQ
ETD,ETHAN ALLEN INTERIORS INC,0000896156,NYSE
SVMB,"Jingbo Technology, Inc.",0001647822,OTC
ARVN,"ARVINAS, INC.",0001655759,NASDAQ
EPRX,EUPRAXIA PHARMACEUTICALS INC.,0001581178,NASDAQ
NMCO,Nuveen Municipal Credit Opportunities Fund,0001774342,NYSE
DCTH,"DELCATH SYSTEMS, INC.",0000872912,NASDAQ
TLRY,"Tilray Brands, Inc.",0001731348,NASDAQ
KELYA,KELLY SERVICES INC,0000055135,NASDAQ
XMAX,XMax Inc.,0001473334,NASDAQ
PANL,Pangaea Logistics Solutions Ltd.,0001606909,NASDAQ
DDD,3D SYSTEMS CORP,0000910638,NYSE
SLI,STANDARD LITHIUM LTD.,0001537137,NYSE
ROMA,Roma Green Finance Ltd,0001945240,NASDAQ
WRN,Western Copper & Gold Corp,0001364125,NYSE
HBCP,"HOME BANCORP, INC.",0001436425,NASDAQ
GHXI,"Gores Holdings XI, Inc.",0002086438,NASDAQ
THW,abrdn World Healthcare Fund,0001635977,NYSE
BWFG,"Bankwell Financial Group, Inc.",0001505732,NASDAQ
ENRD,Einride AB,0002095096,NASDAQ
SD,SANDRIDGE ENERGY INC,0001349436,NYSE
IIIV,"i3 Verticals, Inc.",0001728688,NASDAQ
YORW,YORK WATER CO,0000108985,NASDAQ
TMS,Teamshares Inc,0002048951,NASDAQ
VRRM,VERRA MOBILITY Corp,0001682745,NASDAQ
VGM,Invesco Trust for Investment Grade Municipals,0000880892,NYSE
LAES,SEALSQ Corp,0001951222,NASDAQ
HKD,AMTD Digital Inc.,0001809691,NYSE
ESEA,EUROSEAS LTD.,0001341170,NASDAQ
BGY,BlackRock Enhanced International Dividend Trust,0001393299,NYSE
BSRR,SIERRA BANCORP,0001130144,NASDAQ
IPI,"Intrepid Potash, Inc.",0001421461,NYSE
XRN,Chiron Real Estate Inc.,0001533615,NYSE
IBEX,IBEX Ltd,0001720420,NASDAQ
OVID,Ovid Therapeutics Inc.,0001636651,NASDAQ
MMU,WESTERN ASSET MANAGED MUNICIPALS FUND INC.,0000886043,NYSE
BBCP,"Concrete Pumping Holdings, Inc.",0001703956,NASDAQ
BSVN,Bank7 Corp.,0001746129,NASDAQ
OIS,"OIL STATES INTERNATIONAL, INC",0001121484,NYSE
EOLS,"Evolus, Inc.",0001570562,NASDAQ
PBAM,"Private Bancorp of America, Inc.",0001705284,NASDAQ
BDN,BRANDYWINE REALTY TRUST,0000790816,NYSE
NEXN,Nexxen International Ltd.,0001849396,NASDAQ
QUAD,"Quad/Graphics, Inc.",0001481792,NYSE
ILPT,Industrial Logistics Properties Trust,0001717307,NASDAQ
VHI,VALHI INC /DE/,0000059255,NYSE
MEI,METHODE ELECTRONICS INC,0000065270,NYSE
CLMB,"Climb Global Solutions, Inc.",0000945983,NASDAQ
ALTI,"AlTi Global, Inc.",0001838615,NASDAQ
WNC,WABASH NATIONAL Corp,0000879526,NYSE
CMCO,COLUMBUS MCKINNON CORP,0001005229,NASDAQ
GCGR,General Catalyst Global Resilience Merger Corp.,0002108962,NASDAQ
CSV,CARRIAGE SERVICES INC,0001016281,NYSE
OBT,"Orange County Bancorp, Inc. /DE/",0001754226,NASDAQ
URG,UR-ENERGY INC,0001375205,NYSE
IRD,"Opus Genetics, Inc.",0001228627,NASDAQ
OLP,ONE LIBERTY PROPERTIES INC,0000712770,NYSE
ASPI,ASP Isotopes Inc.,0001921865,NASDAQ
COFS,CHOICEONE FINANCIAL SERVICES INC,0000803164,NASDAQ
ETO,Eaton Vance Tax-Advantaged Global Dividend Opportunities Fund,0001281926,NYSE
ARKO,ARKO Corp.,0001823794,NASDAQ
ZURA,Zura Bio Ltd,0001855644,NASDAQ
TCMD,TACTILE SYSTEMS TECHNOLOGY INC,0001027838,NASDAQ
AII,"American Integrity Insurance Group, Inc.",0002007587,NYSE
NWAX,New America Acquisition I Corp.,0002074878,NYSE
CERS,CERUS CORP,0001020214,NASDAQ
TATT,TAT TECHNOLOGIES LTD,0000808439,NASDAQ
AUTL,Autolus Therapeutics plc,0001730463,NASDAQ
ARTV,"Artiva Biotherapeutics, Inc.",0001817241,NASDAQ
DPG,Duff & Phelps Utility & Infrastructure Fund Inc.,0001515671,NYSE
MEVO,M Evo Global Acquisition Corp II,0002087361,NASDAQ
CAPR,"CAPRICOR THERAPEUTICS, INC.",0001133869,NASDAQ
WTBA,WEST BANCORPORATION INC,0001166928,NASDAQ
AAC,Ares Acquisition Corp III,0002128115,NYSE
ENTX,Entera Bio Ltd.,0001638097,NASDAQ
GOTU,Gaotu Techedu Inc.,0001768259,NYSE
IGD,Voya GLOBAL EQUITY DIVIDEND & PREMIUM OPPORTUNITY FUND,0001285890,NYSE
GTN,"GRAY MEDIA, INC",0000043196,NYSE
GUG,Guggenheim Active Allocation Fund,0001864208,NYSE
ELMT,Elmet Group Co.,0002101698,NASDAQ
FCCN,SPECTRAL CAPITAL Corp,0001131903,OTC
AMCX,AMC Global Media Inc.,0001514991,NASDAQ
KRUS,"KURA SUSHI USA, INC.",0001772177,NASDAQ
FGOVF,FREEGOLD VENTURES LTD,0001064052,OTC
ABXXF,Abaxx Technologies Inc.,0001971975,OTC
GRVY,"GRAVITY Co., Ltd.",0001313310,NASDAQ
CTRN,Citi Trends Inc,0001318484,NASDAQ
FWDI,"Forward Industries, Inc.",0000038264,NASDAQ
HKHC,Horizon Kinetics Holding Corp,0000088000,OTC
CMCL,Caledonia Mining Corp Plc,0000766011,NYSE
PDLB,"Ponce Financial Group, Inc.",0001874071,NASDAQ
PRTH,"Priority Technology Holdings, Inc.",0001653558,NASDAQ
MEC,"Mayville Engineering Company, Inc.",0001766368,NYSE
ECC,Eagle Point Credit Co,0001604174,NYSE
IDR,"Idaho Strategic Resources, Inc.",0001030192,NYSE
MBUU,"MALIBU BOATS, INC.",0001590976,NASDAQ
FMAO,FARMERS & MERCHANTS BANCORP INC,0000792966,NASDAQ
VCV,Invesco California Value Municipal Income Trust,0000895531,NYSE
GLRE,"GREENLIGHT CAPITAL RE, LTD.",0001385613,NASDAQ
NVEC,NVE CORP /NEW/,0000724910,NASDAQ
RLMD,"RELMADA THERAPEUTICS, INC.",0001553643,NASDAQ
KRSP,Rice Acquisition Corp 3,0002074872,NYSE
NGS,NATURAL GAS SERVICES GROUP INC,0001084991,NYSE
NMAI,Nuveen Multi-Asset Income Fund,0001861115,NYSE
CCOI,"COGENT COMMUNICATIONS HOLDINGS, INC.",0001158324,NASDAQ
MCFT,"MasterCraft Boat Holdings, Inc.",0001638290,NASDAQ
MTC,"MMTEC, INC.",0001742518,NASDAQ
BLW,BLACKROCK Ltd DURATION INCOME TRUST,0001233681,NYSE
NPCE,NeuroPace Inc,0001528287,NASDAQ
IFN,"ABERDEEN INDIA FUND, INC.",0000917100,NYSE
BRTM,B&R Technology Merger Corp.,0002131350,NASDAQ
SPRY,"ARS Pharmaceuticals, Inc.",0001671858,NASDAQ
ULH,"UNIVERSAL LOGISTICS HOLDINGS, INC.",0001308208,NASDAQ
GORO,Goldgroup Mining Inc.,0001515964,NYSE
GIW,GigCapital8 Corp.,0002080019,NASDAQ
EIM,Eaton Vance Municipal Bond Fund,0001176984,NYSE
FTHY,FIRST TRUST HIGH YIELD OPPORTUNITIES 2027 TERM FUND,0001810523,NYSE
EIKN,"Eikon Therapeutics, Inc.",0001861123,NASDAQ
CRAN,Crane Harbor Acquisition Corp. II,0002081358,NASDAQ
TWI,TITAN INTERNATIONAL INC,0000899751,NYSE
OWLS,OBOOK HOLDINGS INC.,0002025416,NASDAQ
GTEN,"Gores Holdings X, Inc. / CI",0001986817,NASDAQ
MFI,mF International Ltd,0001940941,NASDAQ
OXM,OXFORD INDUSTRIES INC,0000075288,NYSE
BVSFF,Bravura Solutions Ltd,0001452492,OTC
JOUT,JOHNSON OUTDOORS INC,0000788329,NASDAQ
FPI,Farmland Partners Inc.,0001591670,NYSE
PBYI,"PUMA BIOTECHNOLOGY, INC.",0001401667,NASDAQ
BALY,Bally's Corp,0001747079,NYSE
BMBL,Bumble Inc.,0001830043,NASDAQ
CABA,"Cabaletta Bio, Inc.",0001759138,NASDAQ
ATNI,"ATN International, Inc.",0000879585,NASDAQ
HUYA,HUYA Inc.,0001728190,NYSE
SMC,Summit Midstream Corp,0002024218,NYSE
CZNC,CITIZENS & NORTHERN CORP,0000810958,NASDAQ
EVH,"Evolent Health, Inc.",0001628908,NYSE
APXT,Apex Treasury Corp,0002079253,NASDAQ
DDL,Dingdong (Cayman) Ltd,0001854545,NYSE
CBK,"Commercial Bancgroup, Inc.",0001981546,NASDAQ
LXFR,LUXFER HOLDINGS PLC,0001096056,NYSE
LOCO,"El Pollo Loco Holdings, Inc.",0001606366,NASDAQ
NRC,NRC HEALTH,0000070487,NASDAQ
GHY,"PGIM Global High Yield Fund, Inc.",0001554697,NYSE
KREF,KKR Real Estate Finance Trust Inc.,0001631596,NYSE
ZKH,ZKH Group Ltd,0001862044,NYSE
FFA,FIRST TRUST ENHANCED EQUITY INCOME FUND,0001291334,NYSE
SBC,SBC Medical Group Holdings Inc,0001930313,NASDAQ
PRTA,PROTHENA CORP PUBLIC LTD CO,0001559053,NASDAQ
ADUR,ADURO CLEAN TECHNOLOGIES INC.,0001863934,NASDAQ
SENS,"Senseonics Holdings, Inc.",0001616543,NASDAQ
SRTA,"Strata Critical Medical, Inc.",0001779128,NASDAQ
SEAH,"Seahawk Recycling Holdings, Inc.",0002075786,OTC
KMDA,KAMADA LTD,0001567529,NASDAQ
ETB,Eaton Vance Tax-Managed Buy-Write Income Fund,0001308927,NYSE
VOGX,"Vogenx, Inc.",0001903784,NASDAQ
CBAN,COLONY BANKCORP INC,0000711669,NYSE
XRX,Xerox Holdings Corp,0001770450,NASDAQ
VVR,Invesco Senior Income Trust,0001059386,NYSE
KYTX,"Kyverna Therapeutics, Inc.",0001994702,NASDAQ
AMSF,AMERISAFE INC,0001018979,NASDAQ
DNA,"Ginkgo Bioworks Holdings, Inc.",0001830214,NYSE
SGHT,"Sight Sciences, Inc.",0001531177,NASDAQ
RBB,RBB Bancorp,0001499422,NASDAQ
CWCO,Consolidated Water Co. Ltd.,0000928340,NASDAQ
ASTL,Algoma Steel Group Inc.,0001860805,NASDAQ
BMRC,Bank of Marin Bancorp,0001403475,NASDAQ
KIO,KKR Income Opportunities Fund,0001515940,NYSE
BGR,BlackRock Energy & Resources Trust,0001306550,NYSE
ACTG,ACACIA RESEARCH CORP,0000934549,NASDAQ
MCTA,Charming Medical Ltd,0002035992,NASDAQ
CIX,COMPX INTERNATIONAL INC,0001049606,NYSE
SPIR,"Spire Global, Inc.",0001816017,NYSE
ALIT,"Alight, Inc. / Delaware",0001809104,NYSE
IEAG,Infinite Eagle Acquisition Corp.,0002084396,NASDAQ
ASIX,AdvanSix Inc.,0001673985,NYSE
MTLS,MATERIALISE NV,0001091223,NASDAQ
KBON,Karbon Capital Partners Corp.,0002088749,NASDAQ
SPCE,"Virgin Galactic Holdings, Inc",0001706946,NYSE
SPNV,Spinnova Plc,0002141512,OTC
NMG,Nouveau Monde Graphite Inc.,0001649752,NYSE
MBVI,M3-Brigade Acquisition VI Corp.,0002073928,NASDAQ
REAX,Real REMAX Group Inc.,0002136387,NASDAQ
NPFD,Nuveen Variable Rate Preferred & Income Fund,0001865389,NYSE
PWRL,Powerlaw Corp.,0002052053,NASDAQ
ACIC,AMERICAN COASTAL INSURANCE Corp,0001401521,NASDAQ
STRZ,STARZ ENTERTAINMENT CORP /CN/,0000929351,NASDAQ
GLAD,GLADSTONE CAPITAL CORP,0001143513,NASDAQ
PBFS,"Pioneer Bancorp, Inc./MD",0001769663,NASDAQ
CGC,Canopy Growth Corp,0001737927,NASDAQ
TRC,TEJON RANCH CO,0000096869,NYSE
RWT,REDWOOD TRUST INC,0000930236,NYSE
IACO,Idea Acquisition Corp.,0002091176,NASDAQ
ADV,Advantage Solutions Inc.,0001776661,NASDAQ
MESH,Meshflow Acquisition Corp,0002081468,NASDAQ
JRI,Nuveen Real Asset Income & Growth Fund,0001539337,NYSE
ORBS,Eightco Holdings Inc.,0001892492,NASDAQ
CPS,Cooper-Standard Holdings Inc.,0001320461,NYSE
CAL,CALERES INC,0000014707,NYSE
KRAQ,KRAKacquisition Corp,0002082119,NASDAQ
PLBC,PLUMAS BANCORP,0001168455,NASDAQ
GBLI,"Global Indemnity Group, LLC",0001494904,NASDAQ
TLNC,Talon Capital Corp.,0002073340,NASDAQ
HVT,HAVERTY FURNITURE COMPANIES INC,0000216085,NYSE
NIKA,"NIKA PHARMACEUTICALS, INC",0001145604,OTC
GMTL,Guardian Metal Resources PLC,0002039972,NYSE
EVGO,EVgo Inc.,0001821159,NASDAQ
ARCT,Arcturus Therapeutics Holdings Inc.,0001768224,NASDAQ
USCB,"USCB FINANCIAL HOLDINGS, INC.",0001901637,NASDAQ
RMNI,"Rimini Street, Inc.",0001635282,NASDAQ
IMXI,"International Money Express, Inc.",0001683695,NASDAQ
FISN,"DEEP FISSION, INC.",0001918102,NASDAQ
VRNO,Verano Holdings Corp.,0001848416,OTC
FRPH,"FRP HOLDINGS, INC.",0000844059,NASDAQ
CDRO,"Codere Online Luxembourg, S.A.",0001866782,NASDAQ
WEYS,WEYCO GROUP INC,0000106532,NASDAQ
SGU,"STAR GROUP, L.P.",0001002590,NYSE
PTOR,Praetorian Acquisition Corp.,0002093912,NASDAQ
ISTR,Investar Holding Corp,0001602658,NASDAQ
AVIR,"Atea Pharmaceuticals, Inc.",0001593899,NASDAQ
HPS,JOHN HANCOCK PREFERRED INCOME FUND III,0001215913,NYSE
BNTC,Benitec Biopharma Inc.,0001808898,NASDAQ
ECX,ECARX Holdings Inc.,0001861974,NASDAQ
CLPT,"ClearPoint Neuro, Inc.",0001285550,NASDAQ
CHCT,Community Healthcare Trust Inc,0001631569,NYSE
KFII,K&F GROWTH ACQUISITION CORP. II,0002029976,NASDAQ
FINS,Angel Oak Financial Strategies Income Term Trust,0001745059,NYSE
IHRT,"iHeartMedia, Inc.",0001400891,NASDAQ
MAGN,Magnera Corp,0000041719,NYSE
LRMR,"Larimar Therapeutics, Inc.",0001374690,NASDAQ
VITL,"Vital Farms, Inc.",0001579733,NASDAQ
CCCC,"C4 Therapeutics, Inc.",0001662579,NASDAQ
EVN,Eaton Vance Municipal Income Trust,0001074540,NYSE
RZLT,"Rezolute, Inc.",0001509261,NASDAQ
GNE,Genie Energy Ltd.,0001528356,NYSE
BCCQ,Bleichroeder Acquisition Corp. III,0002128045,NASDAQ
EDIT,"Editas Medicine, Inc.",0001650664,NASDAQ
CYH,COMMUNITY HEALTH SYSTEMS INC,0001108109,NYSE
BTQ,BTQ Technologies Corp.,0001821866,NASDAQ
BOC,BOSTON OMAHA Corp,0001494582,NYSE
PHOE,Phoenix Asia Holdings Ltd,0002035709,NASDAQ
LAND,GLADSTONE LAND Corp,0001495240,NASDAQ
ASPN,ASPEN AEROGELS INC,0001145986,NYSE
SOHU,Sohu.com Ltd,0001734107,NASDAQ
NXG,NXG NextGen Infrastructure Income Fund,0001506488,NYSE
CLBR,Colombier Acquisition Corp. III,0002091024,NYSE
CARL,"CARLSMED, INC.",0001794546,NASDAQ
CINT,CI&T Inc,0001868995,NYSE
CHMG,CHEMUNG FINANCIAL CORP,0000763563,NASDAQ
PKBK,"PARKE BANCORP, INC.",0001315399,NASDAQ
HFRO,HIGHLAND OPPORTUNITIES & INCOME FUND,0001710680,NYSE
TTRX,Turn Therapeutics Inc.,0002023016,NASDAQ
CLFD,"Clearfield, Inc.",0000796505,NASDAQ
OTLY,Oatly Group AB,0001843586,NASDAQ
MVBF,MVB FINANCIAL CORP,0001277902,NASDAQ
DSC,DSC Holdings Ltd.,0001966041,NASDAQ
DFP,Flaherty & Crumrine Dynamic Preferred & Income Fund Inc,0001559991,NYSE
CRAQ,Cal Redwood Acquisition Corp.,0002058359,NASDAQ
OSPR,Osprey Acquisition Corp. III,0002113481,NASDAQ
PACB,"PACIFIC BIOSCIENCES OF CALIFORNIA, INC.",0001299130,NASDAQ
AIOT,"Powerfleet, Inc.",0001774170,NASDAQ
TRVG,trivago N.V.,0001683825,NASDAQ
REI,"RING ENERGY, INC.",0001384195,NYSE
ISD,"PGIM High Yield Bond Fund, Inc.",0001534880,NYSE
AXG,"Solowin Holdings, Ltd.",0001959224,NASDAQ
AVBC,"Avidia Bancorp, Inc.",0002058758,NYSE
MCI,BARINGS CORPORATE INVESTORS,0000275694,NYSE
NPAC,New Providence Acquisition Corp. III/Cayman,0002048948,NASDAQ
AEF,"abrdn Emerging Markets ex-China Fund, Inc.",0000846676,NYSE
FCBM,"First Carolina Financial Services, Inc.",0001531193,NYSE
NATH,"NATHANS FAMOUS, INC.",0000069733,NASDAQ
RNGR,"Ranger Energy Services, Inc.",0001699039,NYSE
HBB,Hamilton Beach Brands Holding Co,0001709164,NYSE
VOXR,VOX ROYALTY CORP.,0001907909,NASDAQ
BBOT,"BridgeBio Oncology Therapeutics, Inc.",0001869105,NASDAQ
FRST,Primis Financial Corp.,0001325670,NASDAQ
RTAC,Renatus Tactical Acquisition Corp I,0002035173,NASDAQ
NREF,"NexPoint Real Estate Finance, Inc.",0001786248,NYSE
SHIP,Seanergy Maritime Holdings Corp.,0001448397,NASDAQ
CZFS,CITIZENS FINANCIAL SERVICES INC,0000739421,NASDAQ
TMCR,Metals Royalty Co Inc.,0002087398,NASDAQ
PESI,PERMA FIX ENVIRONMENTAL SERVICES INC,0000891532,NASDAQ
SICOF,Silverco Mining Ltd.,0002117702,OTC
MRAM,EVERSPIN TECHNOLOGIES INC.,0001438423,NASDAQ
FSTR,FOSTER L B CO,0000352825,NASDAQ
OPTU,"Optimum Communications, Inc.",0001702780,NYSE
MNRO,"MONRO, INC.",0000876427,NASDAQ
TACO,Berto Acquisition Corp.,0002033122,NASDAQ
SAAQ,Space Asset Acquisition Corp.,0002091222,NASDAQ
PCAP,ProCap Acquisition Corp,0002056634,NASDAQ
PRE,Prenetics Global Ltd,0001876431,NASDAQ
FNLC,"First Bancorp, Inc /ME/",0000765207,NASDAQ
ZKP,Lafayette Digital Acquisition Corp. I,0002087447,NASDAQ
MASS,908 Devices Inc.,0001555279,NASDAQ
SCGX,SAXON CAPITAL GROUP INC,0001277575,OTC
SFIX,"Stitch Fix, Inc.",0001576942,NASDAQ
WENN,WEN Acquisition Corp,0002057043,NASDAQ
HTT,High Templar Tech Ltd,0001692705,NYSE
FIP,FTAI Infrastructure Inc.,0001899883,NASDAQ
RDAG,Republic Digital Acquisition Co,0002055459,NASDAQ
MTAL,Metals Acquisition Corp. II,0002107724,NYSE
GALT,GALECTIN THERAPEUTICS INC,0001133416,NASDAQ
WCT,Wellchange Holdings Co Ltd,0001990251,NASDAQ
GUAC,Berto Acquisition Corp. II,0002081515,NASDAQ
SERV,Serve Robotics Inc. /DE/,0001832483,NASDAQ
KNOP,KNOT Offshore Partners LP,0001564180,NYSE
PCB,PCB BANCORP,0001423869,NASDAQ
BNED,"Barnes & Noble Education, Inc.",0001634117,NYSE
ACCO,ACCO BRANDS Corp,0000712034,NYSE
GCO,GENESCO INC,0000018498,NYSE
SI,"SHOULDER INNOVATIONS, INC.",0001699350,NYSE
EVMN,"Evommune, Inc.",0002044725,NYSE
SDHY,PGIM Short Duration High Yield Opportunities Fund,0001812923,NYSE
DGXX,Digi Power X Inc.,0001854368,NASDAQ
FENC,FENNEC PHARMACEUTICALS INC.,0001211583,NASDAQ
GEVO,"Gevo, Inc.",0001392380,NASDAQ
CWH,"Camping World Holdings, Inc.",0001669779,NYSE
WSBF,"Waterstone Financial, Inc.",0001569994,NASDAQ
CCCT,Columbus Circle Capital Corp III,0002123471,NASDAQ
AUNA,AUNA S.A.,0001799207,NYSE
BIOA,"BioAge Labs, Inc.",0001709941,NASDAQ
RLGT,"RADIANT LOGISTICS, INC",0001171155,NYSE
GTE,GRAN TIERRA ENERGY INC.,0001273441,NYSE
PERI,Perion Network Ltd.,0001338940,NASDAQ
CRNC,Cerence Inc.,0001768267,NASDAQ
VKI,Invesco Advantage Municipal Income Trust II,0000908993,NYSE
ERII,"Energy Recovery, Inc.",0001421517,NASDAQ
YICC,Yorkville International Capital Corp.,0002130386,NASDAQ
KEYY,Keystone Acquisition Corp.,0002102771,NASDAQ
CURR,Currenc Group Inc.,0001862935,NASDAQ
MNTK,"Montauk Renewables, Inc.",0001826600,NASDAQ
HACQ,HCM IV Acquisition Corp.,0002089982,NASDAQ
ENTA,ENANTA PHARMACEUTICALS INC,0001177648,NASDAQ
GRRR,Gorilla Technology Group Inc.,0001903145,NASDAQ
ORN,Orion Group Holdings Inc,0001402829,NYSE
TREE,"LendingTree, Inc.",0001434621,NASDAQ
MZYX,MOZAYYX Acquisition Corp.,0002097376,NYSE
ALOV,"Aldabra 4 Liquidity Opportunity Vehicle, Inc.",0002083989,NASDAQ
NWFL,NORWOOD FINANCIAL CORP,0001013272,NASDAQ
SLP,"Simulations Plus, Inc.",0001023459,NASDAQ
AIV,APARTMENT INVESTMENT & MANAGEMENT CO,0000922864,NYSE
GBAB,Guggenheim Taxable Municipal Bond & Investment Grade Debt Trust,0001495825,NYSE
ARTNA,ARTESIAN RESOURCES CORP,0000863110,NASDAQ
LWAY,"Lifeway Foods, Inc.",0000814586,NASDAQ
TRX,TRX GOLD Corp,0001173643,NYSE
PRLD,Prelude Therapeutics Inc,0001678660,NASDAQ
DSX,DIANA SHIPPING INC.,0001318885,NYSE
OPI,OFFICE PROPERTIES INCOME TRUST,0001456772,NASDAQ
ALLT,Allot Ltd.,0001365767,NASDAQ
CNCK,Coincheck Group N.V.,0001913847,NASDAQ
FVAV,Fortress Value Acquisition Corp. V,0001850733,NASDAQ
EAD,ALLSPRING INCOME OPPORTUNITIES FUND,0001210123,NYSE
QNC,Quantum eMotion Corp,0002106613,NYSE
NECB,"NorthEast Community Bancorp, Inc./MD/",0001847398,NASDAQ
FDMM,Freedom Metals Acquisition Corp.,0002129659,NASDAQ
BKKT,"Bakkt, Inc.",0001820302,NYSE
LEO,"BNY MELLON STRATEGIC MUNICIPALS, INC.",0000818972,NYSE
FCRS,FutureCrest Acquisition Corp.,0002074697,NYSE
SCTH,"Securetech Innovations, Inc.",0001703157,OTC
SDHI,Siddhi Acquisition Corp (Cayman Islands),0002034037,NASDAQ
BRBS,"BLUE RIDGE BANKSHARES, INC.",0000842717,NYSE
GSRV,GSR V Acquisition Corp.,0002111762,NASDAQ
GIX,GigCapital9 Corp.,0002098712,NASDAQ
RR,RICHTECH ROBOTICS INC.,0001963685,NASDAQ
LDI,"loanDepot, Inc.",0001831631,NYSE
CCAP,"Crescent Capital BDC, Inc.",0001633336,NASDAQ
WDH,Waterdrop Inc.,0001823986,NYSE
OIM,OneIM Acquisition Corp.,0002088325,NASDAQ
NOA,North American Construction Group Ltd.,0001368519,NYSE
LSAK,LESAKA TECHNOLOGIES INC,0001041514,NASDAQ
PALI,"PALISADE BIO, INC.",0001357459,NASDAQ
PFL,PIMCO INCOME STRATEGY FUND,0001244183,NYSE
TSBK,TIMBERLAND BANCORP INC,0001046050,NASDAQ
ALUB,Alussa Energy Acquisition Corp. II,0002041493,NYSE
OPRT,Oportun Financial Corp,0001538716,NASDAQ
OFIX,Orthofix Medical Inc.,0000884624,NASDAQ
TACH,Titan Acquisition Corp.,0002009183,NASDAQ
TKNO,"Alpha Teknova, Inc.",0001850902,NASDAQ
OBIO,"Orchestra BioMed Holdings, Inc.",0001814114,NASDAQ
VALU,VALUE LINE INC,0000717720,NASDAQ
RBBN,Ribbon Communications Inc.,0001708055,NASDAQ
OTGA,OTG Acquisition Corp. I,0002077010,NASDAQ
RCKT,"ROCKET PHARMACEUTICALS, INC.",0001281895,NASDAQ
CMPX,"Compass Therapeutics, Inc.",0001738021,NASDAQ
CDPMF,Cerro de Pasco Resources Inc.,0002046223,OTC
CLNE,Clean Energy Fuels Corp.,0001368265,NASDAQ
FOF,"Cohen & Steers Closed-End Opportunity Fund, Inc.",0001375340,NYSE
INDP,"Indaptus Therapeutics, Inc.",0001857044,NASDAQ
CCII,Cohen Circle Acquisition Corp. II,0002064683,NASDAQ
DIN,"Dine Brands Global, Inc.",0000049754,NYSE
KCHV,Kochav Defense Acquisition Corp.,0002053799,NASDAQ
AMAC,AMR Resources Acquisition Corp.,0002110119,NASDAQ
TWIN,TWIN DISC INC,0000100378,NASDAQ
ARCI,Archimedes Tech SPAC Partners III Co.,0002083910,NASDAQ
ACAA,Averin Capital Acquisition Corp.,0002096900,NASDAQ
MIY,"BLACKROCK MUNIYIELD MICHIGAN QUALITY FUND, INC.",0000890393,NYSE
ARQQ,Arqit Quantum Inc.,0001859690,NASDAQ
PAII,Pyrophyte Acquisition Corp. II,0002069238,NYSE
SOUL,Soulpower Acquisition Corp.,0002025608,NYSE
MYN,"BLACKROCK MUNIYIELD NEW YORK QUALITY FUND, INC.",0000882150,NYSE
HCIC,Hennessy Capital Investment Corp. VIII,0002099093,NASDAQ
EYPT,"EyePoint, Inc.",0001314102,NASDAQ
JILL,"J.Jill, Inc.",0001687932,NYSE
NEWT,"NewtekOne, Inc.",0001587987,NASDAQ
BDCI,BTC Development Corp.,0002042292,NASDAQ
GOGO,Gogo Inc.,0001537054,NASDAQ
IPSC,"Century Therapeutics, Inc.",0001850119,NASDAQ
OYSE,Oyster Enterprises II Acquisition Corp,0002042182,NASDAQ
MOVE,"Corvex, Inc.",0001734750,NASDAQ
NAN,NUVEEN NEW YORK QUALITY MUNICIPAL INCOME FUND,0001074769,NYSE
GASS,StealthGas Inc.,0001328919,NASDAQ
CION,CION Investment Corp,0001534254,NYSE
BLZR,Trailblazer Acquisition Corp.,0002075310,NASDAQ
SCD,LMP CAPITAL & INCOME FUND INC.,0001270131,NYSE
AXIN,Axiom Intelligence Acquisition Corp 1,0002057030,NASDAQ
SBXE,SilverBox Corp V,0002081909,NYSE
FUBO,FuboTV Inc.,0001484769,NYSE
LZM,Lifezone Metals Ltd,0001958217,NYSE
PPHC,"Public Policy Holding Company, Inc.",0001903508,NASDAQ
CVEO,Civeo Corp,0001590584,NYSE
AVBH,"Avidbank Holdings, Inc.",0001443575,NASDAQ
ELA,Envela Corp,0000701719,NYSE
MPTI,"M-tron Industries, Inc.",0001902314,NYSE
DMAC,DiaMedica Therapeutics Inc.,0001401040,NASDAQ
NXH,"NEIGHBORHOOD INTELLIGENCE, INC.",0001130713,NASDAQ
HCMA,HCM III ACQUISITION CORP.,0002069856,NASDAQ
LXEO,"Lexeo Therapeutics, Inc.",0001907108,NASDAQ
WHGOF,White Gold Corp.,0001423867,OTC
JONE,Jones Ventures INTL Acquisition1 Corp,0002129056,NASDAQ
SORN,Soren Acquisition Corp.,0002086263,NASDAQ
PINE,"Alpine Income Property Trust, Inc.",0001786117,NYSE
VFF,"Village Farms International, Inc.",0001584549,NASDAQ
XFOR,"X4 Pharmaceuticals, Inc",0001501697,NASDAQ
DSAC,Daedalus Special Acquisition Corp.,0002082149,NASDAQ
FTW,PRESIDIO PRODUCTION Co,0002083125,NYSE
BBW,BUILD-A-BEAR WORKSHOP INC,0001113809,NYSE
SHOE,SHOE STATION GROUP INC,0000895447,NASDAQ
AWP,abrdn Global Premier Properties Fund,0001390195,NYSE
TDUP,ThredUp Inc.,0001484778,NASDAQ
API,"Agora, Inc.",0001802883,NASDAQ
JGH,Nuveen Global High Income Fund,0001615905,NYSE
OCGN,"Ocugen, Inc.",0001372299,NASDAQ
ATAC,Albatross Acquisition Corp,0002135163,OTC
FXHO,UTime Ltd,0001789299,NASDAQ
TWFG,"TWFG, Inc.",0002007596,NASDAQ
EH,EHang Holdings Ltd,0001759783,NASDAQ
HIX,WESTERN ASSET HIGH INCOME FUND II INC.,0001058239,NYSE
INRE,"Inland Real Estate Income Trust, Inc.",0001528985,OTC
TCI,TRANSCONTINENTAL REALTY INVESTORS INC,0000733590,NYSE
FSBW,"FS Bancorp, Inc.",0001530249,NASDAQ
IA,INNOVATIVE SOLUTIONS & SUPPORT INC,0000836690,NASDAQ
MOBI,"Mobia Medical, Inc.",0001489993,NASDAQ
AACI,Armada Acquisition Corp. III,0002092897,NASDAQ
VELO,"Velo3D, Inc.",0001825079,NASDAQ
ABAT,AMERICAN BATTERY TECHNOLOGY Co,0001576873,NASDAQ
SUJA,"SUJA LIFE, INC.",0001934114,NASDAQ
SION,"Sionna Therapeutics, Inc.",0002036042,NASDAQ
CGCF,Cartesian Growth Corp IV,0002126043,NASDAQ
TCPC,BlackRock TCP Capital Corp.,0001370755,NASDAQ
SPXX,Nuveen S&P 500 Dynamic Overwrite Fund,0001338561,NYSE
BLND,"Blend Labs, Inc.",0001855747,NYSE
PACK,Ranpak Holdings Corp.,0001712463,NYSE
CAII,Collective Acquisition Corp. II,0002115404,NASDAQ
IPFX,Inflection Point Acquisition Corp. VI,0002102041,NASDAQ
EMF,TEMPLETON EMERGING MARKETS FUND,0000809708,NYSE
BORAY,"Bora Pharmaceuticals Co., Ltd./ADR",0002097461,OTC
BEAG,Bold Eagle Acquisition Corp.,0001852207,NASDAQ
SNDL,SNDL Inc.,0001766600,NASDAQ
BLUW,Blue Water Acquisition Corp. III,0002050501,NASDAQ
ZNTL,"Zentalis Pharmaceuticals, Inc.",0001725160,NASDAQ
PNRG,PRIMEENERGY RESOURCES CORP,0000056868,NASDAQ
XRPN,Armada Acquisition Corp. II,0002044009,NASDAQ
VMD,"VIEMED HEALTHCARE, INC.",0001729149,NASDAQ
QTTB,Q32 Bio Inc.,0001661998,NASDAQ
FVCB,"FVCBankcorp, Inc.",0001675644,NASDAQ
KTF,DWS MUNICIPAL INCOME TRUST,0000839533,NYSE
ZTR,Virtus Total Return Fund Inc.,0000836412,NYSE
RREV,RRE Ventures Acquisition Corp.,0002123969,NASDAQ
CV,"CapsoVision, Inc",0001378325,NASDAQ
TAKOF,Volatus Aerospace Inc.,0001547452,OTC
IKT,"Inhibikase Therapeutics, Inc.",0001750149,NASDAQ
SUPX,SuperX AI Technology Ltd,0001897087,NASDAQ
OPAL,OPAL Fuels Inc.,0001842279,NASDAQ
FLXS,FLEXSTEEL INDUSTRIES INC,0000037472,NASDAQ
SEG,Seaport Entertainment Group Inc.,0002009684,NYSE
PSFE,Paysafe Ltd,0001833835,NYSE
FERA,Fifth Era Acquisition Corp I,0002025401,NASDAQ
CEPV,"Cantor Equity Partners V, Inc.",0002034266,NASDAQ
BCML,BayCom Corp,0001730984,NASDAQ
COSO,"CoastalSouth Bancshares, Inc.",0001297107,NYSE
RCKY,"ROCKY BRANDS, INC.",0000895456,NASDAQ
CLW,Clearwater Paper Corp,0001441236,NYSE
DRDB,Roman DBDR Acquisition Corp. II,0002032528,NASDAQ
SZZL,Sizzle Acquisition Corp. II,0002030663,NASDAQ
BGT,BLACKROCK FLOATING RATE INCOME TRUST,0001287480,NYSE
PACH,Pioneer Acquisition I Corp,0002040381,NASDAQ
HRZN,Horizon Technology Finance Corp,0001487428,NASDAQ
OBA,Oxley Bridge Acquisition Ltd,0002034313,NASDAQ
RMR,RMR GROUP INC.,0001644378,NASDAQ
JMSB,"John Marshall Bancorp, Inc.",0001710482,NASDAQ
CD,Chaince Digital Holdings Inc.,0001527762,NASDAQ
HLLY,Holley Inc.,0001822928,NYSE
BRW,Saba Capital Income & Opportunities Fund,0000826020,NYSE
AENT,ALLIANCE ENTERTAINMENT HOLDING CORP,0001823584,NASDAQ
OEC,Orion S.A.,0001609804,NYSE
NNDM,Nano Dimension Ltd.,0001643303,NASDAQ
EVOX,Evolution Global Acquisition Corp,0002077954,NASDAQ
BKT,"BLACKROCK INCOME TRUST, INC.",0000832327,NYSE
ALDF,Aldel Financial II Inc.,0002031561,NASDAQ
FVRR,Fiverr International Ltd.,0001762301,NYSE
KOYN,"CSLM Digital Asset Acquisition Corp III, Ltd",0002068454,NASDAQ
IACQ,Irenic Acquisition Corp.,0002122505,NASDAQ
NLCP,"NewLake Capital Partners, Inc.",0001854964,OTC
CAES,"Cantor Equity Partners VII, Inc.",0002087965,NASDAQ
CATX,"Perspective Therapeutics, Inc.",0000728387,NYSE
SMTI,Sanara MedTech Inc.,0000714256,NASDAQ
EBS,Emergent BioSolutions Inc.,0001367644,NYSE
PMTR,Perimeter Acquisition Corp. I,0002061473,NASDAQ
ASG,LIBERTY ALL STAR GROWTH FUND INC.,0000786035,NYSE
HPF,JOHN HANCOCK PREFERRED INCOME FUND II,0001189740,NYSE
ELVA,Electrovaya Inc.,0001844450,NASDAQ
MGPI,MGP INGREDIENTS INC,0000835011,NASDAQ
FCCO,FIRST COMMUNITY CORP /SC/,0000932781,NASDAQ
AGCC,Agencia Comercial Spirits Ltd.,0002060016,NASDAQ
BFNH,"BIOFORCE NANOSCIENCES HOLDINGS, INC.",0001310488,OTC
RNGT,Range Capital Acquisition Corp II,0002078653,NASDAQ
JACS,Jackson Acquisition Co II,0002039058,NYSE
FDBC,FIDELITY D & D BANCORP INC,0001098151,NASDAQ
MLP,MAUI LAND & PINEAPPLE CO INC,0000063330,NYSE
SAC,Safeguard Acquisition Corp.,0002082844,NYSE
MSC,STUDIO CITY INTERNATIONAL HOLDINGS Ltd,0001713334,NYSE
TVA,Texas Ventures Acquisition III Corp,0002033991,NASDAQ
XNET,Xunlei Ltd,0001510593,NASDAQ
POLE,Andretti Acquisition Corp. II,0002025341,NASDAQ
PLTS,Platinum Analytics Cayman Ltd,0002053033,NASDAQ
MYGN,MYRIAD GENETICS INC,0000899923,NASDAQ
AEAQ,Activate Energy Acquisition Corp.,0002083689,NASDAQ
VCRE,Vicore Pharma Holding AB,0002124403,NASDAQ
IPXG,Inflection Point Acquisition Corp. VII,0002088805,NASDAQ
SITKF,Sitka Gold Corp.,0001747657,OTC
ATII,Archimedes Tech SPAC Partners II Co.,0002028516,NASDAQ
FUND,SPROTT FOCUS TRUST INC.,0000825202,NASDAQ
UPB,"Upstream Bio, Inc.",0002022626,NASDAQ
RPAY,Repay Holdings Corp,0001720592,NASDAQ
BRVMF,Bravo Mining Corp.,0001913288,OTC
HYAC,Haymaker Acquisition Corp V,0002111838,OTC
TEI,TEMPLETON EMERGING MARKETS INCOME FUND,0000909112,NYSE
AACO,Abony Acquisition Corp. I,0002099906,NASDAQ
CAQ,Cambridge Acquisition Corp.,0002100125,NASDAQ
LEGO,Legato Merger Corp. IV,0002087450,NYSE
ILLU,Illumination Acquisition Corp. I,0002101135,NASDAQ
SVIV,Spring Valley Acquisition Corp. IV,0002098242,NASDAQ
SABS,"SAB Biotherapeutics, Inc.",0001833214,NASDAQ
ABEO,ABEONA THERAPEUTICS INC.,0000318306,NASDAQ
CLLS,Cellectis S.A.,0001627281,NASDAQ
PSBD,Palmer Square Capital BDC Inc.,0001794776,NYSE
RAC,Rithm Acquisition Corp.,0002047497,NYSE
CCFN,MUNCY COLUMBIA FINANCIAL Corp,0000731122,OTC
NODK,"NI Holdings, Inc.",0001681206,NASDAQ
LPBB,Launch Two Acquisition Corp.,0002023676,NASDAQ
AGEN,AGENUS INC,0001098972,NASDAQ
VNDA,Vanda Pharmaceuticals Inc.,0001347178,NASDAQ
LWAC,LightWave Acquisition Corp.,0002061379,NASDAQ
IFRX,InflaRx N.V.,0001708688,NASDAQ
FRD,FRIEDMAN INDUSTRIES INC,0000039092,NASDAQ
NEGG,"Newegg Commerce, Inc.",0001474627,NASDAQ
VHCP,Vine Hill Capital Investment Corp. II,0002086264,NASDAQ
TMTS,Spartacus Acquisition Corp. II,0002097364,NASDAQ
LE,"LANDS' END, INC.",0000799288,NASDAQ
ITHA,ITHAX Acquisition Corp III,0002080985,NASDAQ
RFMZ,"RiverNorth Flexible Municipal Income Fund II, Inc.",0001817159,NYSE
GTERA,Globa Terra Acquisition Corp,0002043766,NASDAQ
MXF,MEXICO FUND INC,0000065433,NYSE
EFR,Eaton Vance Senior Floating-Rate Trust,0001258623,NYSE
ZIP,"ZIPRECRUITER, INC.",0001617553,NYSE
CFFI,C & F FINANCIAL CORP,0000913341,NASDAQ
CDZI,CADIZ INC,0000727273,NASDAQ
ALTO,"Alto Ingredients, Inc.",0000778164,NASDAQ
FNKO,"Funko, Inc.",0001704711,NASDAQ
BIXI,Bitcoin Infrastructure Acquisition Corp Ltd,0002082542,NASDAQ
MYFW,First Western Financial Inc,0001327607,NASDAQ
CBNA,CHAIN BRIDGE BANCORP INC,0001392272,NYSE
RCEL,"AVITA Medical, Inc.",0001762303,NASDAQ
JENA,JENA ACQUISITION Corp II,0002060337,NYSE
NC,NACCO INDUSTRIES INC,0000789933,NYSE
RM,Regional Management Corp.,0001519401,NYSE
EFTY,"ETOILES CAPITAL GROUP CO., LTD",0002058349,NASDAQ
MTRX,MATRIX SERVICE CO,0000866273,NASDAQ
AFRI,Forafric Global PLC,0001903870,NASDAQ
HVMC,Highview Merger Corp.,0002070602,NASDAQ
QLEP,Quantum Leap Acquisition Corp,0002102155,NYSE
GSRF,GSR IV Acquisition Corp.,0002072404,NASDAQ
NNBR,NN INC,0000918541,NASDAQ
TLS,TELOS CORP,0000320121,NASDAQ
ISBA,ISABELLA BANK CORP,0000842517,NASDAQ
CUVL,Clinuvel Pharmaceuticals Ltd,0001290877,NASDAQ
FBYD,"Falcon's Beyond Global, Inc.",0001937987,NASDAQ
MRLN,"Merlin, Inc.",0002028707,NASDAQ
BPRN,"Princeton Bancorp, Inc.",0001913971,NASDAQ
XFLT,XAI Floating Rate & Alternative Income Trust,0001703079,NYSE
GPAC,General Purpose Acquisition Corp.,0002085408,NASDAQ
BRBI,BRBI BR Partners S.A.,0002058601,NASDAQ
SVAQ,Silicon Valley Acquisition Corp.,0002085659,NASDAQ
RFI,COHEN & STEERS TOTAL RETURN REALTY FUND INC,0000891290,NYSE
ANVI,"ANVI GLOBAL HOLDINGS, INC.",0001570132,OTC
LYEL,"Lyell Immunopharma, Inc.",0001806952,NASDAQ
HCAC,Hall Chadwick Acquisition Corp,0002079013,NASDAQ
IRHO,Iron Horse Acquisition II Corp.,0002051985,NASDAQ
GBFH,GBank Financial Holdings Inc.,0001791145,NASDAQ
KLC,"KinderCare Learning Companies, Inc.",0001873529,NYSE
PTLO,Portillo's Inc.,0001871509,NASDAQ
NHIC,NewHold Investment Corp. III,0002043699,NASDAQ
AACP,Apogee Acquisition Corp,0002102123,NASDAQ
TMCI,"TREACE MEDICAL CONCEPTS, INC.",0001630627,NASDAQ
CMRC,"Commerce.com, Inc.",0001626450,NASDAQ
DBI,Designer Brands Inc.,0001319947,NYSE
TII,Titan Mining Corp,0001791703,NYSE
MTNE,CH4 Natural Solutions Corp,0002044817,NYSE
SLNH,"Soluna Holdings, Inc",0000064463,NASDAQ
GLOO,"Gloo Holdings, Inc.",0002069785,NASDAQ
ALCO,"ALICO, INC.",0000003545,NASDAQ
BACC,Blue Acquisition Corp/Cayman,0002059654,NASDAQ
PHOS,First Phosphate Corp.,0001490078,NASDAQ
SRV,NXG Cushing Midstream Energy Fund,0001400897,NYSE
ARDC,"Ares Dynamic Credit Allocation Fund, Inc.",0001515324,NYSE
HWBK,"HAWTHORN BANCSHARES, INC.",0000893847,NASDAQ
RIV,"RIVERNORTH OPPORTUNITIES FUND, INC.",0001501072,NYSE
ACGC,ACP Holdings Acquisition Corp.,0002111542,NASDAQ
AMRN,AMARIN CORP PLC\UK,0000897448,NASDAQ
OVLY,Oak Valley Bancorp,0001431567,NASDAQ
FULC,"Fulcrum Therapeutics, Inc.",0001680581,NASDAQ
NCZ,Virtus Convertible & Income Fund II,0001227857,NYSE
ADAC,American Drive Acquisition Co,0002083002,NASDAQ
TLSI,"TriSalus Life Sciences, Inc.",0001826667,NASDAQ
FGII,FG Imperii Acquisition Corp.,0002090452,NASDAQ
JWSMF,Jaws Mustang Acquisition Corp,0001831359,OTC
KPET,KPET Ultra Paceline Corp,0002095297,NYSE
LPCV,Launchpad Cadenza Acquisition Corp I,0002083728,NASDAQ
GPRO,"GoPro, Inc.",0001500435,NASDAQ
UCFI,CN Healthy Food Tech Group Corp.,0001901203,NASDAQ
FOSL,"Fossil Group, Inc.",0000883569,NASDAQ
PDYN,Palladyne AI Corp.,0001826681,NASDAQ
SHOT,RMG ML Sports Holdings,0002104879,NASDAQ
XPER,Xperi Inc.,0001788999,NYSE
ATLO,AMES NATIONAL CORP,0001132651,NASDAQ
ONIT,ONITY GROUP INC.,0000873860,NYSE
RCMT,"RCM TECHNOLOGIES, INC.",0000700841,NASDAQ
NXDT,NEXPOINT DIVERSIFIED REAL ESTATE TRUST,0001356115,NYSE
OPTX,"SYNTEC OPTICS HOLDINGS, INC.",0001866816,NASDAQ
SSP,E.W. SCRIPPS Co,0000832428,NASDAQ
TDRRF,Tudor Gold Corp.,0001921050,OTC
CUB,Lionheart Holdings,0002015955,NASDAQ
ATLQ,JAB Acquisition Corp I,0002128739,NASDAQ
FUNC,FIRST UNITED CORP/MD/,0000763907,NASDAQ
FRAF,FRANKLIN FINANCIAL SERVICES CORP /PA/,0000723646,NASDAQ
FNRN,FIRST NORTHERN COMMUNITY BANCORP,0001114927,NASDAQ
BDSX,BIODESIX INC,0001439725,NASDAQ
SVRSF,Silver Storm Mining Ltd.,0001682056,OTC
NNNN,Anbio Biotechnology,0001982708,NASDAQ
STRT,STRATTEC SECURITY CORP,0000933034,NASDAQ
CAMVF,Cambria Gold Mines Inc.,0001407582,OTC
KF,KOREA FUND INC,0000748691,NYSE
TVAI,Thayer Ventures Acquisition Corp II,0001872228,NASDAQ
SAMO,Samos Energy Acquisition Corp,0002125567,NYSE
WLCO,Wilco 63 Corp,0002101470,NASDAQ
JACK,JACK IN THE BOX INC,0000807882,NASDAQ
XCBE,X3 Acquisition Corp. Ltd.,0002083493,NASDAQ
PLAY,"Dave & Buster's Entertainment, Inc.",0001525769,NASDAQ
NWBO,NORTHWEST BIOTHERAPEUTICS INC,0001072379,OTC
EMBC,Embecta Corp.,0001872789,NASDAQ
FATE,FATE THERAPEUTICS INC,0001434316,NASDAQ
HLXC,Helix Acquisition Corp. III,0002099656,NASDAQ
FXNC,FIRST NATIONAL CORP /VA/,0000719402,NASDAQ
ANIK,"Anika Therapeutics, Inc.",0000898437,NASDAQ
MFIN,MEDALLION FINANCIAL CORP,0001000209,NASDAQ
IMRX,Immuneering Corp,0001790340,NASDAQ
NPCT,Nuveen Core Plus Impact Fund,0001835068,NYSE
OIA,Invesco Municipal Income Opportunities Trust,0000835333,NYSE
QNBC,QNB CORP.,0000750558,NASDAQ
YDES,YD Bio Ltd,0002011674,NASDAQ
ELTP,ELITE PHARMACEUTICALS INC /NV/,0001053369,OTC
USNA,USANA HEALTH SCIENCES INC,0000896264,NYSE
INR,"INFINITY NATURAL RESOURCES, INC.",0002029118,NYSE
TTGT,"TechTarget, Inc.",0002018064,NASDAQ
ISNR,Snow Rothschild Acquisition Corp.,0002123475,NASDAQ
SY,So-Young International Inc.,0001758530,NASDAQ
STRO,"SUTRO BIOPHARMA, INC.",0001382101,NASDAQ
WNEB,"Western New England Bancorp, Inc.",0001157647,NASDAQ
KINS,"KINGSTONE COMPANIES, INC.",0000033992,NASDAQ
EOD,ALLSPRING GLOBAL DIVIDEND OPPORTUNITY FUND,0001386067,NYSE
SMDRF,SIERRA MADRE GOLD & SILVER LTD.,0001939801,OTC
KWY,KINGSWAY Corp,0001072627,NYSE
TSI,TCW STRATEGIC INCOME FUND INC,0000809559,NYSE
XSLL,Xsolla SPAC 1,0002088807,NASDAQ
SBXD,SilverBox Corp IV,0002015947,NYSE
BRR,"ProCap Financial, Inc.",0002076163,NASDAQ
SAR,SARATOGA INVESTMENT CORP.,0001377936,NYSE
REFI,"Chicago Atlantic Real Estate Finance, Inc.",0001867949,NASDAQ
CYDY,CytoDyn Inc.,0001175680,OTC
NHIV,NewHold Investment Corp IV,0002099767,NASDAQ
RWAY,Runway Growth Finance Corp.,0001653384,NASDAQ
DSM,"BNY MELLON STRATEGIC MUNICIPAL BOND FUND, INC.",0000855887,NYSE
JAKK,JAKKS PACIFIC INC,0001009829,NASDAQ
CEPO,"Cantor Equity Partners I, Inc.",0002027708,NASDAQ
HCKT,"HACKETT GROUP, INC.",0001057379,NASDAQ
PAMT,PAMT CORP,0000798287,NASDAQ
LAB,STANDARD BIOTOOLS INC.,0001162194,NASDAQ
ACIU,AC Immune SA,0001651625,NASDAQ
BSAI,BLUSKY AI INC.,0001416090,OTC
BCYC,BICYCLE THERAPEUTICS PLC,0001761612,NASDAQ
MUZE,Muzero Acquisition Corp,0002093484,NASDAQ
RMM,"RiverNorth Managed Duration Municipal Income Fund, Inc.",0001771226,NYSE
BKTI,BK Technologies Corp,0000002186,NYSE
ELLO,Ellomay Capital Ltd.,0000946394,NYSE
HVII,Hennessy Capital Investment Corp. VII,0001846416,NASDAQ
NKSH,NATIONAL BANKSHARES INC,0000796534,NASDAQ
LCNB,LCNB CORP,0001074902,NASDAQ
PYXS,"Pyxis Oncology, Inc.",0001782223,NASDAQ
ALXO,ALX ONCOLOGY HOLDINGS INC,0001810182,NASDAQ
DNMX,Dynamix Corp III,0002081125,NASDAQ
ACV,Virtus Diversified Income & Convertible Fund,0001636289,NYSE
RC,Ready Capital Corp,0001527590,NYSE
XTER,Karman Line Acquisition Corp.,0002134856,NASDAQ
CAMP,Camp4 Therapeutics Corp,0001736730,NASDAQ
ESCA,ESCALADE INC,0000033488,NASDAQ
CRLBF,Cresco Labs Inc.,0001832928,OTC
PCYO,PURE CYCLE CORP,0000276720,NASDAQ
BUKS,BUTLER NATIONAL CORP,0000015847,OTC
AKBA,"Akebia Therapeutics, Inc.",0001517022,NASDAQ
CLCHF,Clinch Resources Ltd.,0002125750,OTC
BRT,BRT Apartments Corp.,0000014846,NYSE
ASYS,AMTECH SYSTEMS INC,0000720500,NASDAQ
FOA,Finance of America Companies Inc.,0001828937,NYSE
PRQR,ProQR Therapeutics N.V.,0001612940,NASDAQ
TBI,"TrueBlue, Inc.",0000768899,NYSE
GENC,GENCOR INDUSTRIES INC,0000064472,NYSE
FHTX,Foghorn Therapeutics Inc.,0001822462,NASDAQ
OACC,Oaktree Acquisition Corp. III Life Sciences,0002029769,NASDAQ
EGHT,8X8 INC /DE/,0001023731,NASDAQ
AVNW,"AVIAT NETWORKS, INC.",0001377789,NASDAQ
NTWO,Newbury Street II Acquisition Corp,0002028027,NASDAQ
NTPIF,NAM TAI PROPERTY INC.,0000829365,OTC
VABK,Virginia National Bankshares Corp,0001572334,NASDAQ
DMAA,Drugs Made In America Acquisition Corp.,0002028614,NASDAQ
RILY,"BRC Group Holdings, Inc.",0001464790,NASDAQ
LAW,"CS Disco, Inc.",0001625641,NYSE
DUOT,"DUOS TECHNOLOGIES GROUP, INC.",0001396536,NASDAQ
SMHI,SEACOR Marine Holdings Inc.,0001690334,NYSE
FACT,FACT II Acquisition Corp.,0002028935,NASDAQ
WLII,Willow Lane Acquisition Corp. II,0002083946,NASDAQ
TRDA,"Entrada Therapeutics, Inc.",0001689375,NASDAQ
TDF,TEMPLETON DRAGON FUND INC,0000919893,NYSE
ASLE,AerSale Corp,0001754170,NASDAQ
OFLX,"Omega Flex, Inc.",0001317945,NASDAQ
BGS,"B&G Foods, Inc.",0001278027,NYSE
RELL,"RICHARDSON ELECTRONICS, LTD.",0000355948,NASDAQ
TRGS,TRG Latin America Acquisitions Corp.,0002098780,NASDAQ
PMTS,CPI Card Group Inc.,0001641614,NASDAQ
VNME,Vendome Acquisition Corp I,0002055879,NASDAQ
LCTX,"Lineage Cell Therapeutics, Inc.",0000876343,NYSE
IMPP,Imperial Petroleum Inc./Marshall Islands,0001876581,NASDAQ
CPZ,Calamos Long/Short Equity & Dynamic Income Trust,0001717457,NASDAQ
TROO,"Troops, Inc. /Cayman Islands/",0001412095,NASDAQ
NSLR,Neostellar Capital Corp.,0001509470,NASDAQ
PPIH,"Perma-Pipe International Holdings, Inc.",0000914122,NASDAQ
AZ,A2Z CUST2MATE SOLUTIONS CORP.,0001866030,NASDAQ
RMBI,"Richmond Mutual Bancorporation, Inc.",0001767837,NASDAQ
TSSI,"TSS, Inc.",0001320760,NASDAQ
MGNX,MACROGENICS INC,0001125345,NASDAQ
PMM,FRANKLIN MANAGED MUNICIPAL INCOME TRUST,0000844790,NYSE
IPVV,"InterPrivate Investment Partners V, Inc.",0002105274,NASDAQ
ERC,ALLSPRING MULTI-SECTOR INCOME FUND,0001227073,NYSE
CAN,Canaan Inc.,0001780652,NASDAQ
SCII,SC II Acquisition Corp.,0002076739,NASDAQ
VLOS,Velos Acquisition I Corp.,0002016072,NASDAQ
RNAC,"Cartesian Therapeutics, Inc.",0001453687,NASDAQ
USAU,U.S. GOLD CORP.,0000027093,NASDAQ
UXIN,Uxin Ltd,0001729173,NASDAQ
RFAI,RF Acquisition Corp II,0002012807,NASDAQ
III,Information Services Group Inc.,0001371489,NASDAQ
BETR,Better Home & Finance Holding Co,0001835856,NASDAQ
GWRS,"Global Water Resources, Inc.",0001434728,NASDAQ
INBK,First Internet Bancorp,0001562463,NASDAQ
OHAC,Oceanhawk Acquisition Corp.,0002090787,NASDAQ
LTBR,LIGHTBRIDGE Corp,0001084554,NASDAQ
THEO,BOA Acquisition Corp. II,0002080216,NASDAQ
MKLY,McKinley Acquisition Corp,0002067592,NASDAQ
QADR,QDRO Acquisition Corp.,0002083217,NASDAQ
YSG,Yatsen Holding Ltd,0001819580,NYSE
TG,TREDEGAR CORP,0000850429,NYSE
POWW,Outdoor Holding Co,0001015383,NASDAQ
XLAB,Exascale Labs Holdings Inc.,0002109869,NASDAQ
RXST,"RxSight, Inc.",0001111485,NASDAQ
RLTY,Cohen & Steers Real Estate Opportunities & Income Fund,0001866874,NYSE
CYPH,CYPHERPUNK TECHNOLOGIES INC.,0001509745,NASDAQ
EFSI,EAGLE FINANCIAL SERVICES INC,0000880641,NASDAQ
AVXL,ANAVEX LIFE SCIENCES CORP.,0001314052,NASDAQ
MKDW,MKDWELL Tech Inc.,0001991332,NASDAQ
IMMR,IMMERSION CORP,0001058811,NASDAQ
CHPT,"ChargePoint Holdings, Inc.",0001777393,NYSE
CAF,"Morgan Stanley China A Share Fund, Inc.",0001368493,NYSE
ALMU,"Aeluma, Inc.",0001828805,NASDAQ
WRLGF,West Red Lake Gold Mines Ltd.,0001733968,OTC
GSVRF,GUANAJUATO SILVER CO LTD,0000865400,OTC
HMH,HMH Holding Inc,0002021880,NASDAQ
MCGA,Yorkville Acquisition Corp.,0002064658,NASDAQ
SILC,SILICOM LTD.,0000916793,NASDAQ
AIBZ,Bitzero Holdings Inc.,0002100457,NASDAQ
SOCA,Solarius Capital Acquisition Corp.,0002065948,NASDAQ
SSAC,SPACSphere Acquisition Corp.,0002081300,NASDAQ
FGPR,FERRELLGAS PARTNERS L P,0000922358,OTC
ASUR,ASURE SOFTWARE INC,0000884144,NASDAQ
ZUMZ,Zumiez Inc,0001318008,NASDAQ
HWKE,"Hawkeye Digital, Inc.",0001750777,OTC
NUW,Nuveen AMT-Free Municipal Value Fund,0001450445,NYSE
CNDT,CONDUENT Inc,0001677703,NASDAQ
NAGE,"Niagen Bioscience, Inc.",0001386570,NASDAQ
ACRE,Ares Commercial Real Estate Corp,0001529377,NYSE
DYNC,Dynamix Corp,0002028699,NASDAQ
LTRX,LANTRONIX INC,0001114925,NASDAQ
PMMCF,Pampa Metals Corp,0001930459,OTC
INFU,"InfuSystem Holdings, Inc",0001337013,NYSE
ZH,Zhihu Inc.,0001835724,NYSE
DAAQ,Digital Asset Acquisition Corp.,0002052162,NASDAQ
IGAC,Invest Green Acquisition Corp,0002075068,NASDAQ
HHLKF,Hot Chili Ltd,0001562823,OTC
NATR,NATURES SUNSHINE PRODUCTS INC,0000275053,NASDAQ
SBMT,SILVER BOW MINING CORP.,0002067674,NYSE
LMNR,Limoneira CO,0001342423,NASDAQ
MMT,ABERDEEN MULTI-MARKET INCOME FUND,0000809173,NYSE
WHWK,"Whitehawk Therapeutics, Inc.",0001422142,NASDAQ
MACI,Melar Acquisition Corp. I/Cayman,0002016221,NASDAQ
TDWD,Tailwind 2.0 Acquisition Corp.,0002076616,NASDAQ
AIAI,AIAI Holdings Corp,0002096362,NASDAQ
ALEC,"Alector, Inc.",0001653087,NASDAQ
LVWR,"LiveWire Group, Inc.",0001898795,NYSE
NGEN,NERVGEN PHARMA CORP.,0001751912,NASDAQ
FF,FutureFuel Corp.,0001337298,NYSE
MBI,MBIA INC,0000814585,NYSE
AVAC,American Ventures Acquisition Corp. I,0002111009,OTC
TSNDF,TerrAscend Corp.,0001778129,OTC
RCS,"PIMCO STRATEGIC INCOME FUND, INC.",0000916183,NYSE
CGEN,COMPUGEN LTD,0001119774,NASDAQ
NUS,"NU SKIN ENTERPRISES, INC.",0001021561,NYSE
VRXA,Veraxa Biotech AG - Post de-SPAC,0002079109,NASDAQ
TWLV,Twelve Seas Investment Co III/Cayman,0002052243,NASDAQ
IVVD,"Invivyd, Inc.",0001832038,NASDAQ
BXSY,BEXIL INVESTMENT TRUST,0001059213,OTC
LATA,Galata Acquisition Corp. II,0002076427,NASDAQ
BAFN,BayFirst Financial Corp.,0001649739,NASDAQ
MRBK,Meridian Corp,0001750735,NASDAQ
COPL,Copley Acquisition Corp,0002045473,NYSE
NVA,Nova Minerals Corp,0001852551,NYSE
PEBK,PEOPLES BANCORP OF NORTH CAROLINA INC,0001093672,NASDAQ
KGEI,Kolibri Global Energy Inc.,0001477081,NASDAQ
PNNT,PENNANTPARK INVESTMENT CORP,0001383414,NYSE
SCM,Stellus Capital Investment Corp,0001551901,NYSE
CGNRF,Copper Giant Resources Corp.,0001580110,OTC
ACB,AURORA CANNABIS INC,0001683541,NASDAQ
MVST,"Microvast Holdings, Inc.",0001760689,NASDAQ
SUMA,SUMA Acquisition Corp,0002105838,NASDAQ
DYOR,Insight Digital Partners II,0002079292,NASDAQ
STIM,"Neuronetics, Inc.",0001227636,NASDAQ
TORO,TORO CORP.,0001941131,NASDAQ
LIEN,"Chicago Atlantic BDC, Inc.",0001843162,NASDAQ
BLRK,Bluerock Acquisition Corp.,0002081532,NASDAQ
BIII,Black Spade Acquisition III Co,0002087087,NYSE
FBLA,"FB Bancorp, Inc. /MD/",0002013639,NASDAQ
SVCC,Stellar V Capital Corp. (Cayman Islands),0002033593,NASDAQ
EIC,Eagle Point Income Co Inc.,0001754836,NYSE
AUDC,AUDIOCODES LTD,0001086434,NASDAQ
ACU,ACME UNITED CORP,0000002098,NYSE
ADAG,Adagene Inc.,0001818838,NASDAQ
CFBK,CF BANKSHARES INC.,0001070680,NASDAQ
AREC,American Resources Corp,0001590715,NASDAQ
TARA,"Protara Therapeutics, Inc.",0001359931,NASDAQ
FFPP,Fast Finance Pay Corp.,0002109616,OTC
LTGR,Long Table Growth Corp.,0002104177,NASDAQ
SVCO,"Silvaco Group, Inc.",0001943289,NASDAQ
IRAB,Iris Acquisition Corp II,0002077785,NYSE
TBCH,Turtle Beach Corp,0001493761,NASDAQ
SNFCA,SECURITY NATIONAL FINANCIAL CORP,0000318673,NASDAQ
CRDL,Cardiol Therapeutics Inc.,0001702123,NASDAQ
CRAC,Crown Reserve Acquisition Corp. I,0002070887,NASDAQ
AIRO,"AIRO Group Holdings, Inc.",0001927958,NASDAQ
NCMI,"National CineMedia, Inc.",0001377630,NASDAQ
HDSN,HUDSON TECHNOLOGIES INC /NY,0000925528,NASDAQ
SLE,"Super League Enterprise, Inc.",0001621672,NASDAQ
LGI,LAZARD GLOBAL TOTAL RETURN & INCOME FUND INC,0001278211,NYSE
OSS,"ONE STOP SYSTEMS, INC.",0001394056,NASDAQ
CMTV,COMMUNITY BANCORP /VT,0000718413,NASDAQ
ELMD,"Electromed, Inc.",0001488917,NYSE
MRCO,Mercator Acquisition Corp.,0002106436,NASDAQ
IONR,ioneer Ltd,0001896084,NASDAQ
OPBK,OP Bancorp,0001722010,NASDAQ
PSF,"Cohen & Steers Select Preferred & Income Fund, Inc.",0001498612,NYSE
DGAC,DISCIPLINED GROWTH ACQUISITION Corp,0002111038,NYSE
FORR,"FORRESTER RESEARCH, INC.",0001023313,NASDAQ
ELDN,"Eledon Pharmaceuticals, Inc.",0001404281,NASDAQ
MAGH,Magnitude International Ltd,0002046117,NASDAQ
CURV,Torrid Holdings Inc.,0001792781,NYSE
RAIL,"FreightCar America, Inc.",0001320854,NASDAQ
SRZN,"Surrozen, Inc./DE",0001824893,NASDAQ
GLSI,"Greenwich LifeSciences, Inc.",0001799788,NASDAQ
SHMD,SCHMID Group N.V.,0001987240,NASDAQ
SPOK,"Spok Holdings, Inc",0001289945,NASDAQ
SMRT,"SmartRent, Inc.",0001837014,NYSE
PMA,PMA Graphene Technology Group Inc.,0001956166,NASDAQ
REA,"Rare Earths Americas, Inc.",0002095743,NYSE
RGCO,RGC RESOURCES INC,0001069533,NASDAQ
ONCH,1RT Acquisition Corp.,0002054272,NASDAQ
UTMD,UTAH MEDICAL PRODUCTS INC,0000706698,NASDAQ
FOTB,"FIRST OTTAWA BANCSHARES, INC.",0001099668,OTC
SND,"Smart Sand, Inc.",0001529628,NASDAQ
OVBC,OHIO VALLEY BANC CORP,0000894671,NASDAQ
GLDG,GoldMining Inc.,0001538847,NYSE
DEFT,"Defi Technologies, Inc.",0001888274,NASDAQ
OSUR,ORASURE TECHNOLOGIES INC,0001116463,NASDAQ
QMLS,"QumulusAI, Inc.",0002084026,NASDAQ
KISB,KISH BANCORP INC,0000803742,OTC
AMWL,American Well Corp,0001393584,NYSE
RICK,"RCI HOSPITALITY HOLDINGS, INC.",0000935419,NASDAQ
KROS,"Keros Therapeutics, Inc.",0001664710,NASDAQ
OSG,OCTAVE SPECIALTY GROUP INC,0000874501,NYSE
PNPNF,POWER METALLIC MINES INC.,0000855950,OTC
HITI,High Tide Inc.,0001847409,NASDAQ
RDNW,"RideNow Group, Inc.",0001596961,NASDAQ
LODE,Comstock Inc.,0001120970,NYSE
PTHRF,Pantheon Resources plc,0001621910,OTC
TSKFF,Talisker Resources Ltd.,0001803800,OTC
SLGL,Sol-Gel Technologies Ltd.,0001684693,NASDAQ
SIGA,SIGA TECHNOLOGIES INC,0001010086,NASDAQ
HQI,"HireQuest, Inc.",0001140102,NASDAQ
KLTR,KALTURA INC,0001432133,NASDAQ
TETOF,Tectonic Metals Inc.,0001783432,OTC
PTAC,Patriot Acquisition Corp./CI,0002099095,NASDAQ
SABA,Saba Capital Income & Opportunities Fund II,0000828803,NYSE
VUZI,Vuzix Corp,0001463972,NASDAQ
PFSTY,Pfisterer Holdings SE/ADR,0002120422,OTC
FUFU,Bitfufu Inc.,0001921158,NASDAQ
PROF,Profound Medical Corp.,0001628808,NASDAQ
MAMK,MaxsMaking Inc.,0002008007,NASDAQ
GSHR,Gesher Acquisition Corp. II,0002044635,NASDAQ
WEWA,"WEWARDS, INC.",0001616156,OTC
EU,enCore Energy Corp.,0001500881,NASDAQ
NEOV,NeoVolta Inc.,0001748137,NASDAQ
BGIN,BGIN BLOCKCHAIN Ltd,0001945565,NASDAQ
AESP,Aeon Acquisition I Corp.,0002082526,NASDAQ
PLX,"Protalix BioTherapeutics, Inc.",0001006281,NYSE
ESOA,Energy Services of America CORP,0001357971,NASDAQ
EGHA,EGH Acquisition Corp.,0002052547,NASDAQ
MFM,ABERDEEN MUNICIPAL INCOME FUND,0000801961,NYSE
RVLGF,Revival Gold Inc.,0001616885,OTC
CCAQ,COLLECTIVE ACQUISITION CORP.,0002041047,NASDAQ
MSLE,Satellos Bioscience Inc.,0001421642,NASDAQ
CZWI,Citizens Community Bancorp Inc.,0001367859,NASDAQ
IDAC,Iron Dome Acquisition I Corp.,0002090441,NASDAQ
ENHA,Enhanced Group Inc.,0001956439,NYSE
CFSU,Complete Financial Solutions Inc.,0001621888,OTC
HAVA,Harvard Ave Acquisition Corp,0002042460,NASDAQ
IPHA,Innate Pharma SA,0001598599,NASDAQ
CTAA,Clearthink 1 Acquisition Corp.,0002094073,NASDAQ
DPRO,Draganfly Inc.,0001786286,NASDAQ
TDAC,Translational Development Acquisition Corp.,0001926599,NASDAQ
IIF,"MORGAN STANLEY INDIA INVESTMENT FUND, INC.",0000916618,NYSE
PALO,PALOMA ACQUISITION CORP I,0002101562,NASDAQ
TPVG,TriplePoint Venture Growth BDC Corp.,0001580345,NYSE
CMTG,"Claros Mortgage Trust, Inc.",0001666291,NYSE
CMT,CORE MOLDING TECHNOLOGIES INC,0001026655,NYSE
PEPG,PepGen Inc.,0001835597,NASDAQ
OAKC,"Oakworth Capital, Inc.",0001588871,OTC
FCAP,FIRST CAPITAL INC,0001070296,NASDAQ
CHCI,"Comstock Holding Companies, Inc.",0001299969,NASDAQ
ANTX,"AN2 Therapeutics, Inc.",0001880438,NASDAQ
MITT,"TPG Mortgage Investment Trust, Inc.",0001514281,NYSE
ABOS,"Acumen Pharmaceuticals, Inc.",0001576885,NASDAQ
SRI,STONERIDGE INC,0001043337,NYSE
CHRS,"Coherus Oncology, Inc.",0001512762,NASDAQ
NKTX,"Nkarta, Inc.",0001787400,NASDAQ
MPAA,MOTORCAR PARTS OF AMERICA INC,0000918251,NASDAQ
TVIV,Texas Ventures Acquisition IV Corp,0002096755,NASDAQ
MINE,MAYFAIR GOLD CORP.,0001823255,NYSE
CPSS,"CONSUMER PORTFOLIO SERVICES, INC.",0000889609,NASDAQ
DERM,Journey Medical Corp,0001867066,NASDAQ
NERV,"Minerva Neurosciences, Inc.",0001598646,NASDAQ
EVI,"EVI INDUSTRIES, INC.",0000065312,NYSE
DCX,Digital Currency X Technology Inc.,0001957413,NASDAQ
KRRO,"Korro Bio, Inc.",0001703647,NASDAQ
AMPY,Amplify Energy Corp.,0001533924,NYSE
GARLF,Roxmore Resources Inc.,0001725569,OTC
TBXXF,King Copper Discovery Corp.,0001785476,OTC
AOMR,"Angel Oak Mortgage REIT, Inc.",0001766478,NYSE
BNC,CEA Industries Inc.,0001482541,NASDAQ
BANX,ArrowMark Financial Corp.,0001578987,NASDAQ
SIDU,Sidus Space Inc.,0001879726,NASDAQ
KTWO,K2 Capital Acquisition Corp,0002086524,NASDAQ
CUE,"Cue Biopharma, Inc.",0001645460,NASDAQ
AIIO,ROBO.AI INC.,0001932737,NASDAQ
TNXP,Tonix Pharmaceuticals Holding Corp.,0001430306,NASDAQ
XPOF,"Xponential Fitness, Inc.",0001802156,NYSE
PSRHF,Pulsar Helium Inc.,0001991413,OTC
RBKB,"Rhinebeck Bancorp, Inc.",0001751783,NASDAQ
GSIT,GSI TECHNOLOGY INC,0001126741,NASDAQ
SES,SES AI Corp,0001819142,NYSE
BEBE,TGE Value Creative Solutions Corp,0002079933,NYSE
PDEX,PRO DEX INC,0000788920,NASDAQ
FIGX,FIGX Capital Acquisition Corp.,0002059033,NASDAQ
GGT,GABELLI MULTIMEDIA TRUST INC.,0000921671,NYSE
RVII,Robinhood Ventures Fund II,0002131040,NYSE
CSBB,"CSB Bancorp, Inc.",0000880417,OTC
GDEV,GDEV Inc.,0001848739,NASDAQ
EDRY,EuroDry Ltd.,0001731388,NASDAQ
APMC,AmperCap Acquisition Co,0002101393,NASDAQ
DHX,"DHI GROUP, INC.",0001393883,NYSE
SGC,"SUPERIOR GROUP OF COMPANIES, INC.",0000095574,NASDAQ
ETSS,Energy Transition Special Opportunities,0002085932,NYSE
QUIK,QUICKLOGIC Corp,0000882508,NASDAQ
EXFY,"Expensify, Inc.",0001476840,NASDAQ
LARK,LANDMARK BANCORP INC,0001141688,NASDAQ
ARMP,"Armata Pharmaceuticals, Inc.",0000921114,NYSE
MIAC,Meridian3 Industrials Acquisition Corp,0002136530,NASDAQ
LFAC,Leapfrog Acquisition Corp,0002084563,NASDAQ
ETX,Eaton Vance Municipal Income 2028 Term Trust,0001563696,NYSE
AIIA,AI Infrastructure Acquisition Corp.,0002073553,NYSE
LCUT,"LIFETIME BRANDS, INC",0000874396,NASDAQ
AOUT,"American Outdoor Brands, Inc.",0001808997,NASDAQ
DTIL,PRECISION BIOSCIENCES INC,0001357874,NASDAQ
SPMC,"Sound Point Meridian Capital, Inc.",0001930147,NYSE
VYGR,"Voyager Therapeutics, Inc.",0001640266,NASDAQ
CEPL,"Capstone Energy Plus, Inc.",0001009759,NASDAQ
LOVE,Lovesac Co,0001701758,NASDAQ
ALTG,ALTA EQUIPMENT GROUP INC.,0001759824,NYSE
PERF,Perfect Corp.,0001899830,NYSE
NPV,NUVEEN VIRGINIA QUALITY MUNICIPAL INCOME FUND,0000897421,NYSE
VACI,Viking Acquisition Corp I,0002080023,NYSE
PED,PEDEVCO CORP,0001141197,NYSE
TAYD,"TAYLOR DEVICES, INC.",0000096536,NASDAQ
NMRA,"Neumora Therapeutics, Inc.",0001885522,NASDAQ
ORMP,ORAMED PHARMACEUTICALS INC.,0001176309,NASDAQ
OZ,"Belpointe PREP, LLC",0001807046,NYSE
BDCO,BLUE DOLPHIN ENERGY CO,0000793306,OTC
IDE,"Voya Infrastructure, Industrials & Materials Fund",0001417802,NYSE
TYFG,"Tri-County Financial Group, Inc.",0001725262,OTC
SUGRF,Sucro Ltd,0001996493,OTC
OMSE,OMS Energy Technologies Inc.,0002012219,NASDAQ
ORGO,Organogenesis Holdings Inc.,0001661181,NASDAQ
BID,Tribeca Strategic Acquisition Corp.,0002094919,NASDAQ
BMBN,BENCHMARK BANKSHARES INC,0000804563,OTC
BRCB,"Black Rock Coffee Bar, Inc.",0002068577,NASDAQ
FLWS,1 800 FLOWERS COM INC,0001084869,NASDAQ
CXDO,"Crexendo, Inc.",0001075736,NASDAQ
ANGI,Angi Inc.,0001705110,NASDAQ
CRNT,CERAGON NETWORKS LTD,0001119769,NASDAQ
XYF,X Financial,0001725033,NYSE
GAMG,"Global Asset Management Group, Inc.",0000055234,OTC
ACOG,Alpha Cognition Inc.,0001655923,NASDAQ
CBFV,"CB Financial Services, Inc.",0001605301,NASDAQ
PLG,PLATINUM GROUP METALS LTD,0001095052,NYSE
EPSN,Epsilon Energy Ltd.,0001726126,NASDAQ
FOCL,EDAP TMS SA,0001041934,NASDAQ
TOYO,"TOYO Co., Ltd",0001985273,NASDAQ
HNVR,"Hanover Bancorp, Inc. /MD",0001828588,NASDAQ
HWAIF,Healwell AI Inc.,0001999124,OTC
AMFN,"American Fusion, Inc.",0000096664,OTC
FNWD,Finward Bancorp,0000919864,NASDAQ
NEN,NEW ENGLAND REALTY ASSOCIATES LIMITED PARTNERSHIP,0000746514,NYSE
DMB,"BNY Mellon Municipal Bond Infrastructure Fund, Inc.",0001565381,NYSE
FINW,Finwise Bancorp,0001856365,NASDAQ
USBC,"USBC, Inc.",0001074828,NYSE
SSTK,"Shutterstock, Inc.",0001549346,NYSE
NUCL,Eagle Nuclear Energy Corp.,0002089283,NASDAQ
RLEA,Rubber Leaf Inc,0001893657,OTC
PHCI,Panamera Holdings Corp,0001620749,OTC
NBP,NovaBridge Biosciences,0001778016,NASDAQ
SRGXF,Surge Copper Corp,0001644540,OTC
AERG,"APPLIED ENERGETICS, INC.",0000879911,OTC
EXOD,"Exodus Movement, Inc.",0001821534,NYSE
GF,NEW GERMANY FUND INC,0000858706,NYSE
OPP,"RiverNorth/DoubleLine Strategic Opportunity Fund, Inc.",0001678130,NYSE
CPKF,CHESAPEAKE FINANCIAL SHARES INC,0000847538,OTC
MPV,BARINGS PARTICIPATION INVESTORS,0000831655,NYSE
WIA,WESTERN ASSET INFLATION-LINKED INCOME FUND,0001254370,NYSE
AXREF,AMARC RESOURCES LTD,0001175596,OTC
ECBK,"ECB Bancorp, Inc. /MD/",0001914605,NASDAQ
ICTSF,ICTS INTERNATIONAL N V,0001010134,OTC
CIA,"CITIZENS, INC.",0000024090,NYSE
SKYX,SKYX Platforms Corp.,0001598981,NASDAQ
VLN,Valens Semiconductor Ltd.,0001863006,NYSE
MNSB,"MainStreet Bancshares, Inc.",0001693577,NASDAQ
ZHJD,Intelligent Hotel Group Ltd.,0001794276,OTC
ONEW,OneWater Marine Inc.,0001772921,NASDAQ
MRT,"Marti Technologies, Inc.",0001852767,NYSE
EBMT,"Eagle Bancorp Montana, Inc.",0001478454,NASDAQ
DOMO,"DOMO, INC.",0001505952,NASDAQ
PAAC,Proem Acquisition Corp. I,0002087446,NASDAQ
ARCL,ARC Group Acquisition I Corp.,0002073515,NASDAQ
WHG,WESTWOOD HOLDINGS GROUP INC,0001165002,NYSE
JELD,"JELD-WEN Holding, Inc.",0001674335,NYSE
DLTH,DULUTH HOLDINGS INC.,0001649744,NASDAQ
SBFG,"SB FINANCIAL GROUP, INC.",0000767405,NASDAQ
JRVR,"James River Group Holdings, Inc.",0001620459,NASDAQ
GCTS,"GCT Semiconductor Holding, Inc.",0001851961,NYSE
UTGN,UTG INC,0000832480,OTC
NRO,NEUBERGER REAL ESTATE SECURITIES INCOME FUND INC,0001261166,NYSE
AGMRF,"Silver Mountain Resources, Inc.",0002022059,OTC
GPAT,GP-Act III Acquisition Corp.,0001834526,NASDAQ
FLYX,FLYEXCLUSIVE INC.,0001843973,NYSE
CHEC,Chenghe Acquisition III Co.,0002047177,NASDAQ
BYND,"BEYOND MEAT, INC.",0001655210,NASDAQ
AGXPF,SILVER X MINING CORP.,0001482436,OTC
BWIV,Blue Water Acquisition Corp. IV,0002082847,NYSE
UIS,UNISYS CORP,0000746838,NYSE
GLATF,Global Atomic Corp,0001716410,OTC
FTHA,Forefront Tech Holdings Acquisition Corp,0002097986,NASDAQ
BVFL,"BV Financial, Inc.",0001302387,NASDAQ
RNA,"Atrium Therapeutics, Inc.",0002093101,NASDAQ
CNTN,"Canton Strategic Holdings, Inc.",0001861657,NASDAQ
STLRF,STLLR Gold Inc.,0001979408,OTC
EAF,GRAFTECH INTERNATIONAL LTD,0000931148,NYSE
EDF,Virtus Stone Harbor Emerging Markets Income Fund,0001501103,NYSE
PONO,"Pono Capital Four, Inc.",0002108164,NASDAQ
USDE,StableCoinX Inc.,0002080215,NASDAQ
AIRS,"Airsculpt Technologies, Inc.",0001870940,NASDAQ
SSVFF,SOUTHERN SILVER EXPLORATION CORP,0001397616,OTC
XGN,EXAGEN INC.,0001274737,NASDAQ
UTKN,Universal Token,0001919182,OTC
MRDN,Meridian Holdings Inc./NV,0001437925,NASDAQ
LAWR,"Robot Consulting Co., Ltd.",0002007599,NASDAQ
NXPGY,Mobico Group PLC/ADR,0001455632,OTC
HGLB,HIGHLAND GLOBAL ALLOCATION FUND,0001622148,NYSE
APGOF,Apollo Silver Corp,0001811931,OTC
KTGDF,K2 Gold Corp,0001583962,OTC
ECF,ELLSWORTH GROWTH & INCOME FUND LTD,0000793040,NYSE
TAVI,Tavia Acquisition Corp.,0002020385,NASDAQ
EHI,WESTERN ASSET GLOBAL HIGH INCOME FUND INC.,0001228509,NYSE
ENBP,ENB Financial Corp,0001437479,OTC
SCTSF,Scottie Resources Corp.,0001790538,OTC
FLC,FLAHERTY & CRUMRINE TOTAL RETURN FUND INC,0001245648,NYSE
NPWR,Net Power Inc.,0001845437,NYSE
SAFX,"XCF Global, Inc.",0002019793,NASDAQ
MRUWY,"Maruwa Co., Ltd./ADR",0002093667,OTC
DVLT,Datavault AI Inc.,0001682149,NASDAQ
MDWD,MediWound Ltd.,0001593984,NASDAQ
AP,AMPCO PITTSBURGH CORP,0000006176,NYSE
DFDV,DeFi Development Corp.,0001805526,NASDAQ
WALD,Waldencast plc,0001840199,NASDAQ
SEVN,Seven Hills Realty Trust,0001452477,NASDAQ
DHF,BNY MELLON HIGH YIELD STRATEGIES FUND,0001057861,NYSE
WYHG,Wing Yip Food Holdings Group Ltd,0001999860,NASDAQ
TONX,TON Strategy Co,0001566610,NASDAQ
LEE,"LEE ENTERPRISES, Inc",0000058361,NASDAQ
RDCM,RADCOM LTD,0001016838,NASDAQ
NMP,NMP Acquisition Corp.,0002054876,NASDAQ
VBF,Invesco Bond Fund,0000005094,NYSE
SNNGF,PPX Mining Corp.,0001384831,OTC
HTLM,HomesToLife Ltd,0002023153,NASDAQ
VNJA,VANJIA CORP,0001532383,OTC
QSI,Quantum-Si Inc,0001816431,NASDAQ
SLBK,"Skyline Bankshares, Inc.",0001657642,OTC
EMYB,"Embassy Bancorp, Inc.",0001449794,OTC
ZSQR,Z Squared Inc.,0001759186,NASDAQ
ATOM,Atomera Inc,0001420520,NASDAQ
EARN,Ellington Credit Co,0001560672,NYSE
SAGU,Shreya Acquisition Group,0002083452,NYSE
EMIS,Emmis Acquisition Corp.,0002075816,NASDAQ
NLOP,Net Lease Office Properties,0001952976,NYSE
FIRY,Firy Inc.,0001801661,NYSE
QRED,QuasarEdge Acquisition Corp,0002085177,NYSE
MOLN,MOLECULAR PARTNERS AG,0001745114,NASDAQ
FREVS,"FIRST REAL ESTATE INVESTMENT TRUST OF NEW JERSEY, INC.",0000036840,OTC
CAAS,"China Automotive Systems, Inc.",0002037400,NASDAQ
LKSP,Lake Superior Acquisition Corp,0002043508,NASDAQ
WENC,West Enclave Merger Corp.,0002104260,NYSE
GLED,GalaxyEdge Acquisition Corp,0002091484,NYSE
GCUMF,Gunnison Copper Corp.,0001514860,OTC
LAFA,LaFayette Acquisition Corp.,0002079106,NASDAQ
OTLK,"Outlook Therapeutics, Inc.",0001649989,NASDAQ
SPEG,Silver Pegasus Acquisition Corp.,0002028735,NASDAQ
CRBP,"Corbus Pharmaceuticals Holdings, Inc.",0001595097,NASDAQ
NIU,Niu Technologies,0001744781,NASDAQ
CDXS,"CODEXIS, INC.",0001200375,NASDAQ
FMAC,Future Money Acquisition Corp,0002099232,NASDAQ
BZUN,Baozun Inc.,0001625414,NASDAQ
CURI,CuriosityStream Inc.,0001776909,NASDAQ
STLE,STEELE BANCORP INC,0000779227,OTC
WPAC,White Pearl Acquisition Corp.,0002081536,NYSE
HUMA,"Humacyte, Inc.",0001818382,NASDAQ
NYXH,Nyxoah SA,0001857190,NASDAQ
SPRB,"SPRUCE BIOSCIENCES, INC.",0001683553,NASDAQ
XHG,XChange TEC.INC,0001769256,NASDAQ
PNI,PIMCO NEW YORK MUNICIPAL INCOME FUND II,0001170311,NYSE
LFCR,"LIFECORE BIOMEDICAL, INC. DE",0001005286,NASDAQ
OCAC,Ocean Capital Acquisition Corp,0001926314,NYSE
BCBP,BCB BANCORP INC,0001228454,NASDAQ
DOUG,Douglas Elliman Inc.,0001878897,NYSE
LANV,Lanvin Group Holdings Ltd,0001922097,NYSE
BHLL,Bunker Hill Mining Corp.,0001407583,OTC
BEOB,BEO BANCORP,0001480170,OTC
TGMPF,Tantalus Systems Holding Inc.,0002025947,OTC
IMUX,"IMMUNIC, INC.",0001280776,NASDAQ
TONT,Graf Global Corp.,0001897463,NYSE
WRIV,WHITE RIVER BANCSHARES CO,0001328409,OTC
FPRGF,Falco Resources Ltd.,0001555980,OTC
GNT,"GAMCO Natural Resources, Gold & Income Trust",0001438893,NYSE
STEX,Streamex Corp.,0001530766,NASDAQ
ZJYL,Jin Medical International Ltd.,0001837821,NASDAQ
INAC,Indigo Acquisition Corp.,0002063816,NASDAQ
WPGCF,West Point Gold Corp.,0001404353,OTC
DAVA,Endava plc,0001656081,NYSE
BSET,BASSETT FURNITURE INDUSTRIES INC,0000010329,NASDAQ
MENS,Jyong Biotech Ltd.,0001954488,NASDAQ
CEPS,"Cantor Equity Partners VI, Inc.",0002089536,NASDAQ
WHF,"WhiteHorse Finance, Inc.",0001552198,NASDAQ
BMN,BlackRock 2037 Municipal Target Term Trust,0001832871,NYSE
LUCD,Lucid Diagnostics Inc.,0001799011,NASDAQ
YCY,AA Mission Acquisition Corp. II,0002075336,NYSE
TCGX,TCGX Acquisition Corp.,0002137965,NASDAQ
OGI,ORGANIGRAM GLOBAL INC.,0001620737,NASDAQ
GRO,Brazil Potash Corp.,0001472326,NYSE
AURFF,Tincorp Metals Inc.,0001864597,OTC
SITC,SITE Centers Corp.,0000894315,NYSE
GHI,Greystone Housing Impact Investors LP,0001059142,NYSE
CTW,CTW,0002047148,NASDAQ
PIM,FRANKLIN MASTER INTERMEDIATE INCOME TRUST,0000830622,NYSE
TUSK,"MAMMOTH ENERGY SERVICES, INC.",0001679268,NASDAQ
ELME,Elme Communities,0000104894,NYSE
RRGB,RED ROBIN GOURMET BURGERS INC,0001171759,NASDAQ
APUR,Aperture AC,0002093524,NASDAQ
VTN,Invesco Trust for Investment Grade New York Municipals,0000883265,NYSE
EML,EASTERN CO,0000031107,NASDAQ
AMTX,"AEMETIS, INC",0000738214,NASDAQ
GLAI,"Global AI, Inc.",0001473490,OTC
LSBK,"Lake Shore Bancorp, Inc. /MD/",0002059653,NASDAQ
ALPX,Alpex Acquisition Corp,0002125551,NASDAQ
INTT,INTEST CORP,0001036262,NYSE
NINE,"Nine Energy Service, Inc.",0001532286,NYSE
SPE,"SPECIAL OPPORTUNITIES FUND, INC.",0000897802,NYSE
NRXP,"NRX Pharmaceuticals, Inc.",0001719406,NASDAQ
SWVL,Swvl Holdings Corp,0001875609,NASDAQ
TRAD,APEX Tech Acquisition Inc.,0002085485,NYSE
WW,"WW INTERNATIONAL, INC.",0000105319,NASDAQ
LFMD,"LifeMD, Inc.",0000948320,NASDAQ
MHF,WESTERN ASSET MUNICIPAL HIGH INCOME FUND INC.,0000830487,NYSE
NAKA,Nakamoto Inc.,0001946573,NASDAQ
ONL,Orion Properties Inc.,0001873923,NYSE
NCO,Southern Cross Acquisition I Corp.,0002116230,NASDAQ
UNCY,"Unicycive Therapeutics, Inc.",0001766140,NASDAQ
TRAK,"ReposiTrak, Inc.",0000050471,NYSE
BRLT,"Brilliant Earth Group, Inc.",0001866757,NASDAQ
OCLT,OceanLight Acquisition Corp,0002137679,NASDAQ
OXSQ,Oxford Square Capital Corp.,0001259429,NASDAQ
KRMD,"KORU Medical Systems, Inc.",0000704440,NASDAQ
MSD,MORGAN STANLEY EMERGING MARKETS DEBT FUND INC,0000904112,NYSE
MYX,Maywood Acquisition Corp. 2,0002080087,NASDAQ
TNYA,"Tenaya Therapeutics, Inc.",0001858848,NASDAQ
SHIM,Shimmick Corp,0001887944,NASDAQ
BMHL,Bluemount Holdings Ltd,0002027815,NASDAQ
ZJK,"ZJK Industrial Co., Ltd.",0001941506,NASDAQ
HURC,HURCO COMPANIES INC,0000315374,NASDAQ
XFLH,XFLH Capital Corp,0002088103,NYSE
PFD,FLAHERTY & CRUMRINE PREFERRED & INCOME FUND INC,0000868578,NYSE
DIBS,"1stdibs.com, Inc.",0001600641,NASDAQ
LENZ,"LENZ Therapeutics, Inc.",0001815776,NASDAQ
NSAI,NorthStrive Acquisition Corp I.,0002133719,NASDAQ
SRBK,"SR Bancorp, Inc.",0001951276,NASDAQ
FMBM,F&M BANK CORP,0000740806,OTC
PLUN,Plutonian Acquisition Corp. II,0002065661,NYSE
GRX,Gabelli Healthcare & WellnessRx Trust,0001391437,NYSE
INGN,Inogen Inc,0001294133,NASDAQ
DOYU,DouYu International Holdings Ltd,0001762417,NASDAQ
BHAV,BHAV Acquisition Corp,0002097288,NASDAQ
SDCO,"SDR Drone, Inc.",0001331421,OTC
SMNR,"Semnur Pharmaceuticals, Inc.",0001913577,OTC
ANNA,"AleAnna, Inc.",0001845123,NASDAQ
CLPR,Clipper Realty Inc.,0001649096,NYSE
CCNB,"Coastal Carolina Bancshares, Inc.",0001437213,OTC
RFAM,RF Acquisition Corp III,0002091712,NASDAQ
EGAN,EGAIN Corp,0001066194,NASDAQ
CRBU,"Caribou Biosciences, Inc.",0001619856,NASDAQ
UP,Wheels Up Experience Inc.,0001819516,NYSE
UAC,United Acquisition Corp. I,0002098669,NYSE
BCV,BANCROFT FUND LTD,0000009521,NYSE
DLNG,Dynagas LNG Partners LP,0001578453,NYSE
EQ,"Equillium, Inc.",0001746466,NASDAQ
TLYS,"TILLY'S, INC.",0001524025,NYSE
BHR,Braemar Hotels & Resorts Inc.,0001574085,NYSE
RGP,"RESOURCES CONNECTION, INC.",0001084765,NASDAQ
SCPQ,Social Commerce Partners Corp,0002083143,NASDAQ
ADCT,ADC Therapeutics SA,0001771910,NYSE
PAL,"Proficient Auto Logistics, Inc",0001998768,NASDAQ
COOK,"Traeger, Inc.",0001857853,NYSE
OWLT,"Owlet, Inc.",0001816708,NYSE
PLBY,"Playboy, Inc.",0001803914,NASDAQ
IMDX,Insight Molecular Diagnostics Inc.,0001642380,NASDAQ
OPRX,OptimizeRx Corp,0001448431,NASDAQ
ZENA,"ZenaTech, Inc.",0001997403,NASDAQ
BGX,Blackstone Long-Short Credit Income Fund,0001504234,NYSE
MED,MEDIFAST INC,0000910329,NYSE
CLAR,Clarus Corp,0000913277,NASDAQ
ZPTA,"Zapata Quantum, Inc.",0001843714,OTC
HSDT,Solana Co,0001610853,NASDAQ
HEQ,John Hancock Diversified Income Fund,0001496749,NYSE
MPA,BLACKROCK MUNIYIELD PENNSYLVANIA QUALITY FUND,0000891038,NYSE
LMRXF,LARAMIDE RESOURCES LTD,0001001500,OTC
ACNT,ASCENT INDUSTRIES CO.,0000095953,NASDAQ
HOFT,HOOKER FURNISHINGS Corp,0001077688,NASDAQ
EPM,EVOLUTION PETROLEUM CORP,0001006655,NYSE
HYNE,"Hoyne Bancorp, Inc.",0002073153,NASDAQ
UMEW,UMeWorld Inc.,0001114936,OTC
LGCL,Lucas GC Ltd,0001954694,NASDAQ
FTCO,Fortitude Gold Corp,0001828377,OTC
BNR,Burning Rock Biotech Ltd,0001792267,NASDAQ
HURA,"TuHURA Biosciences, Inc./NV",0001498382,NASDAQ
VECA,Vernal Capital Acquisition Corp.,0002081690,NYSE
FGBI,"First Guaranty Bancshares, Inc.",0001408534,NASDAQ
SPAUF,SPANISH MOUNTAIN GOLD LTD.,0001337090,OTC
XHLD,"TEN Holdings, Inc.",0002030954,NASDAQ
BOOM,DMC Global Inc.,0000034067,NASDAQ
VLTLF,Volt Lithium Corp.,0001872061,OTC
INSE,"Inspired Entertainment, Inc.",0001615063,NASDAQ
HCAT,"Health Catalyst, Inc.",0001636422,NASDAQ
LX,LexinFintech Holdings Ltd.,0001708259,NASDAQ
SMID,SMITH MIDLAND CORP,0000924719,NASDAQ
JLHL,Julong Holding Ltd,0002007846,NASDAQ
INO,"INOVIO PHARMACEUTICALS, INC.",0001055726,NASDAQ
STXS,"Stereotaxis, Inc.",0001289340,NYSE
HYI,Western Asset High Yield Opportunity Fund Inc.,0001497186,NYSE
NAUT,"Nautilus Biotechnology, Inc.",0001808805,NASDAQ
KVHI,KVH INDUSTRIES INC \DE\,0001007587,NASDAQ
VIVO,VivoPower PLC,0001681348,NASDAQ
AGPU,Axe Compute Inc.,0001446159,NASDAQ
CGO,CALAMOS GLOBAL TOTAL RETURN FUND,0001285650,NASDAQ
HDRN,"Hadron Energy, Inc.",0002023730,NASDAQ
CVGI,"Commercial Vehicle Group, Inc.",0001290900,NASDAQ
LGCY,Legacy Education Inc.,0001836754,NYSE
ENGS,Energys Group Ltd,0001971828,NASDAQ
OKUR,"OnKure Therapeutics, Inc.",0001637715,NASDAQ
FWAC,Futurewave Acquisition Corp,0002116105,NASDAQ
VTVT,vTv Therapeutics Inc.,0001641489,NASDAQ
KZIA,KAZIA THERAPEUTICS LTD,0001075880,NASDAQ
FXAC,FortuneX Acquisition Corp,0002121703,NASDAQ
OCC,OPTICAL CABLE CORP,0001000230,NASDAQ
EWAV,East West Ave Acquisition Corp.,0002100704,NASDAQ
BOTJ,BANK OF THE JAMES FINANCIAL GROUP INC,0001275101,NASDAQ
KGFMF,Kingfisher Metals Corp.,0001853889,OTC
WTF,Waton Financial Ltd,0001987363,NASDAQ
NICM,NICOLA MINING INC.,0001526475,NASDAQ
MGYR,"Magyar Bancorp, Inc.",0001337068,NASDAQ
CNTB,Connect Biopharma Holdings Ltd,0001835268,NASDAQ
UFI,UNIFI INC,0000100726,NYSE
IAF,"ABRDN AUSTRALIA EQUITY FUND, INC.",0000779336,NYSE
BMEA,"Biomea Fusion, Inc.",0001840439,NASDAQ
HYDTF,Hydreight Technologies Inc.,0001958389,OTC
MIST,Milestone Pharmaceuticals Inc.,0001408443,NASDAQ
JHS,JOHN HANCOCK INCOME SECURITIES TRUST,0000759866,NYSE
SFBC,"Sound Financial Bancorp, Inc.",0001541119,NASDAQ
SANG,Sangoma Technologies Corp,0001753368,NASDAQ
PHD,"Pioneer Floating Rate Fund, Inc.",0001305767,OTC
FDCT,"FDCTECH, INC.",0001722731,OTC
AXR,AMREP CORP.,0000006207,NYSE
TLSA,Tiziana Life Sciences Ltd,0001723069,NASDAQ
ELRE,Yinfu Gold Corp.,0001438461,OTC
MXCT,"MAXCYTE, INC.",0001287098,NASDAQ
PMN,ProMIS Neurosciences Inc.,0001374339,NASDAQ
BRCC,BRC Inc.,0001891101,NYSE
CABO,"Cable One, Inc.",0001632127,NYSE
CBUS,"Cibus, Inc.",0001705843,NASDAQ
FKYS,FIRST KEYSTONE CORP,0000737875,OTC
BSCL,"BILI Social International, Inc.",0001109262,OTC
ENGN,enGene Therapeutics Inc.,0001980845,NASDAQ
TCX,TUCOWS INC /PA/,0000909494,NASDAQ
RFL,"Rafael Holdings, Inc.",0001713863,NYSE
CHAR,Charlton Aria Acquisition Corp,0002024459,NASDAQ
APYX,Apyx Medical Corp,0000719135,NASDAQ
PLCI,Pelican Acquisition II Corp,0002122392,NASDAQ
QTRX,Quanterix Corp,0001503274,NASDAQ
RMMZ,"RiverNorth Managed Duration Municipal Income Fund II, Inc.",0001870833,NYSE
AKA,A.K.A. BRANDS HOLDING CORP.,0001865107,NYSE
RANI,"Rani Therapeutics Holdings, Inc.",0001856725,NASDAQ
TISI,TEAM INC,0000318833,NYSE
DRTTF,DIRTT ENVIRONMENTAL SOLUTIONS LTD,0001340476,OTC
OESX,"ORION ENERGY SYSTEMS, INC.",0001409375,NASDAQ
HCHL,Happy City Holdings Ltd,0002046656,NASDAQ
PGAC,PANTAGES CAPITAL ACQUISITION Corp,0002030829,NASDAQ
BRKH,Burtech Acquisition Corp II,0002098707,NASDAQ
VXRT,"Vaxart, Inc.",0000072444,OTC
QUMS,Quantumsphere Acquisition Corp,0002070900,NASDAQ
PNBK,PATRIOT NATIONAL BANCORP INC,0001098146,NASDAQ
CRCUF,Canagold Resources Ltd.,0000868822,OTC
CNXU,Conexeu Sciences Inc.,0002066836,NASDAQ
UNB,UNION BANKSHARES INC,0000706863,NASDAQ
LGCXF,Lahontan Gold Corp.,0001921582,OTC
MCN,XAI Madison Equity Premium Income Fund,0001289868,NYSE
TNYZF,Tiny Ltd.,0001836775,OTC
BSBK,Bogota Financial Corp.,0001787414,NASDAQ
PROV,PROVIDENT FINANCIAL HOLDINGS INC,0001010470,NASDAQ
WSBK,"Winchester Bancorp, Inc./MD/",0002047235,NASDAQ
OPHC,"OptimumBank Holdings, Inc.",0001288855,NYSE
JUSH,Jushi Holdings Inc.,0001909747,OTC
BEEP,Mobile Infrastructure Corp,0001847874,NASDAQ
CITR,CitroTech Inc.,0000894556,NYSE
DMRC,Digimarc Corp,0002119322,NASDAQ
USGO,U.S. GoldMining Inc.,0001947244,NASDAQ
GNLX,GENELUX Corp,0001231457,NASDAQ
PLMK,"Plum Acquisition Corp, IV",0002030482,NASDAQ
UNIB,UNIVERSITY BANCORP INC /DE/,0000811211,OTC
FLX,BingEx Ltd,0001858724,NASDAQ
GOAI,Eva Live Inc,0001983736,NASDAQ
GLU,GABELLI GLOBAL UTILITY & INCOME TRUST,0001282957,NYSE
STHO,Star Holdings,0001953366,NASDAQ
CODA,"Coda Octopus Group, Inc.",0001334325,NASDAQ
PFBX,PEOPLES FINANCIAL CORP /MS/,0000770460,OTC
VANI,"Vivani Medical, Inc.",0001266806,NASDAQ
DMO,Western Asset Mortgage Opportunity Fund Inc.,0001478102,NYSE
RYDE,Ryde Group Ltd,0001971115,NYSE
NWPP,NEW PEOPLES BANKSHARES INC,0001163389,OTC
FTZFF,Fitzroy Minerals Inc.,0001819258,OTC
BDTX,"Black Diamond Therapeutics, Inc.",0001701541,NASDAQ
QUCY,Quantum Cyber N.V.,0001874252,NASDAQ
NIM,NUVEEN SELECT MATURITIES MUNICIPAL FUND,0000890119,NYSE
SIEB,SIEBERT FINANCIAL CORP,0000065596,NASDAQ
CSTE,Caesarstone Ltd.,0001504379,NASDAQ
PAI,Western Asset Investment Grade Income Fund Inc.,0000075398,NYSE
DH,Definitive Healthcare Corp.,0001861795,NASDAQ
JYNT,JOINT Corp,0001612630,NASDAQ
FURY,FURY GOLD MINES LTD,0001514597,NYSE
TJGC,TJGC GROUP Ltd,0001969928,NASDAQ
RSKIA,"GEORGE RISK INDUSTRIES, INC.",0000084112,OTC
HOVR,New Horizon Aircraft Ltd.,0001930021,NASDAQ
AARD,"Aardvark Therapeutics, Inc.",0001774857,NASDAQ
RFIL,R F INDUSTRIES LTD,0000740664,NASDAQ
BYFC,BROADWAY FINANCIAL CORP DE,0001001171,NASDAQ
LPA,Logistic Properties of the Americas,0001997711,NYSE
GRUSF,Grown Rogue International Inc.,0001463000,OTC
FJET,"Starfighters Space, Inc.",0001947016,NYSE
ORRCF,OROCO RESOURCE CORP,0001390352,OTC
PTBS,POTOMAC BANCSHARES INC,0000925173,OTC
KULR,"KULR Technology Group, Inc.",0001662684,NYSE
MX,MAGNACHIP SEMICONDUCTOR Corp,0001325702,NYSE
GETY,"Getty Images Holdings, Inc.",0001898496,NYSE
GGOXF,Galleon Gold Corp.,0000877019,OTC
CHMI,Cherry Hill Mortgage Investment Corp,0001571776,NYSE
SEER,"Seer, Inc.",0001726445,NASDAQ
BGM,BGM Group Ltd.,0001779578,NASDAQ
PBHC,"Pathfinder Bancorp, Inc.",0001609065,NASDAQ
QSEA,Quartzsea Acquisition Corp,0002047455,NASDAQ
RTB,"RTB Digital, Inc.",0001419275,NASDAQ
GHG,GreenTree Hospitality Group Ltd.,0001724755,NYSE
NIPG,NIP Group Inc.,0001966233,NASDAQ
WYY,WIDEPOINT CORP,0001034760,NYSE
RACD,Research Alliance Corp IV,0002137777,NASDAQ
JXG,JX Luxventure Group Inc.,0001546383,NASDAQ
RVSB,RIVERVIEW BANCORP INC,0001041368,NASDAQ
IPEX,Inflection Point Acquisition Corp. V,0002028355,NASDAQ
HUHU,HUHUTECH International Group Inc.,0001945415,NASDAQ
CHPG,ChampionsGate Acquisition Corp,0002024460,NASDAQ
SBI,WESTERN ASSET INTERMEDIATE MUNI FUND INC.,0000882300,NYSE
DWSN,DAWSON GEOPHYSICAL CO,0000799165,NASDAQ
PYPD,PolyPid Ltd.,0001611842,NASDAQ
WRAP,"WRAP TECHNOLOGIES, INC.",0001702924,NASDAQ
AMPG,"AmpliTech Group, Inc.",0001518461,NASDAQ
CBKM,CONSUMERS BANCORP INC /OH/,0001006830,OTC
COYA,"Coya Therapeutics, Inc.",0001835022,NASDAQ
AAWH,"Ascend Wellness Holdings, Inc.",0001756390,OTC
PCF,HIGH INCOME SECURITIES FUND,0000810943,NYSE
VERI,"Veritone, Inc.",0001615165,NASDAQ
RACC,Research Alliance Corp III,0002118032,NASDAQ
EP,EMPIRE PETROLEUM CORP,0000887396,NYSE
TP,Ticketplus Ltd.,0002104296,NYSE
GUTS,"FRACTYL HEALTH, INC.",0001572616,NASDAQ
CIGL,Concorde International Group Ltd.,0002001794,NASDAQ
AMAN,Amanat Acquisition Corp.,0002112457,NASDAQ
CSTAF,Constellation Acquisition Corp I,0001834032,OTC
HERE,Here Group Ltd,0001932770,NASDAQ
NZAUF,Rua Gold Inc.,0001925511,OTC
PUSA,Aureus Greenway Holdings Inc,0002009312,NASDAQ
FNWB,First Northwest Bancorp,0001556727,NASDAQ
ARBE,Arbe Robotics Ltd.,0001861841,NASDAQ
SLNG,"Stabilis Solutions, Inc.",0001043186,NASDAQ
SPKL,Spark I Acquisition Corp,0001884046,NASDAQ
PLYX,"Polaryx Therapeutics, Inc.",0002075320,NASDAQ
HFUS,"Hartford Creative Group, Inc.",0001482554,OTC
AMBR,Amber International Holding Ltd,0001697818,NASDAQ
TRBG,Turbogen Ltd.,0002088375,NASDAQ
AEYE,AUDIOEYE INC,0001362190,NASDAQ
MRAI,"Marpai, Inc.",0001844392,OTC
UWHR,UWHARRIE CAPITAL CORP,0000898171,OTC
KEQU,KEWAUNEE SCIENTIFIC CORP /DE/,0000055529,NASDAQ
ACRG,"American Clean Resources Group, Inc.",0000773717,OTC
TDTH,Trident Digital Tech Holdings Ltd,0001983550,NASDAQ
PGP,PIMCO Global StocksPLUS & Income Fund,0001318025,NYSE
LAKE,LAKELAND INDUSTRIES INC,0000798081,NASDAQ
PARK,"Park Dental Partners, Inc.",0002069604,NASDAQ
MBOT,Microbot Medical Inc.,0000883975,NASDAQ
SUNS,"Sunrise Realty Trust, Inc.",0002012706,NASDAQ
NHFLF,NORTHFIELD CAPITAL CORP,0001075822,OTC
RDZN,Roadzen Inc.,0001868640,NASDAQ
VENU,Venu Holding Corp,0001770501,NYSE
JTTT,JATT III Acquisition Corp,0002145659,NASDAQ
BHM,"Bluerock Homes Trust, Inc.",0001903382,NYSE
BUDA,"BUDA JUICE, INC.",0002079720,NYSE
MDIA,Mediaco Holding Inc.,0001784254,NASDAQ
WNDW,"SolarWindow Technologies, Inc.",0001071840,OTC
CTOR,"CITIUS ONCOLOGY, INC.",0001851484,NASDAQ
ACR,ACRES Commercial Realty Corp.,0001332551,NYSE
ARQ,"Arq, Inc.",0001515156,NASDAQ
VATE,INNOVATE Corp.,0001006837,NYSE
THMG,THUNDER MOUNTAIN GOLD INC,0000711034,OTC
VIRC,VIRCO MFG CORPORATION,0000751365,NASDAQ
RNGE,"RANGE IMPACT, INC.",0001438943,OTC
FDSB,"Fifth District Bancorp, Inc.",0002012726,NASDAQ
RPT,Rithm Property Trust Inc.,0001614806,NYSE
SIREF,Sirios Resources Inc.,0001577783,OTC
XTRAF,Xtract One Technologies Inc.,0001684505,OTC
RGT,"ROYCE GLOBAL TRUST, INC.",0001514490,NYSE
FLNT,"Fluent, Inc.",0001460329,NASDAQ
LUD,Luda Technology Group Ltd,0001984124,NYSE
ANIX,Anixa Biosciences Inc,0000715446,NASDAQ
JATT,JATT II Acquisition Corp.,0002112446,NASDAQ
ATRA,"Atara Biotherapeutics, Inc.",0001604464,NASDAQ
CWGL,"Crimson Wine Group, Ltd",0001562151,OTC
TSQ,"Townsquare Media, Inc.",0001499832,NYSE
HYSR,"SUNHYDROGEN, INC.",0001481028,OTC
ONCY,ONCOLYTICS BIOTECH INC,0001129928,NASDAQ
CPIX,CUMBERLAND PHARMACEUTICALS INC,0001087294,NASDAQ
LINK,INTERLINK ELECTRONICS INC,0000828146,NASDAQ
BWEN,"BROADWIND, INC.",0001120370,NASDAQ
IAE,Voya Asia Pacific High Dividend Equity Income Fund,0001385632,NYSE
CMCM,Cheetah Mobile Inc.,0001597835,NYSE
PCLA,PicoCELA Inc.,0002018462,NASDAQ
VCUFF,Vizsla Copper Corp.,0001884122,OTC
LNSR,"LENSAR, Inc.",0001320350,NASDAQ
NXAT,Nexus Advanced Technologies Inc.,0002000756,NASDAQ
NFE,New Fortress Energy Inc.,0001749723,NASDAQ
CGTX,COGNITION THERAPEUTICS INC,0001455365,NASDAQ
ATVK,"Globaltek Ventures, Inc.",0001530185,OTC
BCRD,"BlueOne Technologies, Inc.",0001496690,OTC
LCCC,Lakeshore Acquisition III Corp.,0002049248,NASDAQ
SPAI,Safe Pro Group Inc.,0002011208,NASDAQ
ULBI,ULTRALIFE CORP,0000875657,NASDAQ
INVZ,Innoviz Technologies Ltd.,0001835654,NASDAQ
ATLX,Atlas Lithium Corp,0001540684,NASDAQ
CRDF,"Cardiff Oncology, Inc.",0001213037,NASDAQ
IGI,Western Asset Investment Grade Opportunity Trust Inc.,0001462586,NYSE
RMI,"RiverNorth Opportunistic Municipal Income Fund, Inc.",0001746967,NYSE
CWBHF,"Charlotte's Web Holdings, Inc.",0001750155,OTC
HFFG,HF Foods Group Inc.,0001680873,NASDAQ
LSE,"Leishen Energy Holding Co., Ltd.",0001985139,NASDAQ
GCV,GABELLI CONVERTIBLE & INCOME SECURITIES FUND INC,0000845611,NYSE
TGEN,TECOGEN INC.,0001537435,NYSE
ATGL,Alpha Technology Group Ltd,0001967621,NASDAQ
JLS,Nuveen Mortgage & Income Fund/MA/,0001472215,NYSE
SEV,Aptera Motors Corp,0001786471,NASDAQ
DTI,Drilling Tools International Corp,0001884516,NASDAQ
AUBN,"AUBURN NATIONAL BANCORPORATION, INC",0000750574,NASDAQ
NTHI,"NEONC TECHNOLOGIES HOLDINGS, INC.",0001979414,NASDAQ
YDDL,One & one Green Technologies. INC,0002034723,NASDAQ
FUSB,"FIRST US BANCSHARES, INC.",0000717806,NASDAQ
VHUB,"VenHub Global, Inc.",0001972234,NASDAQ
GRWG,GrowGeneration Corp.,0001604868,NASDAQ
HLP,Hongli Group Inc.,0001855557,NASDAQ
GDL,GDL FUND,0001378701,NYSE
SKIN,SkinHealth Systems Inc.,0001818093,NASDAQ
KBLB,"Kraig Biocraft Laboratories, Inc.",0001413119,OTC
ZVIA,Zevia PBC,0001854139,NYSE
TUNGF,American Tungsten Corp.,0002049560,OTC
EVTL,Vertical Aerospace Ltd.,0001867102,NYSE
EDVR,Endeavor Bancorp,0001917599,OTC
ACET,"Adicet Bio, Inc.",0001720580,NASDAQ
MMTX,Miluna Acquisition Corp,0002077033,NASDAQ
UBCP,UNITED BANCORP INC /OH/,0000731653,NASDAQ
BYNO,byNordic Acquisition Corp,0001801417,OTC
EVF,Eaton Vance Senior Income Trust,0001070732,NYSE
RLYB,Rallybio Corp,0001739410,NASDAQ
ANTA,Antalpha Platform Holding Co,0002044255,NASDAQ
ORIQ,Origin Investment Corp I,0002044523,NASDAQ
BZFD,"BuzzFeed, Inc.",0001828972,NASDAQ
MHH,"Mastech Digital, Inc.",0001437226,NYSE
MNOV,MEDICINOVA INC,0001226616,NASDAQ
ECOR,"electroCore, Inc.",0001560258,NASDAQ
SLQT,"SelectQuote, Inc.",0001794783,NYSE
MNTS,Momentus Inc.,0001781162,NASDAQ
VRA,"Vera Bradley, Inc.",0001495320,NASDAQ
LQMT,LIQUIDMETAL TECHNOLOGIES INC,0001141240,OTC
SDHC,Smith Douglas Homes Corp.,0001982518,NYSE
BARK,"Bark, Inc.",0001819574,NYSE
GIBO,GIBO HOLDINGS Ltd,0002034520,NASDAQ
ICCC,IMMUCELL CORP /DE/,0000811641,NASDAQ
BCIC,BCP Investment Corp,0001372807,NASDAQ
XTGRF,XTRA-GOLD RESOURCES CORP,0001288770,OTC
NUVR,"Nuvera Communications, Inc.",0000071557,OTC
CNDA,Concord Acquisition Corp II,0001851959,OTC
CYCU,"Cycurion, Inc.",0001868419,NASDAQ
LGL,LGL GROUP INC,0000061004,NYSE
ISPR,Ispire Technology Inc.,0001948455,NASDAQ
PFX,PhenixFIN Corp,0001490349,NASDAQ
CBAT,CBAK Energy Technology Ltd,0002086841,NASDAQ
ALIS,Calisa Acquisition Corp,0002026767,NASDAQ
KSBI,KS BANCORP INC,0000912764,OTC
VIOT,"Viomi Technology Co., Ltd",0001742770,NASDAQ
CCLD,"CareCloud, Inc.",0001582982,NASDAQ
RVRC,Revium Rx.,0001839140,OTC
BDCTF,BuildDirect.com Technologies Inc.,0001576159,OTC
MCAH,Mountain Crest Acquisition 6 Corp.,0002109876,NASDAQ
FTLF,"FITLIFE BRANDS, INC.",0001374328,NASDAQ
FBSI,FIRST BANCSHARES INC /MO/,0000912967,OTC
SRL,Scully Royalty Ltd.,0000016859,NYSE
BYRN,Byrna Technologies Inc.,0001354866,NASDAQ
EMPD,Empery Digital Inc.,0001829794,NASDAQ
MMLP,MARTIN MIDSTREAM PARTNERS L.P.,0001176334,NASDAQ
NOBH,NOBILITY HOMES INC,0000072205,OTC
RFM,"RiverNorth Flexible Municipal Income Fund, Inc.",0001790177,NYSE
ASRV,AMERISERV FINANCIAL INC /PA/,0000707605,NASDAQ
MWC,"Micware Co., Ltd.",0002083526,NASDAQ
FBIO,"Fortress Biotech, Inc.",0001429260,NASDAQ
PECE,Peace Acquisition Corp.,0002088626,NASDAQ
ACRV,"Acrivon Therapeutics, Inc.",0001781174,NASDAQ
VRCA,Verrica Pharmaceuticals Inc.,0001660334,NASDAQ
NRT,NORTH EUROPEAN OIL ROYALTY TRUST,0000072633,NYSE
ROC,Rank One Computing Corp,0002077709,NASDAQ
JUVF,JUNIATA VALLEY FINANCIAL CORP,0000714712,OTC
HYPR,"Hyperfine, Inc.",0001833769,NASDAQ
HMR,Heidmar Maritime Holdings Corp.,0002029471,NASDAQ
UYSC,UY Scuti Acquisition Corp.,0002036973,NASDAQ
ZSTK,ZeroStack Corp.,0001790169,NASDAQ
ALDX,"Aldeyra Therapeutics, Inc.",0001341235,NASDAQ
NDLS,NOODLES & Co,0001275158,NASDAQ
GECC,Great Elm Capital Corp.,0001675033,NASDAQ
CPBI,"Central Plains Bancshares, Inc.",0001979332,NASDAQ
FMN,Federated Hermes Premier Municipal Income Fund,0001199004,NYSE
APAC,StoneBridge Acquisition II Corp,0002043630,NASDAQ
INTG,INTERGROUP CORP,0000069422,NASDAQ
CHGG,"CHEGG, INC",0001364954,NYSE
AZI,Autozi Internet Technology (Global) Ltd.,0001959726,NASDAQ
BHIC,"BioScience Health Innovations, Inc.",0001784440,OTC
PTHS,Pelthos Therapeutics Inc.,0001919246,NYSE
BSAA,BEST SPAC I Acquisition Corp.,0002051587,NASDAQ
WSTN,Westin Acquisition Corp,0002076192,NASDAQ
CPHC,Canterbury Park Holding Corp,0001672909,NASDAQ
ACH,ACCENDRA HEALTH INC/VA/,0000075252,NYSE
BSIN,BIG SKY INDUSTRIAL INC.,0000101594,NASDAQ
AIRT,AIR T INC,0000353184,NASDAQ
NEXM,NexMetals Mining Corp.,0000795800,NASDAQ
VGI,Virtus Global Multi-Sector Income Fund,0001528811,NYSE
BZAI,"Blaize Holdings, Inc.",0001871638,NASDAQ
HNNA,HENNESSY ADVISORS INC,0001145255,NASDAQ
GCL,GCL Global Holdings Ltd,0002002045,NASDAQ
ALYAF,Alithya Group inc,0001734520,OTC
AZASF,Arizona Gold & Silver Inc.,0001701599,OTC
FSEA,"First Seacoast Bancorp, Inc.",0001943802,NASDAQ
MAYS,MAYS J W INC,0000054187,NASDAQ
NTRB,NutriBand Inc.,0001676047,NASDAQ
DTF,DTF TAX-FREE INCOME 2028 TERM FUND INC,0000879535,NYSE
DTCX,"Datacentrex, Inc.",0001853825,NASDAQ
WBX,Wallbox N.V.,0001866501,NYSE
KLRS,"Kalaris Therapeutics, Inc.",0001754068,NASDAQ
AEC,ANFIELD ENERGY INC.,0001519469,NASDAQ
CSPI,CSP INC /MA/,0000356037,NASDAQ
LUNG,Pulmonx Corp,0001127537,NASDAQ
IPWR,Ideal Power Inc.,0001507957,NASDAQ
TELO,"Telomir Pharmaceuticals, Inc.",0001971532,NASDAQ
LNZA,"LanzaTech Global, Inc.",0001843724,NASDAQ
EGG,ENIGMATIG LTD,0001982961,NYSE
AFCG,Advanced Flower Capital Inc.,0001822523,NASDAQ
TGLO,THEGLOBE COM INC,0001066684,OTC
FATN,Fatpipe Inc/UT,0001993400,NASDAQ
THRY,"Thryv Holdings, Inc.",0001556739,NASDAQ
SSEA,STARRY SEA ACQUISITION CORP,0002059165,NASDAQ
RNXT,"RenovoRx, Inc.",0001574094,NASDAQ
INV,"Innventure, Inc.",0002001557,NASDAQ
ZOMDF,Zomedica Corp.,0001684144,OTC
RENEF,Cartesian Growth Corp II,0001889112,OTC
PMVP,"PMV Pharmaceuticals, Inc.",0001699382,NASDAQ
RENT,"Rent the Runway, Inc.",0001468327,NASDAQ
HFBL,"Home Federal Bancorp, Inc. of Louisiana",0001500375,NASDAQ
BLNK,Blink Charging Co.,0001429764,NASDAQ
GLBS,GLOBUS MARITIME LTD,0001499780,NASDAQ
PRTS,"CarParts.com, Inc.",0001378950,NASDAQ
AWLRF,Awale Resources Ltd,0001727254,OTC
SERA,"SERA PROGNOSTICS, INC.",0001534969,NASDAQ
CPSH,CPS TECHNOLOGIES CORP/DE/,0000814676,NASDAQ
MAIA,"MAIA Biotechnology, Inc.",0001878313,NYSE
INCR,Intercure Ltd.,0001857030,NASDAQ
OSTX,OS Therapies Inc,0001795091,NYSE
TYGO,"TIGO ENERGY, INC.",0001855447,NASDAQ
VMXXF,VALHALLA METALS INC.,0001594856,OTC
SAMG,Silvercrest Asset Management Group Inc.,0001549966,NASDAQ
PYYX,"PYXUS INTERNATIONAL, INC.",0000939930,OTC
IBIO,"iBio, Inc.",0001420720,NASDAQ
FVN,Future Vision II Acquisition Corp.,0002010653,NASDAQ
VMCAF,Valuence Merger Corp. I,0001892747,OTC
WTG,Wintergreen Acquisition Corp.,0002053927,NASDAQ
JOCM,JOCOM HOLDINGS CORP.,0001907425,OTC
BSEM,"BioStem Technologies, Inc.",0001658678,NASDAQ
OCCI,"OFS Credit Company, Inc.",0001716951,NASDAQ
JFIN,Jiayin Group Inc.,0001743102,NASDAQ
MGTE,Marblegate Capital Corp,0001965052,OTC
IMTCF,Intrepid Metals Corp.,0001288268,OTC
PODC,"PodcastOne, Inc.",0001940177,NASDAQ
SWZ,Total Return Securities Fund,0000813623,NYSE
GANX,"Gain Therapeutics, Inc.",0001819411,NASDAQ
LFVN,Lifevantage Corp,0000849146,NASDAQ
CANG,Cango Inc.,0001725123,NYSE
BATL,BATTALION OIL CORP,0001282648,NYSE
ISRLF,Israel Acquisitions Corp,0001915328,OTC
VISK,"Viskase Holdings, Inc.",0000727510,OTC
GDHG,GOLDEN HEAVEN GROUP HOLDINGS LTD.,0001928340,NASDAQ
WKEY,Wisekey International Holding S.A.,0001738699,NASDAQ
UPXI,"UPEXI, INC.",0001775194,NASDAQ
NAMM,Namib Minerals,0002026514,NASDAQ
NBRG,Newbridge Acquisition Ltd,0001918414,NASDAQ
NTIC,NORTHERN TECHNOLOGIES INTERNATIONAL CORP,0000875582,NASDAQ
SUIG,SUI Group Holdings Ltd.,0001425355,NASDAQ
NORD,Nordicus Partners Corp,0001011060,OTC
HANNF,Hannan Metals Ltd.,0001123267,OTC
CVRX,"CVRx, Inc.",0001235912,NASDAQ
RTGN,RetinalGenix Technologies Inc.,0001836295,OTC
EEA,"EUROPEAN EQUITY FUND, INC / MD",0000791718,NYSE
IOR,INCOME OPPORTUNITY REALTY INVESTORS INC /TX/,0000949961,NYSE
BPAC,Blueport Acquisition Ltd,0002064177,NASDAQ
AEAE,AltEnergy Acquisition Corp,0001852016,OTC
GLV,Clough Global Dividend & Income Fund,0001288795,NYSE
REDW,REDWOOD FINANCIAL INC /MN/,0000942895,OTC
IEHC,IEH Corp,0000050292,OTC
LEAT,Leatt Corp,0001456189,OTC
MB,MASTERBEEF GROUP,0002027265,NASDAQ
SSTI,"SOUNDTHINKING, INC.",0001351636,NASDAQ
ZYBT,Zhengye Biotechnology Holding Ltd,0001975641,NASDAQ
SCOR,"COMSCORE, INC.",0001158172,NASDAQ
AMCI,AMC Robotics Corp,0001937891,NASDAQ
AUC,ATIF Holdings Ltd,0001755058,NASDAQ
SRLZF,Salazar Resources Ltd,0000861972,OTC
NSTS,"NSTS Bancorp, Inc.",0001881592,NASDAQ
ATHE,ALTERITY THERAPEUTICS LTD,0001131343,NASDAQ
SGLD,Scorpio Gold Corp,0001467093,NASDAQ
NVX,NOVONIX Ltd,0001859795,NASDAQ
SYHBF,SKYHARBOUR RESOURCES LTD,0001541190,OTC
FLL,FULL HOUSE RESORTS INC,0000891482,NASDAQ
OZVN,OZ VISION INC.,0001751707,OTC
ZONE,Zone Frontier Inc.,0001956741,NYSE
LCGMF,LION COPPER & GOLD CORP.,0001339688,OTC
ETS,Elite Express Holding Inc.,0002053641,NASDAQ
OKYO,OKYO Pharma Ltd,0001849296,NASDAQ
SODI,SOLITRON DEVICES INC,0000091668,OTC
CING,Cingulate Inc.,0001862150,NASDAQ
INSG,INSEEGO CORP.,0001022652,NASDAQ
CLST,"Catalyst Bancorp, Inc.",0001849867,NASDAQ
AMTD,AMTD IDEA GROUP,0001769731,NYSE
BLNC,"Balance Labs, Inc.",0001632121,OTC
FSI,FLEXIBLE SOLUTIONS INTERNATIONAL INC,0001069394,NYSE
WWR,"WESTWATER RESOURCES, INC.",0000839470,NYSE
PLRX,"PLIANT THERAPEUTICS, INC.",0001746473,NASDAQ
RANG,Range Capital Acquisition Corp.,0002035644,NASDAQ
SOTK,SONO TEK CORP,0000806172,NASDAQ
DWNX,DELHI BANK CORP,0000927719,OTC
RSSS,"Research Solutions, Inc.",0001386301,NASDAQ
TREO,Tactical Resources Corp.,0002041208,NASDAQ
YARW,"Yarrow Bioscience, Inc.",0001566044,NASDAQ
OPXS,Optex Systems Holdings Inc,0001397016,NASDAQ
TENX,"TENAX THERAPEUTICS, INC.",0000034956,NASDAQ
AIFC,AI Financial Corp,0000862861,NASDAQ
NRXS,"Neuraxis, INC",0001933567,NYSE
CSBR,"CHAMPIONS ONCOLOGY, INC.",0000771856,NASDAQ
CEV,Eaton Vance California Municipal Income Trust,0001074692,NYSE
PXS,Pyxis Tankers Inc.,0001640043,NASDAQ
ZEPP,Zepp Health Corp,0001720446,NYSE
NCAUF,Newcore Gold Ltd.,0001627868,OTC
LGO,Largo Inc.,0001400438,NASDAQ
WTHVF,Westhaven Gold Corp.,0001562530,OTC
CRT,CROSS TIMBERS ROYALTY TRUST,0000881787,NYSE
USIO,"Usio, Inc.",0001088034,NASDAQ
SPWR,SunPower Inc.,0001838987,NASDAQ
GNSS,Genasys Inc.,0000924383,NASDAQ
REVFF,Gitennes Exploration Inc.,0001002366,OTC
CAST,"FreeCast, Inc.",0001633369,NASDAQ
SOWG,Sow Good Inc.,0001490161,NASDAQ
IMAQ,International Media Acquisition Corp.,0001846235,OTC
DRIO,DarioHealth Corp.,0001533998,NASDAQ
AIFU,AIFU Inc.,0001413855,NASDAQ
DMA,Destra Multi-Alternative Fund,0001523289,NYSE
YIBO,Planet Image International Ltd,0001868395,NASDAQ
AIRG,AIRGAIN INC,0001272842,NASDAQ
LMED,LataMed AI Corp.,0001477960,OTC
OAKV,"Oak View Bankshares, Inc.",0001865429,OTC
ROLR,"High Roller Technologies, Inc.",0001947210,NYSE
AISP,"Airship AI Holdings, Inc.",0001842566,NASDAQ
ZKIN,"ZK International Group Co., Ltd.",0001687451,NASDAQ
APLM,Apollomics Inc.,0001944885,NASDAQ
CVU,CPI AEROSTRUCTURES INC,0000889348,NYSE
JRSH,"Jerash Holdings (US), Inc.",0001696558,NASDAQ
YTRA,"Yatra Online, Inc.",0001516899,NASDAQ
RNTX,"Rein Therapeutics, Inc.",0001420565,NASDAQ
GEOS,GEOSPACE TECHNOLOGIES CORP,0001001115,NASDAQ
NMS,Nuveen Minnesota Quality Municipal Income Fund,0001607997,NYSE
AASP,Agassi Sports Entertainment Corp.,0000930245,OTC
YARRF,Pirate Gold Corp.,0002099818,OTC
XBIT,XBiotech Inc.,0001626878,NASDAQ
ALPS,Alps Group Inc,0002025774,NASDAQ
LONA,"LeonaBio, Inc.",0001620463,NASDAQ
NKGFF,Nevada King Gold Corp.,0001839154,OTC
BTCS,BTCS Inc.,0001436229,NASDAQ
AVD,AMERICAN VANGUARD CORP,0000005981,NYSE
PEW,GrabAGun Digital Holdings Inc.,0002051380,NYSE
SPRO,"Spero Therapeutics, Inc.",0001701108,NASDAQ
DXR,DAXOR CORP,0000027367,NASDAQ
DWTX,"Dogwood Therapeutics, Inc.",0001818844,NASDAQ
ZTEKF,Zentek Ltd.,0001904501,OTC
MDXH,MDxHealth SA,0001872529,NASDAQ
WFCF,"Where Food Comes From, Inc.",0001360565,NASDAQ
ASPS,ALTISOURCE PORTFOLIO SOLUTIONS S.A.,0001462418,NASDAQ
GEG,"Great Elm Group, Inc.",0001831096,NASDAQ
HOUR,"Hour Loop, Inc",0001874875,NASDAQ
VNCE,VINCE HOLDING CORP.,0001579157,NASDAQ
SMOFF,Sonoro Gold Corp.,0001538189,OTC
STBI,STURGIS BANCORP INC,0001166362,OTC
BOLD,"Boundless Bio, Inc.",0001782303,NASDAQ
NMAD,"NOMAD POWER SOLUTIONS, INC.",0001335105,NASDAQ
TLPH,"TALPHERA, INC.",0001427925,NASDAQ
PMVC,PMV Consumer Acquisition Corp.,0001807765,OTC
BIYA,Baiya International Group Inc.,0001944712,NASDAQ
GRSD,GRANDSTAND Ltd,0001839799,NASDAQ
QDMI,QDM International Inc.,0001094032,OTC
NCTY,The9 LTD,0001296774,NASDAQ
PGZ,Principal Real Estate Income Fund,0001557523,NYSE
NPT,Texxon Holding Ltd,0002014337,NASDAQ
VGAS,"Verde Clean Fuels, Inc.",0001841425,NASDAQ
SRFM,SURF AIR MOBILITY INC.,0001936224,NYSE
PCM,"PCM FUND, INC.",0000908187,NYSE
WSHP,WeShop Holdings Ltd,0002048271,NASDAQ
WATT,Energous Corp,0001575793,NASDAQ
BOF,BranchOut Food Inc.,0001962481,NASDAQ
UEIC,UNIVERSAL ELECTRONICS INC,0000101984,NASDAQ
SPCB,SuperCom Ltd,0001291855,NASDAQ
INMB,"Inmune Bio, Inc.",0001711754,NASDAQ
REKR,"Rekor Systems, Inc.",0001697851,NASDAQ
CUAUF,C3 Metals Inc.,0001737319,OTC
INVE,"Identiv, Inc.",0001036044,NASDAQ
COE,51Talk Online Education Group,0001659494,NYSE
TTEC,"TTEC Holdings, Inc.",0001013880,NASDAQ
PDCC,Pearl Diver Credit Co Inc.,0001998043,NYSE
LITB,"LightInTheBox Holding Co., Ltd.",0001523836,NYSE
VRDR,"VERDE RESOURCES, INC.",0001506929,OTC
SGMOQ,"SANGAMO THERAPEUTICS, INC",0001001233,OTC
COPR,Idaho Copper Corp,0001263364,NYSE
HYFT,MindWalk Holdings Corp.,0001715925,NASDAQ
BAER,"Bridger Aerospace Group Holdings, Inc.",0001941536,NASDAQ
DFSLY,Defeng Solife Holdings Limited/ADR,0002038919,OTC
IH,iHuman Inc.,0001814423,NYSE
MOB,Mobilicom Ltd,0001898643,NASDAQ
UAVS,AgEagle Aerial Systems Inc.,0000008504,NYSE
MCHX,MARCHEX INC,0001224133,NASDAQ
STI,Solidion Technology Inc.,0001881551,NASDAQ
EQTRF,Altamira Gold Corp.,0001635729,OTC
PVL,Permianville Royalty Trust,0001520048,NYSE
QXL,QUANTUM X LABS INC.,0000797542,NASDAQ
INKT,"MiNK Therapeutics, Inc.",0001840229,NASDAQ
HIT,"Health In Tech, Inc.",0002019505,NASDAQ
FMFG,"Farmers & Merchants Bancshares, Inc.",0001698022,OTC
ICG,Intchains Group Ltd,0001895597,NASDAQ
CRGO,Freightos Ltd,0001927719,NASDAQ
RPID,"RAPID MICRO BIOSYSTEMS, INC.",0001380106,NASDAQ
TZOO,TRAVELZOO,0001133311,NASDAQ
OM,"Outset Medical, Inc.",0001484612,NASDAQ
WNW,Meiwu Technology Co Ltd,0001787803,NASDAQ
FRMM,FORUM MARKETS Inc,0001690080,NASDAQ
FEAM,"5E Advanced Materials, Inc.",0001888654,NASDAQ
NCEW,New Century Logistics (BVI) Ltd,0001968043,NASDAQ
AURX,"Nuo Therapeutics, Inc.",0001091596,OTC
BNAI,Brand Engagement Network Inc.,0001838163,NASDAQ
POSC,POSITRON CORP,0000844985,OTC
LIDR,"AEye, Inc.",0001818644,NASDAQ
RPMT,"REGO PAYMENT ARCHITECTURES, INC.",0001437283,OTC
KNDI,"Kandi Technologies Group, Inc.",0001720250,NASDAQ
HRTX,"HERON THERAPEUTICS, INC. /DE/",0000818033,NASDAQ
SER,"Serina Therapeutics, Inc.",0001708599,NYSE
LEEEF,Leef Brands Inc.,0001711141,OTC
BSPA,"Ballston Spa Bancorp, Inc.",0002094107,OTC
SLSN,"SOLESENCE, INC.",0000883107,NASDAQ
JANL,JANEL CORP,0001133062,OTC
XLO,"Xilio Therapeutics, Inc.",0001840233,NASDAQ
ZOOZ,ZOOZ Strategy Ltd.,0001992818,NASDAQ
SKYA,"SkyAI, Inc.",0001737995,NASDAQ
MYPS,"PLAYSTUDIOS, Inc.",0001823878,NASDAQ
WAMFF,Alaska Silver Corp.,0001893899,OTC
CAPN,Cayson Acquisition Corp,0002024203,NASDAQ
WATR,Air Water Ventures Ltd,0002092314,NASDAQ
KANP,KAANAPALI LAND LLC,0001230058,OTC
QTEX,QTREX Quantum Ltd.,0001837493,NASDAQ
MDNC,Medinotec Inc.,0001931055,OTC
CTM,"Castellum, Inc.",0001877939,NYSE
PLLMF,EDGE COPPER Corp,0001570505,OTC
GENK,"GEN Restaurant Group, Inc.",0001891856,NASDAQ
MXE,MEXICO EQUITY & INCOME FUND INC,0000863900,NYSE
NA,Nano Labs Ltd,0001872302,NASDAQ
EXOZ,EXOZYMES INC.,0002010788,NASDAQ
SELF,"Global Self Storage, Inc.",0001031235,NASDAQ
TPCS,TECHPRECISION CORP,0001328792,NASDAQ
NXB,NextBoat Inc.,0002067767,NYSE
XPL,SOLITARIO RESOURCES CORP.,0000917225,NYSE
SGA,SAGA COMMUNICATIONS INC,0000886136,NASDAQ
LFS,"LEIFRAS Co., Ltd.",0002030277,NASDAQ
TGRGF,Tiger Gold Corp.,0002094900,OTC
ODYS,Odysight.ai Inc.,0001577445,NASDAQ
COCH,"Envoy Medical, Inc.",0001840877,NASDAQ
SCWO,374Water Inc.,0000933972,NASDAQ
SDA,SunCar Technology Group Inc.,0001936804,NASDAQ
IMA,"ImageneBio, Inc.",0001835579,NASDAQ
NNOX,Nano-X Imaging Ltd.,0001795251,NASDAQ
NRRSF,Norsemont Mining Inc.,0001778940,OTC
RIBB,Ribbon Acquisition Corp.,0002035016,NASDAQ
ELBM,Electra Battery Materials Corp,0001907184,NASDAQ
HYOR,HyOrc Corp,0001070789,OTC
HYPD,"HYPERION DEFI, INC.",0001682639,NASDAQ
AUXXF,A2 Gold Corp.,0001725603,OTC
EUBG,ENTREPRENEUR UNIVERSE BRIGHT GROUP,0001171326,OTC
DLHC,DLH Holdings Corp.,0000785557,NASDAQ
APWC,ASIA PACIFIC WIRE & CABLE CORP LTD,0001026980,NASDAQ
SEAT,Vivid Seats Inc.,0001856031,NASDAQ
SORA,AsiaStrategy,0002033515,NASDAQ
BGSF,"BGSF, INC.",0001474903,NYSE
CVVUF,CANALASKA URANIUM LTD,0001023109,OTC
TOUR,Tuniu Corp,0001597095,NASDAQ
KVACF,Keen Vision Acquisition Corp.,0001889983,OTC
RYOJ,"rYojbaba Co., Ltd.",0002012600,NASDAQ
TACT,TRANSACT TECHNOLOGIES INC,0001017303,NASDAQ
IBAC,IB Acquisition Corp.,0001998781,NASDAQ
NAAS,NaaS Technology Inc.,0001712178,NASDAQ
PLCE,"Childrens Place, Inc.",0001041859,NASDAQ
FTEK,"FUEL TECH, INC.",0000846913,NASDAQ
BRID,BRIDGFORD FOODS CORP,0000014177,NASDAQ
ACFN,"ACORN ENERGY, INC.",0000880984,NASDAQ
LVO,"LiveOne, Inc.",0001491419,NASDAQ
ELTX,"Elicio Therapeutics, Inc.",0001601485,NASDAQ
CCIF,Carlyle Credit Income Fund,0001517767,NYSE
JMM,Nuveen Multi-Market Income Fund,0000838131,NYSE
ELWT,"Elauwit Connection, Inc.",0002063863,NASDAQ
ITMSF,INTERMAP TECHNOLOGIES CORP,0001285170,OTC
HAIN,HAIN CELESTIAL GROUP INC,0000910406,NASDAQ
KG,Kestrel Group Ltd,0002055116,NASDAQ
RDEXF,RPX Gold Inc.,0001856082,OTC
IDN,"Intellicheck, Inc.",0001040896,NASDAQ
IMMP,IMMUTEP Ltd,0001506184,NASDAQ
WHEN,"WORLD HEALTH ENERGY HOLDINGS, INC.",0000943535,OTC
AURE,Aurelion Inc.,0001765850,NASDAQ
APT,ALPHA PRO TECH LTD,0000884269,NYSE
GLND,Greenland Energy Co,0002093507,NASDAQ
HCMC,Healthier Choices Management Corp.,0000844856,OTC
CNVS,Cineverse Corp.,0001173204,NASDAQ
DOMH,Dominari Holdings Inc.,0000012239,NASDAQ
ELTK,ELTEK LTD,0001024672,NASDAQ
OFS,OFS Capital Corp,0001487918,NASDAQ
GGR,Gogoro Inc.,0001886190,NASDAQ
SRTS,"Sensus Healthcare, Inc.",0001494891,NASDAQ
QSEP,"QS Energy, Inc.",0001103795,OTC
ELOX,"Eloxx Pharmaceuticals, Inc.",0001035354,NASDAQ
GDSRF,Gold Strike Resources Corp.,0001427901,OTC
ALCYF,Alchemy Investments Acquisition Corp 1,0001901336,OTC
MDAI,"Spectral AI, Inc.",0001833498,NASDAQ
PROP,Prairie Operating Co.,0001162896,NASDAQ
BEWFF,BEWHERE HOLDINGS INC,0001113152,OTC
AGIG,"ABUNDIA GLOBAL IMPACT GROUP, INC.",0001156041,NYSE
TC,Token Cat Ltd,0001743340,NASDAQ
ABLV,Able View Global Inc.,0001957489,NASDAQ
SOGP,Sound Group Inc.,0001783407,NASDAQ
MCRB,"Seres Therapeutics, Inc.",0001609809,NASDAQ
MKTW,"MARKETWISE, INC.",0001805651,NASDAQ
IZEA,"IZEA Worldwide, Inc.",0001495231,NASDAQ
FNUC,Frontier Nuclear & Minerals Inc.,0001769697,NASDAQ
PGZFF,Pan Global Resources Inc.,0001566073,OTC
STKS,"ONE Group Hospitality, Inc.",0001399520,NASDAQ
MYO,"MYOMO, INC.",0001369290,NYSE
IBO,IMPACT BIOMEDICAL INC.,0001834105,NYSE
TIL,"Instil Bio, Inc.",0001789769,NASDAQ
RNLXY,Renalytix plc,0001811115,OTC
RSF,"RiverNorth Capital & Income Fund, Inc.",0001644771,NYSE
ESAUF,ESGold Corp.,0001657800,OTC
MVIS,"MICROVISION, INC.",0000065770,NASDAQ
CIRC,CIRCLE8 GROUP INC,0001605888,NASDAQ
VRM,"Vroom, Inc.",0001580864,NASDAQ
BKHA,Black Hawk Acquisition Corp,0002000775,NASDAQ
TCBS,"Texas Community Bancshares, Inc.",0001849466,NASDAQ
ALSAF,Alpha Star Acquisition Corp,0001865111,OTC
LRDC,"Laredo Oil, Inc.",0001442492,OTC
PRPO,"Precipio, Inc.",0001043961,NASDAQ
GRCE,"Grace Therapeutics, Inc.",0001444192,NASDAQ
LOMLF,Lion One Metals Ltd.,0001509397,OTC
VASO,VASO Corp,0000839087,OTC
RDI,READING INTERNATIONAL INC,0000716634,NASDAQ
SCYX,SCYNEXIS INC,0001178253,NASDAQ
DSWL,DESWELL INDUSTRIES INC,0000946936,NASDAQ
PAAI,"Paradium.AI, Inc.",0000894871,NYSE
HGBL,Heritage Global Inc.,0000849145,NASDAQ
NEPH,NEPHROS INC,0001196298,NASDAQ
CULP,CULP INC,0000723603,NASDAQ
AZZTF,Aztec Minerals Corp.,0001706404,OTC
ANVS,"Annovis Bio, Inc.",0001477845,NYSE
CATO,CATO CORP,0000018255,NYSE
FMY,FIRST TRUST MORTGAGE INCOME FUND,0001319183,NYSE
POCI,"PRECISION OPTICS CORPORATION, INC.",0000867840,NASDAQ
STEM,"STEM, INC.",0001758766,NYSE
HOWL,"Werewolf Therapeutics, Inc.",0001785530,NASDAQ
YHNA,YHN Acquisition I Ltd,0002020987,NASDAQ
NTWK,NETSOL TECHNOLOGIES INC,0001039280,NASDAQ
GAME,"GameSquare Holdings, Inc.",0001714562,NASDAQ
COLA,Columbus Acquisition Corp/Cayman Islands,0002028201,NASDAQ
USPCY,China Strategic Technology Group Limited/ADR,0001939479,OTC
VHC,VirnetX Holding Corp,0001082324,NASDAQ
SPWH,"SPORTSMAN'S WAREHOUSE HOLDINGS, INC.",0001132105,NASDAQ
INDO,Indonesia Energy Corp Ltd,0001757840,NYSE
SFWL,SHENGFENG DEVELOPMENT Ltd,0001863218,NASDAQ
TKRFF,TINKA RESOURCES Ltd,0001368845,OTC
DRYGF,Dryden Gold Corp.,0002006413,OTC
LOAN,"MANHATTAN BRIDGE CAPITAL, INC",0001080340,NASDAQ
TVGN,Tevogen Inc.,0001860871,NASDAQ
RYM,"RYTHM, Inc.",0001800637,NASDAQ
RMXI,"RMX INDUSTRIES, INC.",0001970743,OTC
XTNT,"Xtant Medical Holdings, Inc.",0001453593,NYSE
CLNN,Clene Inc.,0001822791,NASDAQ
SAGGF,Sterling Metals Corp.,0001727370,OTC
STKE,SOL Strategies Inc.,0001846839,NASDAQ
CMTL,COMTECH TELECOMMUNICATIONS CORP /DE/,0000023197,NASDAQ
MREO,Mereo BioPharma Group plc,0001719714,NASDAQ
KFFB,Kentucky First Federal Bancorp,0001297341,NASDAQ
GPMT,Granite Point Mortgage Trust Inc.,0001703644,NYSE
TEAD,Teads Holding Co.,0001454938,NASDAQ
PLNH,Planet 13 Holdings Inc.,0001813452,OTC
BTMD,biote Corp.,0001819253,NASDAQ
CHUC,"Charlie's Holdings, Inc.",0001134765,OTC
GUER,"Guerrilla RF, Inc.",0001832487,OTC
PTLE,PTL Ltd,0002016337,NASDAQ
SDEV,Stablecoin Development Corp,0001389545,NYSE
GROV,"Grove Collaborative Holdings, Inc.",0001841761,NYSE
AHMA,AMBITIONS ENTERPRISE MANAGEMENT CO. L.L.C,0002010959,NASDAQ
GFLT,"GenFlat Holdings, Inc.",0001796949,OTC
SAIH,SAIHEAT Ltd,0001847075,NASDAQ
QETA,Quetta Acquisition Corp,0001978528,NASDAQ
KBSX,FST Corp.,0002014254,NASDAQ
LSF,"Laird Superfood, Inc.",0001650696,NYSE
GMHS,Gamehaus Holdings Inc.,0002000530,NASDAQ
SNSC,SunScout Holding Ltd,0002101240,NYSE
SACH,Sachem Capital Corp.,0001682220,NYSE
MBBC,"Marathon Bancorp, Inc. /MD/",0001835385,NASDAQ
OMEX,ODYSSEY MARINE EXPLORATION INC,0000798528,NASDAQ
MGX,"Metagenomi Therapeutics, Inc.",0001785279,NASDAQ
EDSA,"Edesa Biotech, Inc.",0001540159,NASDAQ
ATNM,"Actinium Pharmaceuticals, Inc.",0001388320,NYSE
KCCFF,Kutcho Copper Corp.,0001726906,OTC
MATH,Metalpha Technology Holding Ltd,0001682241,NASDAQ
WNRS,"WINNERS, INC.",0001587603,OTC
AEI,Alset Inc.,0001750106,NASDAQ
HWAUF,Headwater Gold Inc.,0001817161,OTC
SQNS,SEQUANS COMMUNICATIONS,0001383395,NYSE
SYPR,SYPRIS SOLUTIONS INC,0000864240,NASDAQ
THCH,TH International Ltd,0001877333,NASDAQ
ISTKF,Intellistake Technologies Corp.,0001678748,OTC
AIOS,AIOS Tech Inc.,0001603993,NASDAQ
TGE,Generation Essentials Group,0002053456,NYSE
BHST,BIOHARVEST SCIENCES INC.,0001723464,NASDAQ
OP,OpenPayd Global Holdings Ltd,0002119416,OTC
PXLW,"PIXELWORKS, INC",0001040161,NASDAQ
MGLD,"Marygold Companies, Inc.",0001005101,NYSE
ATYR,aTYR PHARMA INC,0001339970,NASDAQ
DGNX,Diginex Ltd,0002010499,NASDAQ
AXIL,"Axil Brands, Inc.",0001718500,NYSE
ARBK,Argo Blockchain Plc,0001841675,NASDAQ
EHLD,Euroholdings Ltd.,0002032779,NASDAQ
JETMF,Global Crossing Airlines Group Inc.,0001846084,OTC
VIDA,VIDA Global Inc.,0001973062,NYSE
GNTA,Genenta Science S.p.A.,0001838716,NASDAQ
EUDA,EUDA Health Holdings Ltd,0001847846,NASDAQ
PAVM,PAVmed Inc.,0001624326,NASDAQ
VERU,VERU INC.,0000863894,NASDAQ
FGNX,FG Nexus Inc.,0001591890,NASDAQ
RAVE,"RAVE RESTAURANT GROUP, INC.",0000718332,NASDAQ
DTSQ,DT Cloud Star Acquisition Corp,0002017950,NASDAQ
PHUN,"Phunware, Inc.",0001665300,NASDAQ
GRF,"EAGLE CAPITAL GROWTH FUND, INC.",0000850027,NYSE
TETEF,Technology & Telecommunication Acquisition Corp,0001900679,OTC
TELA,"TELA Bio, Inc.",0001561921,NASDAQ
MAMO,Massimo Group,0001952853,NASDAQ
ZDGE,"Zedge, Inc.",0001667313,NYSE
MSSAF,Metal Sky Star Acquisition Corp,0001882464,OTC
CELU,Celularity Inc,0001752828,NASDAQ
YSXT,"YSX Tech Co., Ltd",0001993463,NASDAQ
MLGO,MicroAlgo Inc.,0001800392,NASDAQ
PLUT,Plutus Financial Group Ltd,0001933021,NASDAQ
RMCO,Royalty Management Holding Corp,0001843656,NASDAQ
FSHP,Flag Ship Acquisition Corp,0001850059,NASDAQ
SPMEF,South Pacific Metals Corp.,0002056030,OTC
PSIG,PS International Group Ltd.,0001997201,NASDAQ
USGDF,AMERICAN PACIFIC MINING CORP,0001726159,OTC
BRAG,Bragg Gaming Group Inc.,0001867834,NASDAQ
TLTFF,THERALASE TECHNOLOGIES INC /FI,0000923883,OTC
ANPA,Rich Sparkle Holdings Ltd,0002031688,NASDAQ
NSRX,Nasus Pharma Ltd,0002029039,NYSE
GLXZ,"Galaxy Gaming, Inc.",0000013156,OTC
AACG,ATA Creativity Global,0001420529,NASDAQ
MLSS,MILESTONE SCIENTIFIC INC.,0000855683,NYSE
NOEM,CO2 Energy Transition Corp.,0001956648,NASDAQ
SCIA,"SCI Engineered Materials, Inc.",0000830616,OTC
RGCCF,Relevant Gold Corp.,0001918151,OTC
TIGCF,Triumph Gold Corp.,0001387473,OTC
SKIL,Skillsoft Corp.,0001774675,NYSE
XTIA,"XTI Aerospace, Inc.",0001529113,NASDAQ
PBMLF,Pacific Booker Minerals Inc.,0001319150,OTC
VIPRF,SILVER VIPER MINERALS CORP.,0001684662,OTC
BODI,"Beachbody Company, Inc.",0001826889,NASDAQ
IXHL,Incannex Healthcare Inc.,0001873875,NASDAQ
XOS,"Xos, Inc.",0001819493,NASDAQ
SLMT,Brera Holdings PLC,0001939965,NASDAQ
BZDLF,KINCORA COPPER LTD,0001527038,OTC
QTI,"QT IMAGING HOLDINGS, INC.",0001844505,NASDAQ
BGDE,"Big Digital Energy, Inc.",0001218683,NASDAQ
CRVO,CervoMed Inc.,0001053691,NASDAQ
AFJK,"Aimei Health Technology Co., Ltd.",0001979005,NASDAQ
JG,Aurora Mobile Ltd,0001737339,NASDAQ
FTCI,"FTC Solar, Inc.",0001828161,NASDAQ
CCG,Cheche Group Inc.,0001965473,NASDAQ
CREX,"CREATIVE REALITIES, INC.",0001356093,NASDAQ
SNT,Senstar Technologies Corp,0001993727,NASDAQ
QNTO,"QUAINT OAK BANCORP, INC.",0001391933,OTC
STRR,"Star Equity Holdings, Inc.",0001210708,NASDAQ
ATHR,"Aether Holdings, Inc.",0002026353,NASDAQ
MCAG,Mountain Crest Acquisition Corp. V,0001859035,OTC
BETRF,BetterLife Pharma Inc.,0001464165,OTC
RKHNF,ROCKHAVEN RESOURCES LTD,0001422532,OTC
FRFAF,Fresh Factory B.C. Ltd.,0001894942,OTC
CGDCF,Carlin Gold Corp,0001342325,OTC
KAZR,Skyline Builders Group Holding Ltd,0002031009,NASDAQ
FLNA,"FILANA THERAPEUTICS, INC.",0001069530,NASDAQ
TOON,"Kartoon Studios, Inc.",0001355848,NYSE
STG,Sunlands Technology Group,0001723935,NYSE
DGNOF,Diagnos Inc.,0001790693,OTC
YQ,17 Education & Technology Group Inc.,0001821468,NASDAQ
NTIP,"NETWORK-1 TECHNOLOGIES, INC.",0001065078,NYSE
HOLO,MicroCloud Hologram Inc.,0001841209,NASDAQ
LITS,"Lite Strategy, Inc.",0001262104,NASDAQ
AVAT,Avalanche Treasury Corp,0002092446,NASDAQ
ACCL,Acco Group Holdings Ltd,0002038378,NASDAQ
HBIO,HARVARD BIOSCIENCE INC,0001123494,NASDAQ
NSPR,"InspireMD, Inc.",0001433607,NASDAQ
AERT,"Aeries Technology, Inc.",0001853044,NASDAQ
MHUBF,MineHub Technologies Inc.,0001869137,OTC
PETS,PETMED EXPRESS INC,0001040130,NASDAQ
JSDA,JONES SODA CO.,0001083522,OTC
FBDT,"First Breach, Inc.",0001892704,NASDAQ
YOUL,Youlife Group Inc.,0002028177,NASDAQ
NWGL,CL Workshop Group Ltd,0001948294,NASDAQ
SPND,SPINDLETOP OIL & GAS CO,0000867038,OTC
CCEL,CRYO CELL INTERNATIONAL INC,0000862692,NYSE
GROW,U S GLOBAL INVESTORS INC,0000754811,NASDAQ
IDXG,"INTERPACE BIOSCIENCES, INC.",0001054102,OTC
BCHT,Birchtech Corp.,0000728385,NYSE
FSP,FRANKLIN STREET PROPERTIES CORP /MA/,0001031316,NYSE
EAXR,"Ealixir, Inc.",0000832370,OTC
MLCI,Mount Logan Capital Inc.,0002051820,NASDAQ
SCLX,Scilex Holding Co,0001820190,NASDAQ
BDMD,Baird Medical Investment Holdings Ltd,0001982444,NASDAQ
KLNG,"Koil Energy Solutions, Inc.",0001110607,OTC
DXLG,"DESTINATION XL GROUP, INC.",0000813298,NASDAQ
PHNMF,Phenom Resources Corp.,0001720553,OTC
MIND,"MIND TECHNOLOGY, INC",0000926423,NASDAQ
IEGCF,Independence Gold Corp.,0001537317,OTC
PN,PN Smart Energy Ltd,0002001288,NASDAQ
VTIX,Virtuix Holdings Inc.,0001606242,NASDAQ
LFT,"Lument Finance Trust, Inc.",0001547546,NYSE
PFAI,Pinnacle Food Group Ltd,0002032755,NASDAQ
INIKF,PopReach Corp,0001928722,OTC
CYDVF,Century Lithium Corp.,0001394039,OTC
SNWV,"SANUWAVE Health, Inc.",0001417663,NASDAQ
WAVE,Eco Wave Power Global AB (publ),0001846715,NASDAQ
DCGO,DocGo Inc.,0001822359,NASDAQ
WPRT,WESTPORT FUEL SYSTEMS INC.,0001370416,NASDAQ
ELUT,ELUTIA INC.,0001708527,NASDAQ
GPGCF,Great Pacific Gold Corp.,0001813241,OTC
HRGN,"Harvard Apparatus Regenerative Technology, Inc.",0001563665,OTC
BRIA,BrilliA Inc,0002000230,NYSE
COHN,Cohen & Co Inc.,0001270436,NYSE
KPTI,Karyopharm Therapeutics Inc.,0001503802,NASDAQ
PFSB,"PFS Bancorp, Inc.",0001967656,OTC
KOSS,KOSS CORP,0000056701,NASDAQ
FIEE,"FiEE, Inc.",0001467761,NASDAQ
BLNE,"Beeline Holdings, Inc.",0001534708,NASDAQ
PPSI,"PIONEER POWER SOLUTIONS, INC.",0001449792,NASDAQ
VTSI,"VirTra, Inc",0001085243,NASDAQ
LASE,Laser Photonics Corp,0001807887,NASDAQ
NMCPF,Nuvau Minerals Corp,0002003813,OTC
XBP,"XBP Global Holdings, Inc.",0001839530,NASDAQ
GAIA,"GAIA, INC",0001089872,NASDAQ
CVV,CVD EQUIPMENT CORP,0000766792,NASDAQ
MIRA,"MIRA PHARMACEUTICALS, INC.",0001904286,NASDAQ
KDKGF,KLONDIKE GOLD CORP /FI,0000872699,OTC
CPHI,"CHINA PHARMA HOLDINGS, INC.",0001106644,NYSE
VGES,Vanguard Green Investment Ltd,0001746119,OTC
VIP,Vulcan Infrastructure & Power Inc.,0001844971,NASDAQ
BMNM,"BIMINI CAPITAL MANAGEMENT, INC.",0001275477,OTC
BOSC,BOS BETTER ONLINE SOLUTIONS LTD,0001005516,NASDAQ
MNY,MoneyHero Ltd,0001974044,NASDAQ
BIOF,"BLUE BIOFUELS, INC.",0001549145,OTC
WKHS,Workhorse Group Inc.,0001425287,NASDAQ
RMTI,"ROCKWELL MEDICAL, INC.",0001041024,NASDAQ
CNF,CNFinance Holdings Ltd.,0001733868,NYSE
NCI,Neo-Concept International Group Holdings Ltd,0001916331,NASDAQ
CNTX,Context Therapeutics Inc.,0001842952,NASDAQ
PRHI,"Presurance Holdings, Inc.",0001502292,NASDAQ
SRXH,SRX Global Inc.,0001471727,NYSE
NXTC,"NextCure, Inc.",0001661059,NASDAQ
WSTRF,Western Uranium & Vanadium Corp.,0001621906,OTC
CNTY,CENTURY CASINOS INC /CO/,0000911147,NASDAQ
KLXE,"KLX Energy Services Holdings, Inc.",0001738827,NASDAQ
KSCP,"Knightscope, Inc.",0001600983,NASDAQ
PYRGF,PyroGenesis Canada Inc.,0001743344,OTC
UG,UNITED GUARDIAN INC,0000101295,NASDAQ
HERZ,"Herzfeld Credit Income Fund, Inc",0000880406,NASDAQ
KYNB,"KYNTRA BIO, INC.",0000921299,NASDAQ
CCEYF,CanCambria Energy Corp.,0001992604,OTC
SPRU,SPRUCE POWER HOLDING CORP,0001772720,NYSE
GNS,Genius Group Ltd,0001847806,NYSE
ALGS,"Aligos Therapeutics, Inc.",0001799448,NASDAQ
SLND,"Southland Holdings, Inc.",0001883814,NYSE
JFU,9F Inc.,0001619544,NASDAQ
RDAC,Rising Dragon Acquisition Corp.,0002018145,NASDAQ
RSRV,RESERVE PETROLEUM CO,0000083350,OTC
NSYS,NORTECH SYSTEMS INC,0000722313,NASDAQ
BCTX,BriaCell Therapeutics Corp.,0001610820,NASDAQ
BEEM,Beam Global,0001398805,NASDAQ
MRMD,MARIMED INC.,0001522767,OTC
INIS,RADNOSTIX INC,0001038277,OTC
RAND,RAND CAPITAL CORP,0000081955,NASDAQ
HHS,HARTE HANKS INC,0000045919,NASDAQ
SST,"System1, Inc.",0001805833,NYSE
ANGH,Anghami Inc,0001871983,NASDAQ
BYSI,BeyondSpring Inc.,0001677940,NASDAQ
LFLRF,LaFleur Minerals Inc..,0001800890,OTC
BLGO,"BIOLARGO, INC.",0000880242,OTC
CLPS,CLPS Inc,0001724542,NASDAQ
QTZM,Quantum Genesis AI Corp.,0001663038,OTC
ESGH,ESG Inc.,0001883835,OTC
JAGU,Jaguar Uranium Corp.,0002039273,NYSE
LVLU,"Lulu's Fashion Lounge Holdings, Inc.",0001780201,NASDAQ
MCRP,Micropolis AI Robotics,0001993431,NYSE
ESLA,"Estrella Immunopharma, Inc.",0001844417,NASDAQ
PRKA,"PARKS AMERICA, INC",0001297937,OTC
BRLS,Borealis Foods Inc.,0001852973,NASDAQ
YI,"111, Inc.",0001738906,NASDAQ
ARAY,ACCURAY INC,0001138723,NASDAQ
VAI,Senmiao Technology Ltd,0001711012,NASDAQ
FLD,"Fold Holdings, Inc.",0001889123,NASDAQ
SJ,Scienjoy Holding Corp,0001753673,NASDAQ
EHTH,"eHealth, Inc.",0001333493,NASDAQ
KNGRF,Kingsmen Resources Ltd.,0001191832,OTC
QNCX,"Quince Therapeutics, Inc.",0001662774,NASDAQ
RADX,Radiopharm Theranostics Ltd,0001949257,NASDAQ
CRSF,Crisp Momentum Inc.,0000924396,OTC
HAFG,"Holistic Asset Finance Group Co., Ltd.",0001367993,OTC
TAOX,TAO Synergies Inc.,0001571934,NASDAQ
SMJF,SMJ International Holdings Inc.,0002070954,NYSE
TTIPF,"Thiogenesis Therapeutics, Corp.",0001877778,OTC
SNFI,Stark Novus Financial Inc.,0001759546,OTC
DAIO,DATA I/O CORP,0000351998,NASDAQ
EONR,EON Resources Inc.,0001842556,NYSE
ZLME,Zhanling International Ltd,0001489300,OTC
CNTM,"ConnectM Technology Solutions, Inc.",0001895249,OTC
QRHC,Quest Resource Holding Corp,0001442236,NASDAQ
IGC,"IGC Pharma, Inc.",0001326205,NYSE
CRWS,CROWN CRAFTS INC,0000025895,NASDAQ
BBGI,BEASLEY BROADCAST GROUP INC,0001099160,NASDAQ
MDBH,"MDB Capital Holdings, LLC",0001934642,NASDAQ
OPTT,"Ocean Power Technologies, Inc.",0001378140,NYSE
LOCL,Local Bounti Corporation/DE,0001840780,NYSE
IBATF,INTERNATIONAL BATTERY METALS LTD.,0001786318,OTC
HSPOF,Horizon Space Acquisition I Corp.,0001946021,OTC
USEA,United Maritime Corp,0001912847,NASDAQ
AVX,AVAX ONE TECHNOLOGY LTD.,0001826397,NASDAQ
RAPH,Raphael Pharmaceutical Inc.,0001415397,OTC
EVAX,Evaxion A/S,0001828253,NASDAQ
SKFG,"Stark Focus Group, Inc.",0001794942,OTC
AUSI,AURA SYSTEMS INC,0000826253,OTC
EMGDF,Eminent Gold Corp.,0001790607,OTC
FKWL,FRANKLIN WIRELESS CORP,0000722572,NASDAQ
LTAFF,Lithium Africa Corp.,0002115899,OTC
ATCMF,ATICO MINING Corp,0001567663,OTC
ITHUF,"iANTHUS CAPITAL HOLDINGS, INC.",0001643154,OTC
FOFA,"FAMILY OFFICE OF AMERICA, INC.",0001871181,OTC
GTEC,Greenland Technologies Holding Corp.,0001735041,NASDAQ
VAUCF,Viva Gold Corp.,0001723047,OTC
ATCH,"AtlasClear Holdings, Inc.",0001963088,NYSE
TBTC,TABLE TRAC INC,0001090396,OTC
EMCGF,Embrace Change Acquisition Corp.,0001869601,OTC
SRGZ,Star Gold Corp.,0001401835,OTC
BRKCF,BARKSDALE RESOURCES CORP.,0001019742,OTC
SKYQ,Sky Quarry Inc.,0001812447,NASDAQ
DYNR,"DYNARESOURCE, INC.",0001111741,OTC
MDRR,"Medalist Diversified, Inc.",0001654595,NASDAQ
CLRCF,ClimateRock,0001903392,OTC
GIFT,"GIFTIFY, INC.",0001760233,NASDAQ
CLIR,ClearSign Technologies Corp,0001434524,NASDAQ
ACTU,"ACTUATE THERAPEUTICS, INC.",0001652935,NASDAQ
FSTJ,First America Resources Corp,0001525306,OTC
AAME,ATLANTIC AMERICAN CORP,0000008177,NASDAQ
NSFDF,NXT Energy Solutions Inc.,0001009922,OTC
RYET,Ruanyun Edai Technology Inc.,0001873454,NASDAQ
KTCC,KEY TRONIC CORP,0000719733,NASDAQ
BIOX,Bioceres Crop Solutions Corp.,0001769484,NASDAQ
JAYGF,Blue Jay Gold Corp.,0002092243,OTC
ABVC,"ABVC BIOPHARMA, INC.",0001173313,NASDAQ
SNNF,"Seneca Bancorp, Inc.",0002072421,OTC
JOB,GEE Group Inc.,0000040570,NYSE
CVM,CEL SCI CORP,0000725363,NYSE
COSM,Cosmos Health Inc.,0001474167,NASDAQ
NNVC,"NANOVIRICIDES, INC.",0001379006,NYSE
ETST,"Earth Science Tech, Inc.",0001538495,OTC
ADTI,"Adapti, Inc.",0001420924,OTC
AWRE,AWARE INC /MA/,0001015739,NASDAQ
PETV,"PetVivo Holdings, Inc.",0001512922,OTC
RLBY,RELIABILITY INC,0000034285,OTC
PLRZ,Polyrizon Ltd.,0001893645,NASDAQ
PRT,PermRock Royalty Trust,0001724009,NYSE
GPUS,"Hyperscale Data, Inc.",0000896493,NYSE
MERC,MERCER INTERNATIONAL INC.,0001333274,NASDAQ
SNTL,Sentinel Holdings Ltd.,0000889353,OTC
BGAVF,Bravada Gold Corp,0001500620,OTC
ASPC,ASPAC III Acquisition Corp.,0001890361,NASDAQ
TVRD,"Tvardi Therapeutics, Inc.",0001346830,NASDAQ
CGDXF,XALI GOLD CORP.,0001479480,OTC
TRSG,Tungray Technologies Inc,0001943444,NASDAQ
STSBF,South Star Battery Metals Corp.,0001307926,OTC
RDGMF,Ridgeline Minerals Corp,0001820025,OTC
TXMD,"TherapeuticsMD, Inc.",0000025743,NASDAQ
OPTH,Optimi Health Corp.,0002027329,NASDAQ
IPM,INTELLIGENT PROTECTION MANAGEMENT CORP.,0001355839,NASDAQ
GRAN,Grande Group Ltd/HK,0002027722,NASDAQ
ATOS,"ATOSSA THERAPEUTICS, INC.",0001488039,NASDAQ
RSGLF,Rocky Shore Gold Ltd.,0001683408,OTC
EURK,Eureka Acquisition Corp,0002000410,NASDAQ
ORIO,Orion Digital Corp.,0001602842,NASDAQ
VCGMF,Visionary Copper & Gold Mines Inc.,0001650196,OTC
APAAF,Appia Rare Earths & Uranium Corp.,0001419336,OTC
LIVE,LIVE VENTURES Inc,0001045742,NASDAQ
CDLX,"Cardlytics, Inc.",0001666071,NASDAQ
RDGL,VIVOS INC,0001449349,OTC
VIPZ,"VIP Play, Inc.",0001832161,OTC
TWG,Top Wealth Group Holding Ltd,0001978057,NASDAQ
NXPL,NextPlat Corp,0001058307,NASDAQ
LRRIF,Lion Rock Resources Inc.,0001992500,OTC
BLIV,BeLive Holdings,0001982448,NASDAQ
INVU,"Investview, Inc.",0000862651,OTC
PAPL,Pineapple Financial Inc.,0001938109,NYSE
RPGL,Republic Power Group Ltd,0001912884,NASDAQ
GTHP,GUIDED THERAPEUTICS INC,0000924515,OTC
GDGIF,"Gemdale Gold, Inc",0002027037,OTC
TGHL,GrowHub Ltd,0002024114,NASDAQ
NXXT,"NEXTNRG, INC.",0001817004,NASDAQ
BFRI,Biofrontera Inc.,0001858685,NASDAQ
FTFT,Future FinTech Group Inc.,0001066923,NASDAQ
COCP,"Cocrystal Pharma, Inc.",0001412486,NASDAQ
INLX,"INTELLINETICS, INC.",0001081745,NYSE
CAHO,Caro Holdings Inc.,0001678105,OTC
GOVB,"Gouverneur Bancorp, Inc./MD/",0001978811,OTC
FEDU,Four Seasons Education (Cayman) Inc.,0001709819,NYSE
NOMA,Nomadar Corp.,0001994214,NASDAQ
SPRS,SURGE COMPONENTS INC,0000747540,OTC
CTRM,Castor Maritime Inc.,0001720161,NASDAQ
FEMY,FEMASYS INC,0001339005,NASDAQ
LIQT,LIQTECH INTERNATIONAL INC,0001307579,NASDAQ
CRVW,CareView Communications Inc,0001377149,OTC
BTCT,BTC Digital Ltd.,0001796514,NASDAQ
GDST,Chi Special Acquisition Corp.,0001858007,OTC
BONXF,BONTERRA RESOURCES INC.,0001544770,OTC
ROMJF,Rubicon Organics Inc.,0001742195,OTC
ALGRF,KENADYR METALS CORP,0001703292,OTC
CRMZ,CREDITRISKMONITOR COM INC,0000315958,OTC
ANY,Sphere 3D Corp.,0001591956,NASDAQ
MF,MindForge Inc.,0001888525,NASDAQ
LGVN,Longeveron Inc.,0001721484,NASDAQ
MSGM,Motorsport Games Inc.,0001821175,NASDAQ
SNAL,"Snail, Inc.",0001886894,NASDAQ
STAK,STAK Inc.,0002002453,NASDAQ
STCB,"Starco Brands, Inc.",0001539850,OTC
JSPR,"Jasper Therapeutics, Inc.",0001788028,NASDAQ
ABCP,AmBase Corp,0000020639,OTC
WBQNL,Woodbridge Liquidation Trust,0001785494,OTC
PVCT,"PROVECTUS BIOPHARMACEUTICALS, INC.",0000315545,OTC
AAUAF,ALMADEN MINERALS LTD,0001015647,OTC
HTCO,High-Trend International Group,0001928948,NASDAQ
VUECF,Verdera Energy Corp.,0002111453,OTC
CKX,"CKX LANDS, INC.",0000352955,NYSE
PRZO,ParaZero Technologies Ltd.,0001916241,NASDAQ
UTSI,UTSTARCOM HOLDINGS CORP.,0001030471,NASDAQ
CLRB,"Cellectar Biosciences, Inc.",0001279704,NASDAQ
QZMRF,QUARTZ MOUNTAIN RESOURCES LTD,0000811522,OTC
LOOP,"Loop Industries, Inc.",0001504678,NASDAQ
LTRN,Lantern Pharma Inc.,0001763950,NASDAQ
NTRP,"NextTrip, Inc.",0000788611,NASDAQ
YAAS,Youxin Technology Ltd,0001964946,NASDAQ
FTRKF,Fast Track Group,0002027262,OTC
JVA,COFFEE HOLDING CO INC,0001007019,NASDAQ
HKIT,"Biddance AI Systems, Inc.",0001742341,NASDAQ
SVRN,OceanPal Inc.,0001869467,NASDAQ
UONE,"URBAN ONE, INC.",0001041657,NASDAQ
CCHH,CCH Holdings Ltd,0002074123,NASDAQ
BCG,"Binah Capital Group, Inc.",0001953984,NASDAQ
ZEO,Zeo Energy Corp.,0001865506,NASDAQ
UPC,Universe Pharmaceuticals INC,0001809616,NASDAQ
MAPPF,PROSTAR HOLDINGS INC. /BC,0001493130,OTC
BLTH,"AMERICAN BATTERY MATERIALS, INC.",0001487718,OTC
TLF,TANDY LEATHER FACTORY INC,0000909724,NASDAQ
BIRD,"Smartbird, Inc.",0001653909,NASDAQ
EHSI,Elite Health Systems Inc.,0001089815,OTC
ELEV,Elevation Acquisition Group Inc.,0002131124,OTC
QNTM,Quantum Biopharma Ltd.,0001771885,NASDAQ
ITHR,"Intelithrive, Inc.",0001919191,OTC
AYTU,"AYTU BIOPHARMA, INC",0001385818,NASDAQ
GRDX,GridAI Technologies Corp.,0001604191,NASDAQ
AHT,ASHFORD HOSPITALITY TRUST INC,0001232582,NYSE
GSIW,Garden Stage Ltd,0001954269,NASDAQ
BESS,Bimergen Energy Corp,0001066764,NYSE
AKTX,Akari Therapeutics Plc,0001541157,NASDAQ
MODD,"Modular Medical, Inc.",0001074871,NASDAQ
SUNE,"SUNation Energy, Inc.",0000022701,NASDAQ
CFOO,China Foods Holdings Ltd.,0001310630,OTC
NNUP,NOCOPI TECHNOLOGIES INC/MD/,0000888981,OTC
CFND,C1 Fund Inc.,0002044327,NYSE
TCRX,"TScan Therapeutics, Inc.",0001783328,NASDAQ
PMEC,Primech Holdings Ltd,0001891944,NASDAQ
RVP,RETRACTABLE TECHNOLOGIES INC,0000946563,NYSE
PSHG,Performance Shipping Inc.,0001481241,NASDAQ
EXYN,"Exyn Technologies, Inc.",0001960355,NASDAQ
PAYD,PAID INC,0001017655,OTC
MCUJF,MEDICURE INC,0001133519,OTC
BMR,Beamr Imaging Ltd.,0001899005,NASDAQ
GRNQ,Greenpro Capital Corp.,0001597846,NASDAQ
MNDO,MIND CTI LTD,0001119083,NASDAQ
TRCK,"Track Group, Inc.",0001045942,OTC
PDC,Perpetuals.com Ltd,0001944399,NASDAQ
CTSO,Cytosorbents Corp,0001175151,NASDAQ
TNMG,TNL Mediagene,0002013186,NASDAQ
PPURF,Ucore Rare Metals Inc.,0001495651,OTC
MRKR,"Marker Therapeutics, Inc.",0001094038,NASDAQ
LPSIF,LEGEND POWER SYSTEMS INC.,0001472466,OTC
PTN,PALATIN TECHNOLOGIES INC,0000911216,NASDAQ
NEUP,Neuphoria Therapeutics Inc.,0001191070,NASDAQ
BRFH,BARFRESH FOOD GROUP INC.,0001487197,NASDAQ
LFWD,Lifeward Ltd.,0001607962,NASDAQ
ARLSF,ARGO GRAPHENE SOLUTIONS CORP.,0001852354,OTC
BTLN,"Brightline Interactive, Inc./NV",0001854445,NASDAQ
ALLR,"Allarity Therapeutics, Inc.",0001860657,NASDAQ
AIFA,"All In FutureTech Alliance, Inc.",0001708341,NASDAQ
NYC,American Strategic Investment Co.,0001595527,NYSE
FTHM,Fathom Holdings Inc.,0001753162,NASDAQ
GNOLF,GENOIL INC,0001261002,OTC
DUO,Fangdd Network Group Ltd.,0001750593,NASDAQ
AAQL,Antiaging Quantum Living Inc.,0001672571,OTC
SFRX,SEAFARER EXPLORATION CORP,0001106213,OTC
JDZG,JIADE Ltd,0001976908,NASDAQ
RECT,Rectitude Holdings Ltd.,0001995116,NASDAQ
AZIO,"AZIO AI HOLDINGS, INC.",0001563568,NASDAQ
BHSIF,BAYHORSE SILVER INC.,0001432588,OTC
KMRK,K-TECH SOLUTIONS CO LTD,0002049187,NASDAQ
TRXA,T-REX Acquisition Corp.,0001437750,OTC
STLY,"HG Holdings, Inc.",0000797465,OTC
CMMB,Chemomab Therapeutics Ltd.,0001534248,NASDAQ
FOXX,Foxx Development Holdings Inc.,0002013807,NASDAQ
INTZ,INTRUSION INC,0000736012,NASDAQ
GEBRF,Greenbriar Sustainable Living Inc.,0001570843,OTC
SGRP,"SPAR Group, Inc.",0001004989,OTC
CLOQ,"CYBERLOQ TECHNOLOGIES, INC.",0001437517,OTC
MOBQ,"Mobiquity Technologies, Inc.",0001084267,OTC
PRKR,PARKERVISION INC,0000914139,OTC
HCAI,"Huachen AI Parking Management Technology Holding Co., Ltd",0001958399,NASDAQ
MWYN,"Marwynn Holdings, Inc.",0002030522,NASDAQ
LGPS,LOGPROSTYLE INC.,0002040290,NYSE
WIMI,WiMi Hologram Cloud Inc.,0001770088,NASDAQ
WMLLF,Wealth Minerals Ltd.,0001077640,OTC
NCEL,NewcelX Ltd.,0001783036,NASDAQ
AIJTY,Jianpu Technology Inc.,0001713923,OTC
HLRTF,Hillcrest Energy Technologies Ltd.,0001418149,OTC
NUR,Nuran Wireless Inc.,0001680637,NASDAQ
AIXC,"AIxCrypto Holdings, Inc.",0001460702,NASDAQ
SMX,SMX (Security Matters) Public Ltd Co,0001940674,NASDAQ
MOBX,"MOBIX LABS, INC",0001855467,NASDAQ
GRLMF,GreenLight Metals Inc.,0002055938,OTC
ACCS,ACCESS Newswire Inc.,0000843006,NYSE
SSGC,SafeSpace Global Corp,0001584693,OTC
LPCN,Lipocine Inc.,0001535955,NASDAQ
OPAD,Offerpad Solutions Inc.,0001825024,NASDAQ
DYAI,DYADIC INTERNATIONAL INC,0001213809,NASDAQ
AVAI,"AVAI BIO, INC.",0001740797,OTC
PSQH,"PSQ Holdings, Inc.",0001847064,NYSE
IDAI,T Stamp Inc,0001718939,NASDAQ
VNTG,Vantage Corp (Singapore),0002027160,NYSE
TARSF,Silver North Resources Ltd.,0001409036,OTC
VPLM,Voip-pal.com Inc,0001410738,OTC
NALG,North America Lithium & Gold Corp,0001059689,OTC
STQN,STRATEGIC ACQUISITIONS INC /NV/,0000847942,OTC
AIEV,"Thunder Power Holdings, Inc.",0001912582,OTC
CMGHF,CHAODA MODERN AGRICULTURE HOLDINGS LTD /FI,0001169760,OTC
CCM,Concord Medical Services Holdings Ltd,0001472072,NYSE
DUKR,DUKE Robotics Corp.,0001638911,NASDAQ
WFF,WF Holding Ltd,0001980210,NASDAQ
AAPI,"Apple iSports Group, Inc.",0001134982,OTC
KTTA,Pasithea Therapeutics Corp.,0001841330,NASDAQ
UFG,Uni-Fuels Holdings Ltd,0002021688,NASDAQ
CNSY,"CERENOME, INC.",0001095981,NASDAQ
TRGXF,Terra Rossa Gold Ltd.,0001861479,OTC
SPPL,SIMPPLE LTD.,0001948697,NASDAQ
PBK,POWERBANK Corp,0002011053,NASDAQ
SKKY,"Skkynet Cloud Systems, Inc.",0001546853,OTC
LHAI,Linkhome Holdings Inc.,0002017758,NASDAQ
TWOSF,T2 Metals Corp.,0000877028,OTC
TMDE,TMD Energy Ltd,0002009714,NYSE
DSY,Big Tree Cloud Holdings Ltd,0001999297,NASDAQ
PASW,"Ping An Biomedical Co., Ltd.",0001897532,NASDAQ
MYND,"Mynd.ai, Inc.",0001708441,NYSE
EFOI,"ENERGY FOCUS, INC/DE",0000924168,NASDAQ
FENG,Phoenix New Media Ltd,0001509646,NYSE
SDOT,Sadot Group Inc.,0001701756,NASDAQ
LEDS,SemiLEDs Corp,0001333822,NASDAQ
JL,J-Long Group Ltd,0001948436,NASDAQ
CPIVF,CAPTIVA VERDE WELLNESS CORP.,0001712294,OTC
ARKR,ARK RESTAURANTS CORP,0000779544,NASDAQ
MAUUF,AERO ENERGY Ltd,0001905688,OTC
LICN,Lichen International Ltd,0001876766,NASDAQ
STLNF,Stallion Uranium Corp.,0001729653,OTC
COGDF,Compass Gold Corp,0001557440,OTC
ENLV,Enlivex Ltd.,0001596812,NASDAQ
EPSM,Epsium Enterprise Ltd,0001883437,NASDAQ
SKK,SKK Holdings Ltd,0001991261,NASDAQ
FUSE,Fusemachines Inc.,0002033383,NASDAQ
RYES,Rise Gold Corp.,0001424864,OTC
LRE,"LEAD REAL ESTATE CO., LTD",0001888980,NASDAQ
SLGB,Smart Logistics Global Ltd,0001987189,NASDAQ
JF,J & Friends Holdings Ltd,0001716338,NASDAQ
MGIH,Millennium Group International Holdings Ltd,0001903995,NASDAQ
FABC,"Fabric.AI, Inc.",0001086745,NASDAQ
IRVRF,Irving Resources Inc.,0001666782,OTC
TLIH,Ten-League International Holdings Ltd,0001982012,NASDAQ
BCDA,"BioCardia, Inc.",0000925741,NASDAQ
FGI,FGI Industries Ltd.,0001864943,NASDAQ
SCAG,Scage Future,0002000366,NASDAQ
HWH,HWH International Inc.,0001897245,NASDAQ
BIVI,BIOVIE INC.,0001580149,NASDAQ
PRNCF,Prince Silver Corp.,0002045300,OTC
HTOO,Fusion Fuel Green PLC,0001819794,NASDAQ
ONEG,OneConstruction Group Ltd,0002030834,NASDAQ
NPRFF,Nepra Foods Inc.,0001859022,OTC
RYOOF,Rio Silver Inc.,0001683274,OTC
DOGZ,Dogness (International) Corp,0001707303,NASDAQ
PDSB,PDS Biotechnology Corp,0001472091,NASDAQ
KARX,Karbon-X Corp.,0001729637,OTC
ATCX,ATLAS CRITICAL MINERALS Corp,0001684688,NASDAQ
FOFO,"Hang Feng Technology Innovation Co., Ltd.",0002060083,NASDAQ
AIFF,"FIREFLY NEUROSCIENCE, INC.",0000803578,NASDAQ
TULP,"BLOOMIA HOLDINGS, INC.",0000875355,NASDAQ
BENF,Beneficient,0001775734,NASDAQ
AEON,"AEON Biopharma, Inc.",0001837607,NYSE
UCL,uCloudlink Group Inc.,0001775898,NASDAQ
MTWO,"M2i Global, Inc.",0001753373,OTC
RKTO,Rocket One Inc.,0001711786,NASDAQ
CRMT,AMERICAS CARMART INC,0000799850,NASDAQ
MRNO,Murano Global Investments Plc,0001988776,NASDAQ
YXT,YXT.COM GROUP HOLDING Ltd,0001872090,NASDAQ
PASG,"Passage BIO, Inc.",0001787297,NASDAQ
CTXR,"Citius Pharmaceuticals, Inc.",0001506251,NASDAQ
ATTT,Raytech Holding Ltd,0001948443,NASDAQ
MTEX,MANNATECH INC,0001056358,NASDAQ
NRIS,"Norris Industries, Inc.",0001603793,OTC
CHOW,ChowChow Cloud International Holdings Ltd,0002041829,NYSE
NGTF,"NightFood Holdings, Inc.",0001593001,OTC
UPYY,UPAY,0001677897,OTC
CHKR,CHESAPEAKE GRANITE WASH TRUST,0001524769,OTC
AUST,Austin Gold Corp.,0001817740,NYSE
HODO,House of Doge Inc.,0001903595,NASDAQ
GTIM,Good Times Restaurants Inc.,0000825324,NASDAQ
SMSI,"SMITH MICRO SOFTWARE, INC.",0000948708,NASDAQ
HSCS,HeartSciences Inc.,0001468492,NASDAQ
OHCFF,Light AI Inc.,0001735514,OTC
PLSM,Pulsenmore Ltd.,0002064764,NASDAQ
NVGLF,NV Gold Corp,0001607807,OTC
ARTW,ARTS WAY MANUFACTURING CO INC,0000007623,NASDAQ
YTFD,"Yale Transaction Finders, Inc.",0001311673,OTC
MDWK,"MDWerks, Inc.",0001295514,OTC
DFLI,Dragonfly Energy Holdings Corp.,0001847986,NASDAQ
GYGY,Game Your Game Inc.,0002111846,NASDAQ
NIXX,"Nixxy, Inc.",0001462223,NASDAQ
GLOH,"Glow Holdings, Inc.",0001114859,OTC
GWH,"ESS Tech, Inc.",0001819438,NYSE
EXHI,Exlites Holdings International Inc,0001949283,OTC
WETH,Wetouch Technology Inc.,0001826660,NASDAQ
MOGU,MOGU Inc.,0001743971,NYSE
DGCOF,Daura Capital Corp.,0001809267,OTC
LDDD,Longduoduo Co Ltd,0001892316,OTC
HUIZ,Huize Holding Ltd,0001778982,NASDAQ
GTBP,"GT Biopharma, Inc.",0000109657,NASDAQ
ASTC,ASTROTECH Corp,0001001907,NASDAQ
INTI,"Inhibitor Therapeutics, Inc.",0001042418,OTC
GIGM,GIGAMEDIA Ltd,0001105101,NASDAQ
PEXZF,PACIFIC RIDGE EXPLORATION LTD,0001254435,OTC
BRN,BARNWELL INDUSTRIES INC,0000010048,NYSE
IAALF,IBC Advanced Alloys Corp.,0001450894,OTC
SYBX,"SYNLOGIC, INC.",0001527599,OTC
FMST,Foremost Clean Energy Ltd.,0001935418,NASDAQ
DDC,DDC Enterprise Ltd,0001808110,NYSE
EDTK,Skillful Craftsman Education Technology Ltd,0001782309,NASDAQ
RCT,RedCloud Holdings plc,0002027360,NASDAQ
ADIL,"ADIAL PHARMACEUTICALS, INC.",0001513525,NASDAQ
GRNL,GREENLITE VENTURES INC,0001282571,OTC
NZERF,New Zealand Energy Corp.,0001509705,OTC
PLUR,Pluri Inc.,0001158780,NASDAQ
KPEA,Kun Peng International Ltd.,0001502557,OTC
HIND,"Vyome Holdings, Inc",0001427570,NASDAQ
ILLR,Triller Group Inc.,0001769624,NASDAQ
AWCA,"Awaysis Capital, Inc.",0001021917,OTC
ILAL,International Land Alliance Inc.,0001657214,OTC
BNGO,"Bionano Genomics, Inc.",0001411690,NASDAQ
SFCX,SUPA Consolidated Inc.,0001624985,OTC
PETZ,"TDH Holdings, Inc.",0001684425,NASDAQ
CVAT,"Cavitation Technologies, Inc.",0001376793,OTC
GEDC,"TerraVolt Holdings, Inc.",0001174891,OTC
MIMI,Mint Inc Ltd,0001998560,NASDAQ
ZTG,Zenta Group Co Ltd,0002011458,NASDAQ
NEON,Neonode Inc.,0000087050,NASDAQ
PRPL,"Purple Innovation, Inc.",0001643953,NASDAQ
ALAR,Alarum Technologies Ltd.,0001725332,NASDAQ
SCNX,"Scienture Holdings, Inc.",0001382574,NASDAQ
DLPN,"Dolphin Entertainment, Inc.",0001282224,NASDAQ
MBRX,"Moleculin Biotech, Inc.",0001659617,NASDAQ
LSTA,"LISATA THERAPEUTICS, INC.",0000320017,NASDAQ
YQAI,"YOUNEEQAI TECHNICAL SERVICES, INC.",0001976923,OTC
FRTT,Fort Technology Inc,0002092967,NASDAQ
NMTC,NEUROONE MEDICAL TECHNOLOGIES Corp,0001500198,NASDAQ
CALC,"CalciMedica, Inc.",0001534133,NASDAQ
BKUCF,BLUE SKY URANIUM CORP.,0001463978,OTC
MPU,Mega Matrix Inc,0001953021,NYSE
REFR,RESEARCH FRONTIERS INC,0000793524,NASDAQ
AETN,"AETERNUM HEALTH, INC.",0000764630,OTC
DARE,"Dare Bioscience, Inc.",0001401914,NASDAQ
PCSV,"PCS Edventures!, Inc.",0001122020,OTC
XCH,XCHG Ltd,0001979887,NASDAQ
AWHL,Aspira Women's Health Inc.,0000926617,OTC
GMVMF,GMV Minerals Inc.,0001495730,OTC
COOT,Australian Oilseeds Holdings Ltd,0001959994,NASDAQ
QCLS,"Q/C TECHNOLOGIES, INC.",0001321834,NASDAQ
MYSE,"Myseum.AI, Inc.",0001648960,NASDAQ
GRAPF,First Canadian Graphite Inc.,0001715272,OTC
ATER,"Aterian, Inc.",0001757715,NASDAQ
FNFI,FIRST NILES FINANCIAL INC,0001065823,OTC
JGLDF,Japan Gold Corp.,0001686000,OTC
GRHI,"GOLD ROCK HOLDINGS, INC.",0000894501,OTC
CEXYF,GIANT MINING CORP.,0001836503,OTC
TURB,"Turbo Energy, S.A.",0001963439,NASDAQ
CRWE,"Crown Equity Holdings, Inc.",0001103833,OTC
OTLC,"Oncotelic Therapeutics, Inc.",0000908259,OTC
GIXI,Gix Internet Ltd.,0001782265,NASDAQ
RGNT,REGENTIS BIOMATERIALS LTD.,0001912966,NYSE
EQS,"EQUUS TOTAL RETURN, INC.",0000878932,NYSE
VWAV,"VisionWave Holdings, Inc.",0002038439,NASDAQ
CNTMF,Fluent Corp.,0001758124,OTC
TOMZ,"TOMI Environmental Solutions, Inc.",0000314227,NASDAQ
SOS,SOS Ltd,0001346610,NYSE
NHTC,NATURAL HEALTH TRENDS CORP,0000912061,NASDAQ
FWFW,"FLYWHEEL ADVANCED TECHNOLOGY, INC.",0001492617,OTC
GARWF,Golden Arrow Resources Corp,0001403870,OTC
QMCI,QUOTEMEDIA INC,0001101433,OTC
GNVR,Genvor Inc,0001792941,OTC
TRUFF,Red Light Holland Corp.,0001836747,OTC
BANL,CBL International Ltd,0001914805,NASDAQ
QNRX,Quoin Pharmaceuticals Ltd.,0001671502,NASDAQ
NEWH,"NewHydrogen, Inc.",0001371128,OTC
NROM,NOBLE ROMANS INC,0000709005,OTC
KDOZF,KIDOZ INC.,0001318482,OTC
EBON,Ebang International Holdings Inc.,0001799290,NASDAQ
BURU,"Nuburu, Inc.",0001814215,OTC
INTS,"INTENSITY THERAPEUTICS, INC.",0001567264,NASDAQ
ICU,SeaStar Medical Holding Corp,0001831868,NASDAQ
ADVB,Advanced Biomed Inc.,0001941029,NASDAQ
TPST,"Tempest Therapeutics, Inc.",0001544227,NASDAQ
FNGR,"FingerMotion, Inc.",0001602409,NASDAQ
DETX,"LIBERTY DEFENSE HOLDINGS, LTD.",0001919776,NASDAQ
PFHO,PACIFIC HEALTH CARE ORGANIZATION INC,0001138476,OTC
CLRO,CLEARONE INC,0000840715,NASDAQ
ZDAI,"DirectBooking Technology Co., Ltd.",0001966678,NASDAQ
FXBY,FOXBY CORP.,0001068897,OTC
ELECF,Electric Royalties Ltd.,0001817083,OTC
TANH,TANTECH HOLDINGS LTD,0001588084,NASDAQ
CJMB,CALLAN JMB INC.,0002032545,NASDAQ
BTOC,Armlogi Holding Corp.,0001972529,NASDAQ
ADGM,"Adagio Medical Holdings, Inc.",0002006986,NASDAQ
ASBP,"Aspire Biopharma Holdings, Inc.",0001847345,NASDAQ
CETY,"Clean Energy Technologies, Inc.",0001329606,NASDAQ
AIRI,AIR INDUSTRIES GROUP,0001009891,NYSE
SYRA,Syra Health Corp,0001922335,OTC
SEED,Origin Agritech LTD,0001321851,NASDAQ
NRSN,NeuroSense Therapeutics Ltd.,0001875091,NASDAQ
EPOW,E-Power Inc.,0001780731,NASDAQ
ICMB,"Investcorp Credit Management BDC, Inc.",0001578348,NASDAQ
BLRX,BioLineRx Ltd.,0001498403,NASDAQ
RWAX,"TAP REAL ESTATE TECHNOLOGIES, INC.",0001119190,OTC
PBSV,"Pharma-Bio Serv, Inc.",0001304161,OTC
KLGDF,Kalo Gold Corp.,0001901931,OTC
NAII,NATURAL ALTERNATIVES INTERNATIONAL INC,0000787253,NASDAQ
FLUX,"Flux Power Holdings, Inc.",0001083743,NASDAQ
ADIA,"Adia Nutrition, Inc.",0001160420,OTC
ENDMF,Enduro Metals Corp.,0001524326,OTC
HYEX,HEALTHY EXTRACTS INC.,0001630176,OTC
ALTUF,Altura Energy Corp.,0001977971,OTC
ALRTF,ALR Technologies SG Ltd.,0001930419,OTC
ARAI,Arrive AI Inc.,0001818274,NASDAQ
ORESF,Orestone Mining Corp.,0001481857,OTC
IMRN,Immuron Ltd,0001660046,NASDAQ
CABR,"Caring Brands, Inc.",0002020737,NASDAQ
NSURF,North Shore Uranium Ltd.,0002002326,OTC
IVFH,INNOVATIVE FOOD HOLDINGS INC,0000312257,OTC
JBDI,JBDI Holdings Ltd,0001964314,NASDAQ
PHIO,Phio Pharmaceuticals Corp.,0001533040,NASDAQ
APCX,AppTech Payments Corp.,0001070050,OTC
ZCRMF,Golden Cross Resources Inc.,0001425061,OTC
MTTAF,Meta Critical Minerals Inc.,0001999111,OTC
CCOOF,CORE SILVER CORP.,0001853599,OTC
BBBMF,Lux Metals Corp.,0001829809,OTC
WXM,WF International Ltd.,0001979610,NASDAQ
SINT,"Sintx Technologies, Inc.",0001269026,NASDAQ
CLWT,EURO TECH HOLDINGS CO LTD,0001026662,NASDAQ
KPRX,KIORA PHARMACEUTICALS INC,0001372514,NASDAQ
NGLD,Nevada Canyon Gold Corp.,0001605481,OTC
CSRVF,Scotia Metals Corp.,0001910903,OTC
NIMU,NON INVASIVE MONITORING SYSTEMS INC /FL/,0000720762,OTC
BON,Bon Natural Life Ltd,0001816815,NASDAQ
LCTC,"Lifeloc Technologies, Inc",0001493137,OTC
IRIX,IRIDEX CORP,0001006045,NASDAQ
SEGG,Sports Entertainment Gaming Global Corp,0001673481,NASDAQ
VRRCF,VR Resources Ltd.,0001717695,OTC
ASFH,ASIAFIN HOLDINGS CORP.,0001828748,OTC
VNOV,VitaNova Life Sciences Corp,0001699709,OTC
APHP,American Picture House Corp,0001771995,OTC
GFAI,"Guardforce AI Co., Ltd.",0001804469,NASDAQ
BNKK,"BONK, INC.",0001760903,NASDAQ
OXBR,OXBRIDGE RE HOLDINGS Ltd,0001584831,NASDAQ
TOVX,"Theriva Biologics, Inc.",0000894158,NYSE
BCLI,BRAINSTORM CELL THERAPEUTICS INC.,0001137883,OTC
LILIF,Argentina Lithium & Energy Corp.,0001689448,OTC
KALA,"KALA BIO, Inc.",0001479419,NASDAQ
BLIN,"Bridgeline Digital, Inc.",0001378590,NASDAQ
EDUC,EDUCATIONAL DEVELOPMENT CORP,0000031667,NASDAQ
HPAI,Helport AI Ltd,0002001699,NASDAQ
MTEK,Maris Tech Ltd.,0001872964,NASDAQ
LZMH,LZ Technology Holdings Ltd,0001967397,NASDAQ
CLIK,Click Holdings Ltd.,0002020027,NASDAQ
LIMX,Limitless X Holdings Inc.,0001803977,OTC
HCTI,"Healthcare Triangle, Inc.",0001839285,NASDAQ
MSN,EMERSON RADIO CORP,0000032621,NYSE
NTZ,NATUZZI S P A,0000900391,OTC
RSMXF,Regency Silver Corp.,0001858994,OTC
GYRO,"Gyrodyne, LLC",0001589061,NASDAQ
AZTR,"Azitra, Inc.",0001701478,NYSE
MTVA,MetaVia Inc.,0001638287,NASDAQ
SMXT,"SolarMax Technology, Inc.",0001519472,NASDAQ
MMA,MIXED MARTIAL ARTS GROUP LTD,0001981519,NYSE
HUDI,"Huadi International Group Co., Ltd.",0001791725,NASDAQ
AMOD,"ALPHA MODUS HOLDINGS, INC.",0001862463,NASDAQ
IOTR,iOThree Ltd,0001997637,NASDAQ
FRECF,Frequency Exchange Corp.,0001816133,OTC
BIOT,INSTINCT BIO TECHNICAL CO HOLDINGS INC.,0002072188,NASDAQ
KNRX,KNOREX LTD.,0001982960,NYSE
LNAI,Lunai Bioworks Inc.,0001527728,NASDAQ
FBLG,"FibroBiologics, Inc.",0001958777,NASDAQ
QH,QUHUO Ltd,0001781193,NASDAQ
QNME,"Quanome Technologies, Inc.",0001996192,NASDAQ
SAGT,SAGTEC GLOBAL Ltd,0002029138,NASDAQ
REED,"REED'S, INC.",0001140215,NYSE
MSAI,"MultiSensor AI Holdings, Inc.",0001863990,NASDAQ
GRML,Greenland Mines Ltd,0001907223,NASDAQ
AIMD,"Ainos, Inc.",0001014763,NASDAQ
LTHIF,InZinc Mining Ltd.,0001364252,OTC
INAB,"IN8BIO, INC.",0001740279,NASDAQ
WVVI,WILLAMETTE VALLEY VINEYARDS INC,0000838875,NASDAQ
COPAF,COPAUR MINERALS INC.,0001420049,OTC
BMRA,BIOMERICA INC,0000073290,NASDAQ
VTGN,"Vistagen Therapeutics, Inc.",0001411685,NASDAQ
JCTC,JEWETT CAMERON TRADING CO LTD,0000885307,NASDAQ
AHNRF,ATHENA GOLD CORP,0001304409,OTC
BTBD,"BT Brands, Inc.",0001718224,NASDAQ
PMI,"Picard Medical, Inc.",0002030617,NYSE
NVNI,Nvni Group Ltd,0001965143,NASDAQ
CENN,Cenntro Inc.,0001707919,NASDAQ
AWX,AVALON HOLDINGS CORP,0001061069,NYSE
BAOS,Baosheng Media Group Holdings Ltd,0001811216,NASDAQ
EWSB,"EWSB Bancorp, Inc. /MD/",0002013792,OTC
IQST,iQSTEL Inc,0001527702,NASDAQ
CISO,"CISO Global, Inc.",0001777319,NASDAQ
INUV,"Inuvo, Inc.",0000829323,NYSE
OBAI,"Our Bond, Inc.",0001756064,NASDAQ
GULTU,Gulf Coast Ultra Deep Royalty Trust,0001565146,OTC
OST,"Ostin Technology Group Co., Ltd.",0001803407,NASDAQ
MDCX,Medicus Pharma Ltd.,0001997296,NASDAQ
SOAR,"Volato Group, Inc.",0001853070,NYSE
PLAG,Planet Green Holdings Corp.,0001117057,NYSE
MMCP,"Mag Mile Capital, Inc.",0001879293,OTC
TPET,Trio Petroleum Corp,0001898766,NYSE
PLCKF,Plurilock Security Inc.,0001848782,OTC
SKTG,SKYTECH ORION GLOBAL CORP.,0001498067,OTC
UEEC,"United Health Products, Inc.",0001096938,OTC
RITE,MINERALRITE Corp,0001096296,OTC
INHD,INNO HOLDINGS INC.,0001961847,NASDAQ
SNTI,"Senti Biosciences Holdings, Inc.",0001854270,NASDAQ
SUND,"Sundance Strategies, Inc.",0001171838,OTC
CVR,CHICAGO RIVET & MACHINE CO,0000019871,NYSE
UPLD,"Upland Software, Inc.",0001505155,NASDAQ
TBLLF,Tombill Mines Ltd,0001854257,OTC
AMS,AMERICAN SHARED HOSPITAL SERVICES,0000744825,NYSE
YJ,Yunji Inc.,0001759614,NASDAQ
ICGSF,ICG Silver & Gold Ltd.,0002123553,OTC
APRE,"Aprea Therapeutics, Inc.",0001781983,NASDAQ
ENSC,"Ensysce Biosciences, Inc.",0001716947,NASDAQ
MILIF,Military Metals Corp.,0001866460,OTC
HCWC,HEALTHY CHOICE WELLNESS CORP.,0001948864,NYSE
DFNS,T3 Defense Inc.,0001787518,NASDAQ
GXAI,GAXOS.AI INC.,0001895618,NASDAQ
SCND,SCIENTIFIC INDUSTRIES INC,0000087802,OTC
WBSR,Webstar Technology Group Inc.,0001645155,OTC
GMM,Global Mofy AI Ltd,0001913749,NASDAQ
BGL,Blue Gold Ltd,0002019435,NASDAQ
XERI,"XERIANT, INC.",0001481504,OTC
JPOTF,Jackpot Digital Inc.,0001061612,OTC
CLEV,Concrete Leveling Systems Inc,0001414382,OTC
YNVYF,YNVISIBLE INTERACTIVE INC.,0001427728,OTC
DROR,"Dror Ortho-Design, Inc.",0001282980,OTC
AUGCF,AU Gold Corp.,0001839290,OTC
AEHL,Antelope Enterprise Holdings Ltd,0001470683,NASDAQ
GITS,"Global Interactive Technologies, Inc.",0001911545,NASDAQ
MARPS,MARINE PETROLEUM TRUST,0000062362,NASDAQ
ECTM,ECA Marcellus Trust I,0001487798,OTC
INEO,INNEOVA Holdings Ltd,0001933951,NASDAQ
FFLO,"Free Flow USA, Inc.",0001543652,OTC
BNET,BION ENVIRONMENTAL TECHNOLOGIES INC,0000875729,OTC
GDTC,CytoMed Therapeutics Ltd,0001873093,NASDAQ
SKYE,"Skye Bioscience, Inc.",0001516551,NASDAQ
UCAR,U Power Ltd,0001939780,NASDAQ
SFHG,SAMFINE CREATION HOLDINGS GROUP Ltd,0001926792,NASDAQ
AIRE,reAlpha Tech Corp.,0001859199,NASDAQ
PURE,"PURE BIOSCIENCE, INC.",0001006028,OTC
SPFX,"STANDARD PREMIUM FINANCE HOLDINGS, INC.",0001807893,OTC
DEVSF,DevvStream Corp.,0001854480,OTC
BFRG,"BullFrog AI Holdings, Inc.",0001829247,NASDAQ
SNTW,Summit Networks Inc.,0001619096,OTC
APMCF,MORIEN RESOURCES CORP.,0001628935,OTC
XBIO,"Xenetic Biosciences, Inc.",0001534525,NASDAQ
CMHSF,COMPREHENSIVE HEALTHCARE SYSTEMS INC. (CANADA),0001889352,OTC
RVSN,Rail Vision Ltd.,0001743905,NASDAQ
THURF,Thunderstruck Resources Ltd.,0001536811,OTC
RAIN,"Rain Enhancement Technologies Holdco, Inc.",0002028293,NASDAQ
XCUR,"EXICURE, INC.",0001698530,NASDAQ
WOK,WORK Medical Technology Group LTD,0001929783,NASDAQ
ZEOX,"Zeo ScientifiX, Inc.",0001557376,OTC
TRAW,"Traws Pharma, Inc.",0001130598,NASDAQ
GAUZ,Gauzy Ltd.,0001781446,NASDAQ
VPRB,"VPR Brands, LP.",0001376231,OTC
MGRX,"MANGOCEUTICALS, INC.",0001938046,NASDAQ
NDRA,ENDRA Life Sciences Inc.,0001681682,NASDAQ
SBDS,"Solo Brands, Inc.",0001870600,OTC
PCMC,PUBLIC CO MANAGEMENT CORP,0001141964,OTC
HLEO,Helio Corp /FL/,0001953988,OTC
MBAI,Check-Cap Ltd,0001610590,NASDAQ
CUPR,Cuprina Holdings (Cayman) LTD,0001995704,NASDAQ
NCL,Northann Corp.,0001923780,OTC
YMAT,"J-Star Holding Co., Ltd.",0001875016,NASDAQ
LRHC,La Rosa Holdings Corp.,0001879403,NASDAQ
AQMS,"Aqua Metals, Inc.",0001621832,NASDAQ
GLE,Global Engine Group Holding Ltd,0001908705,NASDAQ
VSA,VisionSys AI Inc,0001592560,NASDAQ
AMLM,"AMERICAN LITHIUM MINERALS, INC.",0001356371,OTC
CNSP,"CNS Pharmaceuticals, Inc.",0001729427,NASDAQ
ALZN,"Alzamend Neuro, Inc.",0001677077,NASDAQ
SGLY,Singularity Future Technology Ltd.,0001422892,NASDAQ
AMSS,AMASS BRANDS,0001851491,NASDAQ
RMCF,"Rocky Mountain Chocolate Factory, Inc.",0001616262,NASDAQ
LOBO,LOBO TECHNOLOGIES LTD.,0001932072,NASDAQ
CMCT,Creative Media & Community Trust Corp,0000908311,NASDAQ
IMNN,"Imunon, Inc.",0000749647,NASDAQ
LEXX,Lexaria Bioscience Corp.,0001348362,NASDAQ
PRSO,Peraso Inc.,0000890394,NASDAQ
FEBO,Fenbo Holdings Ltd,0001957001,NASDAQ
XWEL,"XWELL, Inc.",0001410428,NASDAQ
CCTG,CCSC Technology International Holdings Ltd,0001931717,NASDAQ
VRME,"VerifyMe, Inc.",0001104038,NASDAQ
ARBB,ARB IOT Group Ltd,0001930179,NASDAQ
IVDN,INNOVATIVE DESIGNS INC,0001190370,OTC
OCLN,"ORIGINCLEAR, INC.",0001419793,OTC
NXTT,Next Technology Holding Inc.,0001784970,NASDAQ
THH,TryHard Holdings Ltd,0002044241,NASDAQ
SNGX,"SOLIGENIX, INC.",0000812796,NASDAQ
NVNO,enVVeno Medical Corp,0001661053,NASDAQ
FCHDF,Fairchild Gold Corp.,0002048847,OTC
CODX,"Co-Diagnostics, Inc.",0001692415,NASDAQ
MOJO,EQUATOR Beverage Co,0001414953,OTC
INNPF,INNOCAN PHARMA Corp,0001889791,OTC
AIM,AIM ImmunoTech Inc.,0000946644,NYSE
MTEN,Mingteng International Corp Inc.,0001948099,NASDAQ
ROYL,"Royale Energy, Inc.",0001694617,OTC
GELS,Gelteq Ltd,0001920092,NASDAQ
TWOH,Two Hands Corp,0001494413,OTC
TDIC,Dreamland Ltd,0002041338,NASDAQ
BITTF,BITTERROOT RESOURCES LTD,0001028357,OTC
TKLF,"Tokyo Lifestyle Co., Ltd.",0001836242,NASDAQ
WLFFF,Wolfden Resources Corp,0001544883,OTC
ADTX,"Aditxt, Inc.",0001726711,OTC
ACON,"Aclarion, Inc.",0001635077,NASDAQ
CEIN,"CAMBER ENERGY, INC.",0001309082,OTC
ICCM,IceCure Medical Ltd.,0001584371,NASDAQ
VYND,"Vynleads, Inc.",0001745078,OTC
ELOG,Eastern International Ltd.,0002013320,NASDAQ
WYGC,Wenyuan Group Corp.,0000723533,OTC
IMIMF,Interra Copper Corp.,0001866146,OTC
HAMRF,SILVER HAMMER MINING CORP,0001868866,OTC
BICX,BioCorRx Inc.,0001443863,OTC
TRBMF,TORQ RESOURCES INC.,0001406944,OTC
TRLEF,Dune Oil Corp.,0001648636,OTC
ITOC,iTonic Holdings Ltd,0001970544,NASDAQ
CBLO,"C2 Blockchain, Inc.",0001882781,OTC
LSEB,LSEB Creative Corp.,0001888740,OTC
IFBD,"Infobird Co., Ltd",0001815566,NASDAQ
JCSE,JE Cleantech Holdings Ltd,0001905511,NASDAQ
URZEF,URZ3 ENERGY CORP.,0001398713,OTC
TRGEF,Targa Exploration Corp.,0001989815,OTC
SDCH,"SideChannel, Inc.",0001022505,OTC
CRTD,"Creatd, Inc.",0001357671,OTC
WKSP,Worksport Ltd,0001096275,NASDAQ
POM,POMDOCTOR Ltd,0001877971,NASDAQ
CSDX,CS DIAGNOSTICS CORP.,0001106861,OTC
EDHL,Everbright Digital Holding Ltd.,0002024876,NASDAQ
EVGN,Evogene Ltd.,0001574565,NASDAQ
UK,Ucommune International Ltd,0001821424,NASDAQ
BMGL,Basel Medical Group Ltd,0002004489,NASDAQ
INM,InMed Pharmaceuticals Inc.,0001728328,NASDAQ
ONEI,OneMeta Inc.,0001388295,OTC
REBN,"Reborn Coffee, Inc.",0001707910,NASDAQ
BOLT,"Bolt Biotherapeutics, Inc.",0001641281,NASDAQ
CGTL,Creative Global Technology Holdings Ltd,0001967822,NASDAQ
TAOP,Taoping Inc.,0001552670,NASDAQ
MMTIF,MICROMEM TECHNOLOGIES INC,0001085921,OTC
TRRFF,TRIFECTA GOLD LTD,0001713979,OTC
GFTFF,Grafton Resources Inc.,0002103596,OTC
AIDX,"20/20 Biolabs, Inc.",0001139685,NASDAQ
DTST,Data Storage Corp,0001419951,NASDAQ
CURX,Curanex Pharmaceuticals Inc,0002025942,NASDAQ
VS,Versus Systems Inc.,0001701963,NASDAQ
DXYN,DIXIE GROUP INC,0000029332,OTC
HXHX,Haoxin Holdings Ltd,0001936817,NASDAQ
YHGJ,YUNHONG GREEN CTI LTD.,0001042187,NASDAQ
DTSS,Datasea Intelligent Technology Ltd.,0002110423,NASDAQ
PMNT,Perfect Moment Ltd.,0001849221,OTC
ADMQ,"ADM ENDEAVORS, INC.",0001588014,OTC
DLXY,Delixy Holdings Ltd,0002025218,NASDAQ
AMST,Amesite Inc.,0001807166,NASDAQ
JYD,Jayud Global Logistics Ltd,0001938186,NASDAQ
GP,GREENPOWER MOTOR Co INC.,0001584547,NASDAQ
CXAI,CXApp Inc.,0001820875,NASDAQ
OLB,"OLB GROUP, INC.",0001314196,NASDAQ
LOTT,Techlott Inc.,0001568969,OTC
NWTG,"Newton Golf Company, Inc.",0001934245,NASDAQ
CHAI,"Core AI Holdings, Inc.",0001649009,NASDAQ
DQWS,DSwiss Inc,0001652561,OTC
GURE,"GULF RESOURCES, INC.",0000885462,NASDAQ
BCUFF,Bell Copper Corp,0001477201,OTC
AUID,authID Inc.,0001534154,NASDAQ
KLYG,"Kelyniam Global, Inc.",0001372114,OTC
MMTRS,MILLS MUSIC TRUST,0000066496,OTC
SKAS,"Saker Aviation Services, Inc.",0001128281,OTC
MRM,Medirom Healthcare Technologies Inc.,0001819704,NASDAQ
RVPH,"REVIVA PHARMACEUTICALS HOLDINGS, INC.",0001742927,OTC
ENVB,"Enveric Biosciences, Inc.",0000890821,NASDAQ
FFAI,FARADAY FUTURE INTELLIGENT ELECTRIC INC.,0001805521,NASDAQ
CLGN,CollPlant Biotechnologies Ltd,0001631487,NASDAQ
MFBI,"Monroe Federal Bancorp, Inc.",0002024899,OTC
AIXN,"AiXin Life International, Inc.",0000835662,OTC
AITTF,TRENCHANT TECHNOLOGIES CAPITAL CORP.,0001520556,OTC
INBS,INTELLIGENT BIO SOLUTIONS INC.,0001725430,NASDAQ
NVSGF,Nevada Sunrise Metals Corp.,0001415758,OTC
CELZ,"CREATIVE MEDICAL TECHNOLOGY HOLDINGS, INC.",0001187953,NASDAQ
QURT,"Quarta-Rad, Inc.",0001549631,OTC
HLYK,HealthLynked Corp,0001680139,OTC
XTLB,XTL BIOPHARMACEUTICALS LTD,0001023549,NASDAQ
UZX,Linkage Global Inc,0001969401,NASDAQ
SNOA,"Sonoma Pharmaceuticals, Inc.",0001367083,NASDAQ
LHSW,Lianhe Sowell International Group Ltd,0002004024,NASDAQ
BQ,Boqii Holding Ltd,0001815021,NYSE
MGNC,Mag Magna Corp,0001949864,OTC
LTUM,Lithium Corp,0001415332,OTC
MEGL,Magic Empire Global Ltd,0001881472,NASDAQ
BABB,"BAB, INC.",0001123596,OTC
ILAG,Intelligent Living Application Group Inc.,0001814963,NASDAQ
GCDT,Green Circle Decarbonize Technology Ltd,0001926293,NYSE
KRKR,36Kr Holdings Inc.,0001779476,NASDAQ
CDIO,"Cardio Diagnostics Holdings, Inc.",0001870144,NASDAQ
CFNB,CALIFORNIA FIRST LEASING CORP,0000803016,OTC
WAFU,Wah Fu Education Group Ltd,0001716770,NASDAQ
ALDS,APPlife Digital Solutions Inc,0001755101,OTC
EXCBF,Excalibur Metals Corp.,0002088688,OTC
OSRH,"OSR Health, Inc.",0001840425,OTC
UUUFF,Recharge Resources Ltd.,0002056751,OTC
ACXP,"Acurx Pharmaceuticals, Inc.",0001736243,NASDAQ
KOGDF,KO Gold Inc.,0002008257,OTC
HKPD,"Cellyan Biotechnology Co., Ltd",0002007702,NASDAQ
NAMI,Jinxin Technology Holding Co,0001967631,NASDAQ
VNRX,VOLITIONRX LTD,0000093314,NYSE
MITQ,MOVING iMAGE TECHNOLOGIES INC.,0001770236,NYSE
ORKT,ORANGEKLOUD TECHNOLOGY INC.,0001979407,NASDAQ
AMBO,Ambow Education Holding Ltd.,0001494558,NYSE
SVRE,SaverOne 2014 Ltd.,0001894693,NASDAQ
PCSA,"Processa Pharmaceuticals, Inc.",0001533743,NASDAQ
AQB,AQUABOUNTY TECHNOLOGIES INC,0001603978,NASDAQ
CIMG,CIMG Inc.,0001527613,OTC
KAPA,"Kairos Pharma, LTD.",0001962011,NYSE
XELB,"XCel Brands, Inc.",0001083220,NASDAQ
ALP,Alpha Compute Corp,0001095435,NASDAQ
CYAB,"CYABRA, INC.",0002032341,NASDAQ
MLEC,Moolec Science SA,0001937737,NASDAQ
DXST,Decent Holding Inc.,0001958133,NASDAQ
TGL,TREASURE GLOBAL INC,0001905956,NASDAQ
GLXG,Galaxy Payroll Group Ltd,0001905920,NASDAQ
DRMA,"Dermata Therapeutics, Inc.",0001853816,NASDAQ
TRIB,TRINITY BIOTECH PLC,0000888721,NASDAQ
CRE,Cre8 Enterprise Ltd,0002003977,NASDAQ
NBLXF,Noble Plains Uranium Corp.,0001813419,OTC
GDC,GD Culture Group Ltd,0001641398,NASDAQ
BGMS,"Bio Green Med Solution, Inc.",0001130166,NASDAQ
PMHS,"Polomar Health Services, Inc.",0001265521,OTC
GLNS,Golden Star Resource Corp.,0001375348,OTC
MHUAF,"Meihua International Medical Technologies Co., Ltd.",0001835615,OTC
ZDPY,"Zoned Properties, Inc.",0001279620,OTC
AUUD,AUDDIA INC.,0001554818,NASDAQ
EEIQ,EpicQuest Education Group International Ltd,0001781397,NASDAQ
INBP,INTEGRATED BIOPHARMA INC,0001016504,OTC
GWTI,"GREENWAY TECHNOLOGIES, INC. & SUBSIDIARIES",0001572386,OTC
NCNA,NuCana plc,0001709626,NASDAQ
ZSPC,"zSpace, Inc.",0001637147,OTC
NMEX,NORTHERN MINERALS & EXPLORATION LTD.,0001415744,OTC
SPTY,"SPECIFICITY, INC.",0001840102,OTC
BGICF,BIRKS GROUP INC.,0001179821,OTC
POLA,"Polar Power, Inc.",0001622345,NASDAQ
VEEE,"Twin Vee PowerCats, Co.",0001855509,NASDAQ
SRRE,SUNRISE REAL ESTATE GROUP INC,0001083490,OTC
GLGI,"GREYSTONE LOGISTICS, INC.",0001088413,OTC
LYTHF,Lytus Technologies Holdings PTV. Ltd.,0001816319,OTC
SVBL,"SILVER BULL RESOURCES, INC.",0001031093,OTC
JWEL,Jowell Global Ltd.,0001805594,NASDAQ
RMSG,Real Messenger Corp,0001983324,NASDAQ
SYNX,Silynxcom Ltd.,0001976443,NYSE
CWD,CaliberCos Inc.,0001627282,NASDAQ
YCBD,"cbdMD, Inc.",0001644903,NYSE
XCRT,"Xcelerate, Inc.",0001138586,OTC
ILXP,ECOMINAS CORP.,0001115864,OTC
BRWC,Birdie Win Corp,0001873213,OTC
POAS,PHAOS TECHNOLOGY HOLDINGS (CAYMAN) Ltd,0002024258,NYSE
FASLF,First Andes Silver Ltd.,0001731854,OTC
SPHL,SPRINGVIEW HOLDINGS LTD,0002002236,NASDAQ
DKI,DarkIris Inc.,0002058584,NASDAQ
CHEV,Charging Robotics Inc.,0001459188,OTC
PULM,"Pulmatrix, Inc.",0001574235,NASDAQ
ELVG,"Elvictor Group, Inc.",0001741489,OTC
CRCW,Crypto Co,0001688126,OTC
CYDX,"CYduct Diagnostics, Inc.",0001388994,OTC
AGRZ,Agroz Inc.,0002009233,NASDAQ
OBULF,One Bullion Ltd,0001927026,OTC
BRQL,DYNAMIC AEROSPACE SYSTEMS Corp,0001854526,OTC
NCRA,"NOCERA, INC.",0001756180,NASDAQ
RITR,Reitar Logtech Holdings Ltd,0001951229,NASDAQ
TCRI,"TechCom, Inc.",0001481443,OTC
FBGL,FBS Global Ltd,0001938534,NASDAQ
BRGX,"BIOREGENX, INC.",0001593184,OTC
KIQSF,KELSO TECHNOLOGIES INC,0001161814,OTC
PRSI,PORTSMOUTH SQUARE INC,0000079661,OTC
DFSC,DEFSEC Technologies Inc.,0001889823,NASDAQ
LCFY,Locafy Ltd,0001875547,NASDAQ
LABT,Lakewood-Amedex Biotherapeutics Inc.,0002079272,NASDAQ
VEST,Loan Artificial Intelligence Corp.,0001594968,OTC
BTTC,Black Titan Corp,0002034400,NASDAQ
EUEMF,European Energy Metals Corp.,0001993599,OTC
CHNR,CHINA NATURAL RESOURCES INC,0000793628,NASDAQ
ZBAO,Zhibao Technology Inc.,0001966750,NASDAQ
HEPA,"Hepion Pharmaceuticals, Inc.",0001583771,OTC
ZCMD,Zhongchao Inc.,0001785566,NASDAQ
ERNA,Ernexa Therapeutics Inc.,0000748592,NASDAQ
PMCB,"PharmaCyte Biotech, Inc.",0001157075,NASDAQ
ROIUF,Route1 Inc.,0001736289,OTC
WBUY,WEBUY GLOBAL LTD,0001946703,NASDAQ
XPON,"Expion Energy, Inc.",0001894954,NASDAQ
CANF,Can-Fite BioPharma Ltd.,0001536196,NYSE
SABOF,Sabio Holdings Inc.,0001896752,OTC
KITT,"Nauticus Robotics, Inc.",0001849820,NASDAQ
TUTH,Standard Dental Labs Inc.,0001178660,OTC
HVGDF,HARVEST GOLD CORP,0000921968,OTC
SNTG,Sentage Holdings Inc.,0001810467,NASDAQ
LIMN,"Liminatus Pharma, Inc.",0001971387,NASDAQ
BIAF,"bioAffinity Technologies, Inc.",0001712762,NASDAQ
NIKI,"Niki BioSolutions, Inc.",0001734005,NASDAQ
LESL,"Leslie's, Inc.",0001821806,NASDAQ
CNET,ZW Data Action Technologies Inc.,0001376321,NASDAQ
VEEA,VEEA INC.,0001840317,NASDAQ
VMAR,Vision Marine Technologies Inc.,0001813783,NASDAQ
TWAV,"TaoWeave, Inc.",0000746210,NASDAQ
SURG,"SurgePays, Inc.",0001392694,NASDAQ
RENX,RenX Enterprises Corp.,0001959023,NASDAQ
FLZH,"Flash Sports & Media Holdings, Inc.",0001706524,OTC
YDKG,Yueda Digital Holding,0001413745,NASDAQ
GHST,GHST World Inc.,0001121795,OTC
STFS,Star Fashion Culture Holdings Ltd,0002003061,NASDAQ
HYFM,"HYDROFARM HOLDINGS GROUP, INC.",0001695295,NASDAQ
NRGFF,AE Fuels Corp,0002102593,OTC
NAPD,"NAPC Defense, Inc.",0001703625,OTC
STME,Stimcell Energetics Inc.,0001493712,OTC
XITO,"Xenous Holdings, Inc.",0001651932,OTC
DSNY,DESTINY MEDIA TECHNOLOGIES INC,0001099369,OTC
INTJ,Intelligent Group Ltd,0001916416,NASDAQ
EZGO,EZGO Technologies Ltd.,0001806904,NASDAQ
PWDY,"POWERDYNE INTERNATIONAL, INC.",0001435617,OTC
MTR,MESA ROYALTY TRUST/TX,0000313364,NYSE
SNES,"SenesTech, Inc.",0001680378,NASDAQ
FAMI,"Farmmi, Inc.",0001701261,NASDAQ
USAQ,"QHSLab, Inc.",0000856984,OTC
SONM,"DNA X, Inc.",0001178697,NASDAQ
BRQSF,"Borqs Technologies, Inc.",0001650575,OTC
RECX,"Recreatives Industries, Inc.",0002126221,OTC
ABTS,Abits Group Inc,0001864055,NASDAQ
FRSX,Foresight Autonomous Holdings Ltd.,0001691221,NASDAQ
MASK,3 E Network Technology Group Ltd,0001993097,NASDAQ
CNEY,CN ENERGY GROUP. INC.,0001780785,NASDAQ
KUST,"KUSTOM ENTERTAINMENT, INC.",0001342958,NASDAQ
ADXN,Addex Therapeutics Ltd.,0001574232,NASDAQ
NTRX,"Entrex Carbon Market, Inc.",0001363598,OTC
ZHDM,Ainnova Tech,0001950209,OTC
AMIX,"Autonomix Medical, Inc.",0001617867,NASDAQ
BRNX,BRENX LTD.,0001901215,NASDAQ
SCKT,"SOCKET MOBILE, INC.",0000944075,NASDAQ
NTCL,NetClass Technology Inc,0001927578,NASDAQ
MSGY,Masonglory Ltd,0002020228,NASDAQ
AREB,AMERICAN REBEL HOLDINGS INC,0001648087,OTC
WLDS,Wearable Devices Ltd.,0001887673,NASDAQ
GOVX,"GeoVax Labs, Inc.",0000832489,NASDAQ
BGLC,BioNexus Gene Lab Corp,0001737523,NASDAQ
BMXI,BROOKMOUNT EXPLORATIONS INC,0001122993,OTC
BOXL,Boxlight Corp,0001624512,NASDAQ
ATXG,ADDENTAX GROUP CORP.,0001650101,NASDAQ
HIHO,HIGHWAY HOLDINGS LTD,0001026785,NASDAQ
CDTG,CDT Environmental Technology Investment Holdings Ltd,0001793895,NASDAQ
CETX,CEMTREX INC,0001435064,NASDAQ
GRI,"GRI Bio, Inc.",0001824293,NASDAQ
TRNR,"Interactive Strength, Inc.",0001785056,NASDAQ
AUMN,Golden Minerals Co,0001011509,OTC
AWLIF,Ameriwest Critical Metals Inc.,0001866034,OTC
INEOF,INEO Tech Corp.,0002099727,OTC
HCWB,HCW Biologics Inc.,0001828673,NASDAQ
SBFM,Sunshine Biopharma Inc.,0001402328,NASDAQ
ZPHYF,ZEPHYR MINERALS LTD.,0001613979,OTC
FCUV,FOCUS UNIVERSAL INC.,0001590418,NASDAQ
RIME,"Algorhythm Holdings, Inc.",0000923601,NASDAQ
NXL,"Nexalin Technology, Inc.",0001527352,NASDAQ
TOPS,TOP SHIPS INC.,0001296484,NYSE
XRTX,XORTX Therapeutics Inc.,0001729214,NASDAQ
CVKD,"Cadrenal Therapeutics, Inc.",0001937993,NASDAQ
JUNS,"JUPITER NEUROSCIENCES, INC.",0001679628,NASDAQ
REVB,"REVELATION BIOSCIENCES, INC.",0001810560,NASDAQ
GBR,"New Concept Energy, Inc.",0000105744,NYSE
BKYI,BIO KEY INTERNATIONAL INC,0001019034,NASDAQ
MBIO,"MUSTANG BIO, INC.",0001680048,NASDAQ
RDHL,RedHill Biopharma Ltd.,0001553846,NASDAQ
CVSI,"CV Sciences, Inc.",0001510964,OTC
PAVS,Paranovus Entertainment Technology Ltd.,0001751876,NASDAQ
TCRT,"Alaunos Therapeutics, Inc.",0001107421,NASDAQ
LVRLF,CordovaCann Corp.,0001168981,OTC
CTNT,CHEETAH NET SUPPLY CHAIN SERVICE INC.,0001951667,NASDAQ
TOPP,Toppoint Holdings Inc.,0001960847,NYSE
ELAB,PMGC Holdings Inc.,0001840563,NASDAQ
VIVS,"VivoSim Labs, INC.",0001497253,NASDAQ
EJH,E-Home Household Service Holdings Ltd,0001769768,NASDAQ
DEFG,Grayscale Decentralized Finance (DeFi) Fund LLC,0001874907,OTC
EGMCF,EMERGENT METALS CORP.,0001199392,OTC
IONI,I-ON Digital Corp.,0001580490,OTC
TNON,"Tenon Medical, Inc.",0001560293,NASDAQ
CPOP,"Pop Culture Group Co., Ltd",0001807389,NASDAQ
CSAI,"CLOUDASTRUCTURE, INC.",0001709628,NASDAQ
RHEP,"REGIONAL HEALTH PROPERTIES, INC",0001004724,OTC
ISPC,iSpecimen Inc.,0001558569,NASDAQ
CAPS,Capstone Holding Corp.,0000887151,NASDAQ
SILO,"Silo Pharma, Inc.",0001514183,NASDAQ
MITI,"Mitesco, Inc.",0000802257,OTC
NIOMF,First American Uranium Inc.,0001937453,OTC
FMFC,Kandal M Venture Ltd,0002024656,NASDAQ
SPST,Superstar Platforms Inc.,0001192323,OTC
HNOI,"HNO International, Inc.",0001342916,OTC
BRTX,"BioRestorative Therapies, Inc.",0001505497,NASDAQ
EMMA,"Emmaus Life Sciences, Inc.",0000822370,OTC
INLF,INLIF Ltd,0001991592,NASDAQ
VVOS,"Vivos Therapeutics, Inc.",0001716166,NASDAQ
HGTXU,HUGOTON ROYALTY TRUST,0000862022,OTC
NCPL,Netcapital Inc.,0001414767,NASDAQ
IVDA,"Iveda Solutions, Inc.",0001397183,NASDAQ
OMH,Ohmyhome Ltd,0001944902,NASDAQ
BUDZ,"WEED, INC.",0001393772,OTC
CUEN,Cuentas Inc.,0001424657,OTC
SXTC,"China SXT Pharmaceuticals, Inc.",0001723980,NASDAQ
CYAN,CYANOTECH CORP,0000768408,OTC
PARA,"Banzai International, Inc.",0001826011,NASDAQ
HGYN,HONG YUAN HOLDING GROUP,0001324759,OTC
PUBC,Purebase Corp,0001575858,OTC
IWSH,"Wright Investors Service Holdings, Inc.",0001279715,OTC
CPCPF,CopperCorp Resources Inc.,0001868050,OTC
RETO,"ReTo Eco-Solutions, Inc.",0001687277,NASDAQ
KCRD,"Kindcard, Inc.",0001696025,OTC
EHGO,EShallGo Inc.,0001879754,NASDAQ
ONAR,Onar Holding Corp,0001682265,OTC
VNTXF,VANTA HOLDINGS INC.,0001754180,OTC
SYGCF,Sylla Gold Corp.,0001917817,OTC
QWTR,"Quest Water Global, Inc.",0001487091,OTC
TGNT,"Totaligent, Inc.",0000846377,OTC
KTEL,"KonaTel, Inc.",0000845819,OTC
PGOL,PATRIOT GOLD CORP,0001080448,OTC
VIIQ,VisitIQ Corp.,0001470129,OTC
FEED,"ENvue Medical, Inc.",0001326706,NASDAQ
CDT,CDT Equity Inc.,0001896212,NASDAQ
APVO,Aptevo Therapeutics Inc.,0001671584,NASDAQ
ADMT,"ADM TRONICS UNLIMITED, INC.",0000849401,OTC
ONCO,"Onconetix, Inc.",0001782107,NASDAQ
MKZR,"MacKenzie Realty Capital, Inc.",0001550913,NASDAQ
LXEH,Lixiang Education Holding Co. Ltd.,0001814067,NASDAQ
SRCO,"SPARTA COMMERCIAL SERVICES, INC.",0000318299,OTC
GWAV,"Greenwave Technology Solutions, Inc.",0001589149,NASDAQ
ICON,Icon Energy Corp,0001995574,NASDAQ
APUS,"Apimeds Pharmaceuticals US, Inc.",0001894525,NYSE
PLTYF,"Plastec Technologies, Ltd.",0001433309,OTC
DAIC,"CID Holdco, Inc.",0002033770,NASDAQ
AGMH,"AGM GROUP HOLDINGS, INC.",0001705402,NASDAQ
SXTP,"60 DEGREES PHARMACEUTICALS, INC.",0001946563,NASDAQ
CLDI,"Calidi Biotherapeutics, Inc.",0001855485,NYSE
XAIR,"Beyond Air, Inc.",0001641631,NASDAQ
DBGI,"Digital Brands Group, Inc.",0001668010,NASDAQ
CNFN,CFN Enterprises Inc.,0001352952,OTC
CRUCF,Colibri Resource Corp,0001734427,OTC
RMSL,RemSleep Holdings Inc.,0001412126,OTC
SSM,Sono Group N.V.,0001840416,NASDAQ
PRFX,PRF Technologies Ltd.,0001801834,NASDAQ
OCG,Oriental Culture Holding LTD,0001776067,NASDAQ
CHR,"Cheer Holding, Inc.",0001738758,NASDAQ
ARTL,"ARTELO BIOSCIENCES, INC.",0001621221,NASDAQ
CETI,"Cyber Enviro-Tech, Inc.",0001935092,OTC
HTCR,"HeartCore Enterprises, Inc.",0001892322,NASDAQ
CTTH,"CTT PHARMACEUTICAL HOLDINGS, INC.",0001035422,OTC
RDGT,Ridgetech Inc.,0001856084,NASDAQ
MFON,MOBIVITY HOLDINGS CORP.,0001447380,OTC
SPRC,SciSparc Ltd.,0001611746,NASDAQ
CRIS,CURIS INC,0001108205,NASDAQ
FLYE,"Fly-E Group, Inc.",0001975940,NASDAQ
LBSR,LIBERTY STAR URANIUM & METALS CORP.,0001172178,OTC
CMBMF,Cambium Networks Corp,0001738177,OTC
KIDZ,KIDZ AI Inc.,0002022308,NASDAQ
MAGE,MAGELLAN COPPER & GOLD Corp,0001515317,OTC
ISCO,International Stem Cell CORP,0001355790,OTC
CASIF,"CASI Pharmaceuticals, Inc.",0001962738,OTC
EDBL,Edible Garden AG Inc,0001809750,NASDAQ
ATMH,"ALL THINGS MOBILE ANALYTIC, INC.",0001484674,OTC
GNPX,"Genprex, Inc.",0001595248,NASDAQ
NXGL,"NEXGEL, INC.",0001468929,NASDAQ
CIIT,"Tianci International, Inc.",0001557798,NASDAQ
IZM,ICZOOM Group Inc.,0001854572,NASDAQ
JEM,707 Cayman Holdings Ltd.,0002018222,NASDAQ
KWIK,"KwikClick, Inc.",0001884164,OTC
BIXT,"BIOXYTRAN, INC",0001445815,OTC
MTNB,"Matinas BioPharma Holdings, Inc.",0001582554,NYSE
MEDS,"DataMeds AI, Inc.",0002030763,NASDAQ
ITP,"IT TECH PACKAGING, INC.",0001358190,NYSE
RUBI,Rubico Inc.,0001943421,NASDAQ
PPBT,PURPLE BIOTECH LTD.,0001614744,NASDAQ
ACUT,Accustem Sciences Inc.,0001850767,OTC
PIAC,PRINCETON CAPITAL CORP,0000845385,OTC
ELPW,Elong Power Holding Ltd.,0002015691,NASDAQ
WETO,Wetour Robotics Ltd,0001941158,NASDAQ
PW,Power REIT,0001532619,NYSE
IPST,"IP STRATEGY HOLDINGS, INC.",0001788230,NASDAQ
OVTZ,OCULUS INC.,0001107280,OTC
STKH,Steakholder Foods Ltd.,0001828098,NASDAQ
FMHS,"FARMHOUSE, INC. /NV",0001811999,OTC
VSME,VS MEDIA Holdings Ltd,0001951294,NASDAQ
KRFG,"King Resources, Inc.",0000774415,OTC
GVH,Globavend Holdings Ltd,0001978527,NASDAQ
ALDA,ATLANTICA INC,0001062506,OTC
IVF,"INVO Fertility, Inc.",0001417926,NASDAQ
NUWE,"Nuwellis, Inc.",0001506492,NASDAQ
GTCH,GBT Technologies Inc.,0001471781,OTC
CHSN,Chanson International Holding,0001825349,NASDAQ
VYST,Vystar Corp,0001308027,OTC
LUVU,"Luvu Brands, Inc.",0001374567,OTC
ATPC,Agape ATP Corp,0001713210,NASDAQ
BCAB,"BioAtla, Inc.",0001826892,OTC
CBIH,"Cannabis Bioscience International Holdings, Inc.",0001411057,OTC
NXTS,Nexentis Technologies Inc.,0001789192,NASDAQ
RAYA,Erayak Power Solution Group Inc.,0001825875,NASDAQ
NIVF,NewGenIvf Group Ltd,0001981662,NASDAQ
EZRA,"Reliance Global Group, Inc.",0001812727,NASDAQ
CHGA,Change Agents Corporation.,0001630212,NASDAQ
SOBR,"SOBR Safe, Inc.",0001425627,NASDAQ
TOGI,"TurnOnGreen, Inc.",0001349706,OTC
GSUN,Golden Sun Technology Group Ltd.,0001826376,NASDAQ
VYCO,VYCOR MEDICAL INC,0001424768,OTC
OGEN,ORAGENICS INC,0001174940,NYSE
MMEX,MMEX Resources Corp,0001440799,OTC
REOS,ReoStar Energy CORP,0001335288,OTC
VRAX,Virax Biolabs Group Ltd,0001885827,NASDAQ
SSEBF,SILVER SPRUCE RESOURCES INC.,0001771039,OTC
HUBC,Hub Cyber Security Ltd.,0001905660,NASDAQ
GNLN,"Greenlane Holdings, Inc.",0001743745,NASDAQ
DOGP,"Dogecoin Cash, Inc.",0001360442,OTC
SDST,Stardust Power Inc.,0001831979,NASDAQ
KSEZ,Kinetic Seas Inc.,0001945619,OTC
PPCB,"Propanc Biopharma, Inc.",0001517681,NASDAQ
VIVK,"Vivakor, Inc.",0001450704,NASDAQ
ONFO,"Onfolio Holdings, Inc",0001825452,NASDAQ
SRKZF,SKY GOLD CORP.,0001723455,OTC
FBCD,"FBC Holding, Inc.",0001370816,OTC
GCTK,"Glucotrack, Inc.",0001506983,NASDAQ
SHPH,"Shuttle Pharmaceuticals Holdings, Inc.",0001757499,NASDAQ
VBIO,"Valion Bio, Inc.",0001787740,NASDAQ
ATXI,"AVENUE THERAPEUTICS, INC.",0001644963,OTC
AGNPF,Grey Matters Health Inc.,0001642178,OTC
MDLK,ModuLink Inc.,0001611046,OTC
SQFT,"Presidio Property Trust, Inc.",0001080657,NASDAQ
ABVEF,Above Food Ingredients Inc.,0001979484,OTC
SHFS,"SHF Holdings, Inc.",0001854963,NASDAQ
NUMD,"Nu-Med Plus, Inc.",0001543637,OTC
CRCE,"Circle Energy, Inc./NV",0001911467,OTC
SLXN,Silexion Therapeutics Corp,0002022416,NASDAQ
ALTX,ALTEX INDUSTRIES INC,0000775057,OTC
BYAH,"Park Ha Biological Technology Co., Ltd.",0001986247,NASDAQ
PWCM,"POWERCOMPUTE, INC.",0001640384,NASDAQ
ABCFF,ABACUS MINING & EXPLORATION CORP,0001284237,OTC
YBGJ,Yubo International Biotech Ltd,0000895464,OTC
CLRI,"Cleartronic, Inc.",0001362516,OTC
YHC,LQR House Inc.,0001843165,NASDAQ
RNAZ,"Transcode Therapeutics, Inc.",0001829635,NASDAQ
DCOY,Decoy Therapeutics Inc.,0001615219,NASDAQ
CDIX,Cardiff Lexington Corp,0000811222,OTC
BTCY,BIOTRICITY INC.,0001630113,OTC
IPTNF,IMPACT ANALYTICS INC.,0001680513,OTC
EPWKF,EPWK Holdings Ltd.,0001900720,OTC
GPOX,"GPO Plus, Inc.",0001673475,OTC
OIG,Orion180 Insurance Group Inc.,0002124472,OTC
IBG,Innovation Beverage Group Ltd,0001924482,NASDAQ
JZ,Jianzhi Education Technology Group Co Ltd,0001852440,NASDAQ
ARRT,"Artisan Consumer Goods, Inc.",0001530425,OTC
KXIN,Kaixin Holdings,0001713539,NASDAQ
TOFB,TOFUTTI BRANDS INC,0000730349,OTC
JTAI,Jet.AI Inc.,0001861622,NASDAQ
EDVA,"Endovia Health Sciences, Inc.",0001553788,NYSE
MNDR,Mobile-health Network Solutions,0001976695,NASDAQ
WCUFF,World Copper Ltd.,0001902276,OTC
FUST,FUSE GROUP HOLDING INC.,0001636051,OTC
AKAN,AKANDA CORP.,0001888014,NASDAQ
CAPC,"CAPSTONE COMPANIES, INC.",0000814926,OTC
EEGI,"Eline Entertainment Group, Inc.",0001043150,OTC
IPDN,"Professional Diversity Network, Inc.",0001546296,NASDAQ
LINMF,Linear Minerals Corp,0001066130,OTC
LUDG,"LUDWIG ENTERPRISES, INC.",0001960262,OTC
SUGP,SU Group Holdings Ltd,0001969863,NASDAQ
AGSS,"AMERIGUARD SECURITY SERVICES, INC.",0001514443,OTC
IPW,iPower Inc.,0001830072,NASDAQ
PSYCF,Psyched Wellness Ltd.,0001847706,OTC
FDXTF,FENDX TECHNOLOGIES INC.,0001970125,OTC
CYCL,"Cycclone, Inc.",0002077135,OTC
JAGX,"Jaguar Health, Inc.",0001585608,NASDAQ
LNKS,Linkers Industries Ltd,0001972074,NASDAQ
RBNE,Robin Energy Ltd.,0002039060,NASDAQ
PTIX,"Protagenic Therapeutics, Inc.\new",0001022899,OTC
OFAL,OFA Group,0002036307,NASDAQ
ESSI,"ECO SCIENCE SOLUTIONS, INC.",0001490873,OTC
CLDVF,Cloud3 Ventures Inc.,0001971260,OTC
PMAX,Powell Max Ltd,0002012096,NASDAQ
WHLT,CHASE PACKAGING CORP,0001025771,OTC
IMTE,Integrated Media Technology Ltd,0001668438,NASDAQ
BBLG,Bone Biologics Corp,0001419554,NASDAQ
PFSA,"Profusa, Inc.",0001859807,NASDAQ
MSS,Maison Solutions Inc.,0001892292,NASDAQ
LIFD,LFTD PARTNERS INC.,0001391135,OTC
CMND,Clearmind Medicine Inc.,0001892500,NASDAQ
GTLL,GLOBAL TECHNOLOGIES LTD,0000932021,OTC
AITX,Artificial Intelligence Technology Solutions Inc.,0001498148,OTC
OLOX,OLENOX INDUSTRIES INC.,0001023994,NASDAQ
DXF,Eason Technology Ltd,0001499494,NYSE
SNYR,Synergy CHC Corp.,0001562733,NASDAQ
MVNC,Marvion Inc.,0001439264,OTC
NVVE,Nuvve Holding Corp.,0001836875,OTC
MECPF,MUSTANG ENERGY CORP.,0001945166,OTC
ZNB,Zeta Network Group,0001747661,NASDAQ
CPMD,"CANNAPHARMARX, INC.",0001081938,OTC
CNRCF,Canter Resources Corp.,0001996586,OTC
BDRX,Biodexa Pharmaceuticals Plc,0001643918,NASDAQ
XXII,"22nd Century Group, Inc.",0001347858,NASDAQ
OMQS,OMNIQ Corp.,0000278165,OTC
VISM,"VISIUM TECHNOLOGIES, INC.",0001082733,OTC
DRCT,"Direct Digital Holdings, Inc.",0001880613,NASDAQ
SGRX,SANGRIX INC.,0001735556,NASDAQ
WHLR,"Wheeler Real Estate Investment Trust, Inc.",0001527541,NASDAQ
BABYF,Else Nutrition Holdings Inc.,0001807936,OTC
SNBH,SENTIENT BRANDS HOLDINGS INC.,0001358633,OTC
LITSF,LITHOS GROUP LTD.,0001978165,OTC
SLAIY,SOLAI Ltd,0001517496,OTC
EMRH,EMERGING HOLDINGS INC,0001300306,OTC
DPLS,"DarkPulse, Inc.",0000866439,OTC
SMTK,"SmartKem, Inc.",0001817760,NASDAQ
SVUHF,SRIVARU Holding Ltd,0001973368,OTC
NOTE,"FiscalNote Holdings, Inc.",0001823466,OTC
MYSZ,"My Size, Inc.",0001211805,NASDAQ
FCHL,Fitness Champs Holdings Ltd,0002023796,NASDAQ
RMTG,Regenerative Medical Technology Group Inc.,0001760026,OTC
GIPR,"GENERATION INCOME PROPERTIES, INC.",0001651721,NASDAQ
SCDA,"B-Scada, Inc.",0001341878,OTC
AVPMF,AVRUPA MINERALS LTD.,0001445467,OTC
ABPO,"Abpro Holdings, Inc.",0001893219,OTC
IPSI,"Innovative Payment Solutions, Inc.",0001591913,OTC
TRUG,"TruGolf Holdings, Inc.",0001857086,NASDAQ
CBDL,CBD Life Sciences Inc.,0001776073,OTC
SCNI,Scinai Immunotherapeutics Ltd.,0001611747,NASDAQ
AMZE,"AMAZE HOLDINGS, INC.",0001880343,NYSE
ALUR,"ALLURION TECHNOLOGIES, INC.",0001964979,OTC
FUNI,"Hypha Labs, Inc.",0001502966,OTC
VCIG,VCI Global Ltd,0001930510,NASDAQ
SNRG,SusGlobal Energy Corp.,0001652539,OTC
EMBYF,Nexera Energy Inc.,0001487615,OTC
GENN,Genneia S.A.,0001745621,OTC
ASFT,"Appsoft Technologies, Inc.",0001651992,OTC
AEMD,AETHLON MEDICAL INC,0000882291,NASDAQ
ESMC,ESCALON MEDICAL CORP,0000862668,OTC
EARI,"ENTERTAINMENT ARTS RESEARCH, INC.",0001083468,OTC
ASNS,ACTELIS NETWORKS INC,0001141284,OTC
VHAI,Vocodia Holdings Corp,0001880431,OTC
SKVI,"SKINVISIBLE, INC.",0001085277,OTC
QPRC,QUEST PATENT RESEARCH CORP,0000824416,OTC
ALLN,Allarity Acquisition Corp.,0002141983,OTC
IMCC,IM Cannabis Corp.,0001792030,NASDAQ
SATT,SATIVUS TECH CORP.,0001661600,OTC
YMT,Yimutian Inc.,0001991605,NASDAQ
LGMK,"LogicMark, Inc.",0001566826,OTC
BMTM,"Bright Mountain Media, Inc.",0001568385,OTC
RKDA,"Arcadia Biosciences, Inc.",0001469443,NASDAQ
HAO,Haoxi Health Technology Ltd,0001954594,NASDAQ
ODYY,"Odyssey Health, Inc.",0001626644,OTC
EVFM,"Evofem Biosciences, Inc.",0001618835,OTC
NATNF,Nation Gold Corp.,0002096533,OTC
PTOS,"P2 Solar, Inc.",0001172069,OTC
BJDX,"Bluejay Diagnostics, Inc.",0001704287,NASDAQ
BNBX,BNB PLUS CORP.,0000744452,OTC
HSTA,Hestia Insight Inc.,0001813603,OTC
GTIC,"Greentech Innovations, Inc.",0001584480,OTC
BRVO,Bravo Multinational Inc.,0001444839,OTC
FECOF,FEC Resources Inc.,0000849997,OTC
CONC,CONECTISYS CORP,0000790273,OTC
HIGR,Hi-Great Group Holding Co,0001807616,OTC
ZICX,Zicix Corp,0001465311,OTC
NEXR,Nexera Technologies Ltd,0001885408,NASDAQ
PREM,Premier Air Charter Holdings Inc.,0001570937,OTC
MNTR,"Mentor Capital, Inc.",0001599117,OTC
VSEE,"VSEE HEALTH, INC.",0001864531,OTC
MRPT,MACREPORT NET INC,0001143994,OTC
ZVSA,"ZyVersa Therapeutics, Inc.",0001859007,OTC
AGTX,Agentix Corp.,0001603345,OTC
NAFS,"Havana Roasters Coffee Companies, Inc.",0001409253,OTC
CERO,"CERO THERAPEUTICS HOLDINGS, INC.",0001870404,OTC
DBMM,"Digital Brand Media & Marketing Group, Inc.",0001127475,OTC
FMTOF,Femto Technologies Inc.,0001888151,OTC
GNTOF,GENTOR RESOURCES INC.,0001346917,OTC
AIBT,"AIBOTICS, INC.",0001763329,OTC
LNTO,LELANTOS HOLDINGS INC.,0002006925,OTC
DDDX,"3DX Industries, Inc.",0001453122,OTC
PNYG,Pony Group Inc.,0001784058,OTC
AERA,AI Era Corp.,0001605331,OTC
QSJC,"TANCHENG GROUP CO., LTD.",0001753391,OTC
NPHC,NUTRA PHARMA CORP,0001119643,OTC
WTER,ALKALINE WATER Co INC,0001532390,OTC
SBIG,"SpringBig Holdings, Inc.",0001801602,OTC
SKYI,"Sky Century Investment, Inc.",0001555017,OTC
NIHK,"Video River Networks, Inc.",0001084475,OTC
CBDY,Target Group Inc.,0001586554,OTC
ZCAR,"Zoomcar Holdings, Inc.",0001854275,OTC
INKW,"Greene Concepts, Inc",0001585380,OTC
DTCKF,DAVIS COMMODITIES Ltd,0001949478,OTC
QIND,Quality Industrial Corp.,0001393781,OTC
VTAK,"Catheter Precision, Inc.",0001716621,NYSE
ENRT,Enertopia Corp.,0001346022,OTC
SETO,SETO HOLDINGS INC,0000794998,OTC
CPMV,Mosaic ImmunoEngineering Inc.,0000836564,OTC
CBMJ,"CONSERVATIVE BROADCAST MEDIA & PUBLISHING, INC.",0001452583,OTC
RCON,"Recon Technology, Ltd",0001442620,NASDAQ
TLSS,"Transportation & Logistics Systems, Inc.",0001463208,OTC
JZXN,"Jiuzi Holdings, Inc.",0001816172,NASDAQ
BIOM,"BIOMOLECULAR LIFE HOLDINGS, INC.",0001091326,OTC
GMER,"GOOD GAMING, INC.",0001454742,OTC
TAAG,"Awareness Group, Inc.",0001386044,OTC
GGLXF,GGL RESOURCES CORP.,0000800523,OTC
GFMH,Goliath Film & Media Holdings,0000820771,OTC
FRGT,"Freight Technologies, Inc.",0001687542,NASDAQ
JFIL,"Jubilant Flame International, Ltd",0001517389,OTC
CREG,Smart Powerr Corp.,0000721693,OTC
NSTM,NovelStem International Corp.,0000912544,OTC
MDCE,Medical Care Technologies Inc.,0001404593,OTC
NMHI,Nature's Miracle Holding Inc.,0001947861,OTC
MI,NFT Ltd,0001958713,NYSE
NRHI,"Natural Resource Holdings, Inc.",0001680689,OTC
TSEOQ,Trinseo PLC,0001519061,OTC
SLDC,"Solidus Communications, Inc.",0001427644,OTC
XAGE,"Longevity Health Holdings, Inc.",0001842939,OTC
WAST,WASTE ENERGY CORP.,0001515139,OTC
PTCO,PetroGas Co,0001609258,OTC
VERTF,Vertiqal Studios Corp.,0001178526,OTC
AYRWF,Ayr Wellness Inc.,0001847462,OTC
KAVL,"Kaival Brands Innovations Group, Inc.",0001762239,OTC
GMEX,GMEX Robotics Corp,0001928581,NASDAQ
TRWD,Tradewinds Universal,0001916558,OTC
ECPL,ECOPLUS INC,0001356914,OTC
LGHL,Lion Group Holding Ltd,0001806524,NASDAQ
CYTOF,Altamira Therapeutics Ltd.,0001601936,OTC
CISS,C3is Inc.,0001951067,NASDAQ
BFCH,"UNLOCKD, Inc.",0001395005,OTC
HGAS,Global Gas Corp,0001817232,OTC
GCAN,"TRAFALGAR INTERNATIONAL, INC.",0001695473,OTC
AIXI,Xiao-I Corp,0001935172,NASDAQ
CSUI,CANNABIS SUISSE CORP.,0001680132,OTC
ITOX,"IIOT-OXYS, Inc.",0001290658,OTC
GREH,Green Rain Energy Holdings Inc.,0001084937,OTC
VIVC,VIVIC CORP.,0001703073,OTC
UOKAF,MDJM LTD,0001741534,OTC
ORISF,ORIENTAL RISE HOLDINGS Ltd,0001964664,OTC
WORX,SCWorx Corp.,0001674227,OTC
STEK,Stemtech Corp,0001511820,OTC
DGTEF,Eat & Beyond Global Holdings Inc.,0001978151,OTC
CWPE,CW Petroleum Corp,0001741220,OTC
REEAF,REE Automotive Ltd.,0001843588,OTC
MEHA,Functional Brands Inc.,0001837254,OTC
FYNN,Fyntechnical Innovations Inc,0001497230,OTC
FCHS,"First Choice Healthcare Solutions, Inc.",0001416876,OTC
CBDW,1606 CORP.,0001877461,OTC
MTLK,METALINK LTD,0001098462,OTC
BZYR,BURZYNSKI RESEARCH INSTITUTE INC,0000724445,OTC
OCEA,"Ocean Biomedical, Inc.",0001869974,OTC
GRVE,GROOVE BOTANICALS INC.,0000918573,OTC
AOXY,ADVANCED OXYGEN TECHNOLOGIES INC,0000352991,OTC
OMTK,Omnitek Engineering Corp,0001404804,OTC
BHATF,Blue Hat Interactive Entertainment Technology,0001759136,OTC
PTPI,"Petros Pharmaceuticals, Inc.",0001815903,OTC
GRXXF,Critical Reagent Processing Corp.,0001823126,OTC
GLG,GLGHK Ltd,0002119287,OTC
PRPH,"ProPhase Labs, Inc.",0000868278,OTC
RBOT,Vicarious Surgical Inc.,0001812173,OTC
CIRX,CIRTRAN CORP,0000813716,OTC
SPOWF,Strata Power Corp,0001227282,OTC
GRPS,"Trans American Aquaculture, Inc",0001990446,OTC
GPLB,Green Planet Bio Engineering Co. Ltd.,0001392449,OTC
BSFC,Blue Star Foods Corp.,0001730773,OTC
LEEN,"Leopard Energy, Inc.",0001230524,OTC
RGBP,Regen BioPharma Inc,0001589150,OTC
FOXO,FOXO TECHNOLOGIES INC.,0001812360,OTC
BOTY,"LINGERIE FIGHTING CHAMPIONSHIPS, INC.",0001407704,OTC
CNBX,CNBX Pharmaceuticals Inc.,0001343009,OTC
RAKR,Rainmaker Worldwide Inc.,0001872292,OTC
GBUX,"GIVBUX, INC.",0001169138,OTC
ATDS,"Data443 Risk Mitigation, Inc.",0001068689,OTC
WNLV,Winvest Group Ltd,0001558740,OTC
BBLR,Bubblr Inc.,0001873722,OTC
AVCRF,Avricore Health Inc.,0001355736,OTC
CMLS,CUMULUS MEDIA INC,0001058623,OTC
NNAX,New Momentum Corp.,0001132509,OTC
PKTX,"ProtoKinetix, Inc.",0001128189,OTC
GVHGF,Visionary Holdings Inc.,0001892274,OTC
KAYS,"Kaya Holdings, Inc.",0001530746,OTC
GRLF,GREEN LEAF INNOVATIONS INC,0000915661,OTC
FGL,Founder Group Ltd,0001989930,NASDAQ
PCGC,"HYDRO POWER TECHNOLOGIES, INC.",0001365359,OTC
SVVC,"Firsthand Technology Value Fund, Inc.",0001495584,OTC
HWNI,"HIGH WIRE NETWORKS, INC.",0001413891,OTC
KUBR,Kuber Resources Corp,0001081834,OTC
ALCE,Aedis Energy Inc.,0001883984,OTC
OZSC,"OZOP ENERGY SOLUTIONS, INC.",0001679817,OTC
LBGJ,Li Bang International Corp Inc.,0001896425,NASDAQ
YYAI,AIRWA INC.,0001674440,NASDAQ
BINI,"BOLLINGER INNOVATIONS, INC.",0001499961,OTC
PNXP,PINEAPPLE EXPRESS CANNABIS Co,0001710495,OTC
PEVM,PHOENIX MOTOR INC.,0001879848,OTC
RTCJF,Baijiayun Group Ltd,0001381074,OTC
OWPC,"One World Products, Inc.",0001622244,OTC
MGN,Megan Holdings Ltd.,0001995075,NASDAQ
NYMXF,NYMOX PHARMACEUTICAL CORP,0001018735,OTC
BSPK,"Bespoke Extracts, Inc.",0001409197,OTC
BDPT,"BIOADAPTIVES, INC.",0001575142,OTC
MGAM,"Mobile Global Esports, Inc.",0001886362,OTC
AVNI,ARVANA INC,0001113313,OTC
BMPA,"BMP AI Technologies, Inc.",0001130781,OTC
MCOM,micromobility.com Inc.,0001788841,OTC
TIRXF,TIAN RUIXIANG HOLDINGS LTD,0001782941,OTC
IOBTQ,"IO Biotech, Inc.",0001865494,OTC
WINT,WINDTREE THERAPEUTICS INC /DE/,0000946486,OTC
USAM,ARES STRATEGIC MINING INC.,0001804792,OTC
TWNPQ,Twin Hospitality Group Inc.,0002011954,OTC
CLOW,"Cloudweb, Inc.",0001619227,OTC
AMBIQ,Ambipar Emergency Response,0001937441,OTC
VSTD,Vestand Inc.,0001898604,OTC
SELXF,Semilux International Ltd.,0001990950,OTC
SOPAQ,SOCIETY PASS INCORPORATED.,0001817511,OTC
TMGI,"Transglobal Management Group, Inc.",0001434601,OTC
LIPO,LIPELLA PHARMACEUTICALS INC.,0001347242,OTC
ADNH,"ADVENT TECHNOLOGIES HOLDINGS, INC.",0001744494,OTC
STAI,ScanTech AI Systems Inc.,0001994624,OTC
MAXNQ,"Maxeon Solar Technologies, Ltd.",0001796898,OTC
MSPR,"MSP Recovery, Inc.",0001802450,OTC
STRG,"STARGUIDE GROUP, INC.",0001803096,OTC
WLGSF,"WANG & LEE GROUP, Inc.",0001899658,OTC
EAI,"ENTERGY ARKANSAS, LLC",0000007323,NYSE
BDL,FLANIGANS ENTERPRISES INC,0000012040,NYSE
AILIH,Ameren Illinois Co,0000018654,OTC
CET,CENTRAL SECURITIES CORP,0000018748,NYSE
CMC,COMMERCIAL METALS Co,0000022444,NYSE
DCI,DONALDSON Co INC,0000029644,NYSE
EBF,"ENNIS, INC.",0000033002,NYSE
ESP,ESPEY MFG & ELECTRONICS CORP,0000033533,NYSE
GPJA,GEORGIA POWER CO,0000041091,NYSE
IMO,IMPERIAL OIL LTD,0000049938,NYSE
MCY,MERCURY GENERAL CORP,0000064996,NYSE
MSB,MESABI TRUST,0000065172,NYSE
MXC,MEXCO ENERGY CORP,0000066418,NYSE
EMP,"ENTERGY MISSISSIPPI, LLC",0000066901,NYSE
NRUC,NATIONAL RURAL UTILITIES COOPERATIVE FINANCE CORP /DC/,0000070502,NYSE
ENJ,"ENTERGY NEW ORLEANS, LLC",0000071508,NYSE
NL,"NLI HOLDINGS, INC.",0000072162,NYSE
ODC,Oil-Dri Corp of America,0000074046,NYSE
PHI,PLDT Inc.,0000078150,NYSE
IHT,INNSUITES HOSPITALITY TRUST,0000082473,NYSE
SIF,SIFCO INDUSTRIES INC,0000090168,NYSE
SOR,SOURCE CAPITAL /DE/,0000091847,NYSE
UELMO,UNION ELECTRIC CO,0000100826,OTC
UUU,"UNIVERSAL SAFETY PRODUCTS, INC.",0000102109,NYSE
WMK,WEIS MARKETS INC,0000105418,NYSE
CMS-PB,CONSUMERS ENERGY CO,0000201533,NYSE
ITT,ITT INC.,0000216228,NYSE
SJT,SAN JUAN BASIN ROYALTY TRUST,0000319655,NYSE
RGS,REGIS CORP,0000716643,NASDAQ
TRT,TRIO-TECH INTERNATIONAL,0000732026,NYSE
JHI,JOHN HANCOCK INVESTORS TRUST,0000759828,NYSE
DSS,"DSS, INC.",0000771999,NYSE
VGZ,VISTA GOLD CORP,0000783324,NYSE
LGVT,"Longevity Diversified Holdings, Inc.",0000787496,OTC
USA,LIBERTY ALL STAR EQUITY FUND,0000799195,NYSE
HQH,abrdn Healthcare Investors,0000805267,NYSE
CIK,"CREDIT SUISSE ASSET MANAGEMENT INCOME FUND, INC.",0000810766,NYSE
MGF,ABERDEEN GOVERNMENT MARKETS INCOME FUND,0000811922,NYSE
RDGA,RIDGEFIELD ACQUISITION CORP,0000812152,OTC
NNY,NUVEEN NEW YORK MUNICIPAL VALUE FUND,0000818850,NYSE
NCA,NUVEEN CALIFORNIA MUNICIPAL VALUE FUND,0000818851,NYSE
CHSCP,CHS INC,0000823277,NASDAQ
MIN,ABERDEEN INTERMEDIATE INCOME FUND,0000826735,NYSE
PPT,FRANKLIN PREMIER INCOME TRUST,0000827773,NYSE
NMI,NUVEEN MUNICIPAL INCOME FUND INC,0000830271,NYSE
FT,FRANKLIN UNIVERSAL TRUST,0000833040,NYSE
WDS,WOODSIDE ENERGY GROUP LTD,0000844551,NYSE
VLT,Invesco High Income Trust II,0000846671,NYSE
PDT,JOHN HANCOCK PREMIUM DIVIDEND FUND,0000855886,NYSE
JOF,JAPAN SMALLER CAPITALIZATION FUND INC,0000859796,NYSE
CEE,"CENTRAL & EASTERN EUROPE FUND, INC.",0000860489,NYSE
AZO,AUTOZONE INC,0000866787,NYSE
VKQ,Invesco Municipal Trust,0000877463,NYSE
PFO,Flaherty & Crumrine PREFERRED & INCOME OPPORTUNITY FUND INC,0000882071,NYSE
MYI,"BLACKROCK MUNIYIELD QUALITY FUND III, INC.",0000883412,NYSE
NXP,NUVEEN SELECT TAX FREE INCOME PORTFOLIO,0000883618,NYSE
HQL,abrdn Life Sciences Investors,0000884121,NYSE
VMO,Invesco Municipal Opportunity Trust,0000884152,NYSE
SPY,SPDR S&P 500 ETF TRUST,0000884394,NYSE
IQI,Invesco Quality Municipal Income Trust,0000885125,NYSE
FC,FRANKLIN COVEY CO,0000886206,NYSE
CCU,UNITED BREWERIES CO INC,0000888746,NYSE
BLX,"BLADEX, INC.",0000890541,NYSE
NAZ,NUVEEN ARIZONA QUALITY MUNICIPAL INCOME FUND,0000892992,NYSE
VPV,Invesco Pennsylvania Value Municipal Income Trust,0000895528,NYSE
NMT,NUVEEN MASSACHUSETTS QUALITY MUNICIPAL INCOME FUND,0000897419,NYSE
PMO,FRANKLIN MUNICIPAL OPPORTUNITIES TRUST,0000900422,NYSE
HIO,WESTERN ASSET HIGH INCOME OPPORTUNITY FUND INC.,0000910068,NYSE
KOF,COCA COLA FEMSA SAB DE CV,0000910631,NYSE
HNAMY,HANA MICROELECTRONICS PUBLIC CO LTD /ADR/,0000918658,OTC
RCG,"RENN Fund, Inc.",0000919567,NYSE
DIT,AMCON DISTRIBUTING CO,0000928465,NYSE
VRMK,ERP OPERATING LTD PARTNERSHIP,0000931182,OTC
TEO,TELECOM ARGENTINA SA,0000932470,NYSE
CYD,CHINA YUCHAI INTERNATIONAL LTD,0000932695,NYSE
MDY,SPDR S&P MIDCAP 400 ETF TRUST,0000936958,NYSE
ICL,ICL Group Ltd.,0000941221,NYSE
MSM,MSC INDUSTRIAL DIRECT CO INC,0001003078,NYSE
IDT,IDT CORP,0001005731,NYSE
IVHI,"Invech Holdings, Inc.",0001009919,OTC
DRD,DRDGOLD LTD,0001023512,NYSE
MHD,"BLACKROCK MUNIHOLDINGS FUND, INC.",0001034665,NYSE
DIA,SPDR DOW JONES INDUSTRIAL AVERAGE ETF TRUST,0001041130,NYSE
TSM,TAIWAN SEMICONDUCTOR MANUFACTURING CO LTD,0001046179,NYSE
LTM,LATAM AIRLINES GROUP S.A.,0001047716,NYSE
MADL,MAN AHL DIVERSIFIED I LP,0001052354,OTC
MUJ,"BLACKROCK MUNIHOLDINGS NEW JERSEY QUALITY FUND, INC.",0001053988,NYSE
DHY,CREDIT SUISSE HIGH YIELD CREDIT FUND,0001061353,NYSE
NAC,Nuveen California Quality Municipal Income Fund,0001074952,NYSE
SVA,SINOVAC BIOTECH LTD,0001084201,NASDAQ
ARL,AMERICAN REALTY INVESTORS INC,0001102238,NYSE
RDUFF,RADIUS GOLD INC.,0001113260,OTC
ASR,SOUTHEAST AIRPORT GROUP,0001123452,NYSE
XSIAX,VOYA CREDIT INCOME FUND,0001124959,OTC
THM,INTERNATIONAL TOWER HILL MINES LTD,0001134115,NYSE
PCQ,PIMCO CALIFORNIA MUNICIPAL INCOME FUND,0001140411,NYSE
JRS,NUVEEN REAL ESTATE INCOME FUND,0001158289,NYSE
BHK,BLACKROCK CORE BOND TRUST,0001160864,NYSE
AFB,ALLIANCEBERNSTEIN NATIONAL MUNICIPAL INCOME FUND,0001162027,NYSE
SDSYA,SOUTH DAKOTA SOYBEAN PROCESSORS LLC,0001163609,OTC
WEA,WESTERN ASSET PREMIER BOND FUND,0001163792,NYSE
BHV,BLACKROCK VIRGINIA MUNICIPAL BOND TRUST,0001169034,NYSE
PML,PIMCO MUNICIPAL INCOME FUND II,0001170299,NYSE
NRP,NATURAL RESOURCE PARTNERS LP,0001171486,NYSE
AEBMY,ANADOLU EFES BIRACILIK VE MALT SANAYI A S/ADR,0001174511,OTC
HPI,JOHN HANCOCK PREFERRED INCOME FUND,0001176199,NYSE
SNX,TD SYNNEX CORP,0001177394,NYSE
NBH,NEUBERGER MUNICIPAL FUND INC.,0001178839,NYSE
SPCX,SPACE EXPLORATION TECHNOLOGIES CORP,0001181412,NASDAQ
NCV,Virtus Convertible & Income Fund,0001214935,NYSE
AVK,ADVENT CONVERTIBLE & INCOME FUND,0001219120,NYSE
GLD,SPDR GOLD TRUST,0001222333,NYSE
EVV,Eaton Vance Ltd Duration Income Fund,0001222922,NYSE
JQC,Nuveen Credit Strategies Income Fund,0001227476,NYSE
EMD,WESTERN ASSET EMERGING MARKETS DEBT FUND INC.,0001227862,NYSE
FTF,FRANKLIN LTD DURATION INCOME TRUST,0001233087,NYSE
FRA,"BLACKROCK FLOATING RATE INCOME STRATEGIES FUND, INC.",0001259708,NYSE
IPB,MERRILL LYNCH DEPOSITOR INC INDEXPLUS TRUST SERIES 2003-1,0001267332,NYSE
WIW,WESTERN ASSET INFLATION-LINKED OPPORTUNITIES & INCOME FUND,0001267902,NYSE
TYG,TORTOISE ENERGY INFRASTRUCTURE CORP,0001268533,NYSE
UTF,COHEN & STEERS INFRASTRUCTURE FUND INC,0001275617,NYSE
JFR,NUVEEN FLOATING RATE INCOME FUND,0001276533,NYSE
IAU,ISHARES GOLD TRUST,0001278680,NYSE
ERH,ALLSPRING UTILITIES & HIGH INCOME FUND,0001279014,NYSE
FCT,FIRST TRUST SENIOR FLOATING RATE INCOME FUND II,0001282850,OTC
KTN,STRUCTURED PRODUCTS CORP CRED ENHANCE CORTS TR FOR AON CAP A,0001283337,NYSE
KTH,STRUCTURED PRODUCTS CORP CORTS TR FOR PECO ENERGY CAP TR III,0001283464,NYSE
JBK,LEHMAN ABS CORP GOLDMAN SACHS CAP 1 SEC BACKED SER 2004-6,0001284143,NYSE
GJH,STRATS SM TRUST FOR U S CELL CORP SEC SERIES 2004 6,0001286405,NYSE
EVG,Eaton Vance Short Duration Diversified Income Fund,0001287498,NYSE
EFT,Eaton Vance Floating-Rate Income Trust,0001288992,NYSE
GEHDF,Great Eastern Holdings Ltd,0001291313,OTC
PYT,PPLUS Trust Series GSC-2,0001294808,NYSE
GGN,"GAMCO Global Gold, Natural Resources & Income Trust",0001313510,NYSE
BME,BlackRock Health Sciences Trust,0001314966,NYSE
GLQ,Clough Global Equity Fund,0001316463,NYSE
KRYCY,KORYX COPPER INC.,0001318596,OTC
BOE,BlackRock Enhanced Global Dividend Trust,0001320375,NYSE
GAIN,GLADSTONE INVESTMENT CORPORATIONDE,0001321741,NASDAQ
USO,"United States Oil Fund, LP",0001327068,NYSE
DBC,Invesco DB Commodity Index Tracking Fund,0001328237,NYSE
FXE,Invesco CurrencyShares Euro Trust,0001328598,NYSE
SLV,iShares Silver Trust,0001330568,NYSE
GSG,iShares S&P GSCI Commodity-Indexed Trust,0001332174,NYSE
IGA,Voya Global Advantage & Premium Opportunity Fund,0001332943,NYSE
ETY,Eaton Vance Tax-Managed Diversified Equity Income Fund,0001340736,NYSE
GJO,"STRATS SM TRUST FOR WAL-MART STORES, INC. SECURITIES, SERIES 2005-4",0001340909,NYSE
TX,Ternium S.A.,0001342874,NYSE
GJP,"STRATS(SM) TRUST FOR DOMINION RESOURCES, INC. SECURITIES, SERIES 2005-6",0001343491,NYSE
ELC,"ENTERGY LOUISIANA, LLC",0001348952,NYSE
ASTI,"Ascent Solar Technologies, Inc.",0001350102,NASDAQ
GLO,Clough Global Opportunities Fund,0001350869,NYSE
GJR,"STRATS(SM) Trust for Procter & Gamble Securities, Series 2006-1",0001353226,NYSE
FXB,Invesco CurrencyShares British Pound Sterling Trust,0001353611,NYSE
FXC,Invesco CurrencyShares Canadian Dollar Trust,0001353612,NYSE
FXY,Invesco CurrencyShares Japanese Yen Trust,0001353613,NYSE
FXA,Invesco CurrencyShares Australian Dollar Trust,0001353614,NYSE
FXF,Invesco CurrencyShares Swiss Franc Trust,0001353615,NYSE
GJS,"STRATS(SM) Trust for Goldman Sachs Group Securities, Series 2006-2",0001356284,NYSE
GJT,"STRATS(SM) Trust for Allstate Corp Securities, Series 2006-3",0001357660,NYSE
AGD,abrdn Global Dynamic Dividend Fund,0001362481,NYSE
DAC,Danaos Corp,0001369241,NYSE
EDU,New Oriental Education & Technology Group Inc.,0001372920,NYSE
UNG,"United States Natural Gas Fund, LP",0001376227,NYSE
BTZ,BLACKROCK CREDIT ALLOCATION INCOME TRUST,0001379384,NYSE
EXG,Eaton Vance Tax-Managed Global Diversified Equity Income Fund,0001379438,NYSE
DBP,Invesco DB Precious Metals Fund,0001383057,NYSE
DBO,Invesco DB Oil Fund,0001383058,NYSE
DBE,Invesco DB Energy Fund,0001383062,NYSE
DBA,INVESCO DB AGRICULTURE FUND,0001383082,NYSE
DBB,INVESCO DB BASE METALS FUND,0001383084,NYSE
UDN,INVESCO DB US DOLLAR INDEX BEARISH FUND,0001383149,NYSE
UUP,Invesco DB US Dollar Index Bullish Fund,0001383151,NYSE
JCE,Nuveen Core Equity Alpha Fund,0001385763,NYSE
EDD,"Morgan Stanley Emerging Markets Domestic Debt Fund, Inc.",0001388141,NYSE
EDN,EDENOR,0001395213,NYSE
CHW,Calamos Global Dynamic Income Fund,0001396277,NASDAQ
UGA,"United States Gasoline Fund, LP",0001396878,NYSE
OAK-PA,"Brookfield Oaktree Holdings, LLC",0001403528,NYSE
UNL,"United States 12 Month Natural Gas Fund, LP",0001405513,NYSE
USL,"United States 12 Month Oil Fund, LP",0001405528,NYSE
BIPH,Brookfield Infrastructure Partners L.P.,0001406234,NYSE
UAN,"CVR PARTNERS, LP",0001425292,NYSE
ETI-P,"ENTERGY TEXAS, INC.",0001427437,NYSE
GSL,"Global Ship Lease, Inc.",0001430725,NYSE
SIVR,abrdn Silver ETF Trust,0001450922,NYSE
SGOL,abrdn Gold ETF Trust,0001450923,NYSE
EOT,Eaton Vance National Municipal Opportunities Trust,0001454741,NYSE
PALL,abrdn Palladium ETF Trust,0001459862,NYSE
PPLT,abrdn Platinum ETF Trust,0001460235,NYSE
ATLCP,Atlanticus Holdings Corp,0001464343,NASDAQ
PMT,PennyMac Mortgage Investment Trust,0001464423,NYSE
JTGEY,"Citibank,N.A./ADR",0001472033,OTC
GDO,WESTERN ASSET GLOBAL CORPORATE OPPORTUNITY FUND INC.,0001472341,NYSE
BNO,"United States Brent Oil Fund, LP",0001472494,NYSE
NBB,Nuveen Taxable Municipal Income Fund,0001478888,NYSE
USCI,United States Commodity Index Funds Trust,0001479247,NYSE
GLTR,abrdn Precious Metals Basket ETF Trust,0001483386,NYSE
BSL,Blackstone Senior Floating Rate 2027 Term Fund,0001486298,NYSE
NHS,Neuberger High Yield Strategies Fund Inc.,0001487610,NYSE
IHD,Voya Emerging Markets High Dividend Equity Fund,0001496292,NYSE
LND,BrasilAgro - Brazilian Agricultural Real Estate Co,0001499849,NYSE
WNHK,"Winning Catering Group, Inc.",0001503658,OTC
PRBRY,PREMIUM BRANDS HOLDINGS Corp,0001503812,OTC
NGL,NGL Energy Partners LP,0001504461,NYSE
BWG,BrandywineGLOBAL-Global Income Opportunities Fund Inc,0001504545,NYSE
VOC,VOC Energy Trust,0001505413,NYSE
MROSY,Melrose Industries Plc/ADR,0001516535,OTC
EMO,ClearBridge Energy Midstream Opportunity Fund Inc.,0001517518,NYSE
MMD,NYLI MacKay DefinedTerm Muni Opportunities Fund,0001518557,NYSE
MWAI,"MedWellAI, Inc.",0001520118,OTC
BGH,BARINGS GLOBAL SHORT DURATION HIGH YIELD FUND,0001521404,NYSE
DBL,DoubleLine Opportunistic Credit Fund,0001525201,NYSE
DSRNY,DiaSorin SpA/ADR,0001544088,OTC
BPYPP,Brookfield Property Partners L.P.,0001545772,NASDAQ
BGB,Blackstone Strategic Credit 2027 Term Fund,0001546429,NYSE
OUNZ,VanEck Merk Gold ETF,0001546652,NYSE
LDP,"Cohen & Steers Ltd Duration Preferred & Income Fund, Inc.",0001548717,NYSE
MANU,Manchester United plc,0001549107,NYSE
BPRE,Bluerock Private Real Estate Fund,0001551047,NYSE
CPPBY,Central Pattana Public Co Limited/ADR,0001551468,OTC
WYTC,WYTEC INTERNATIONAL INC,0001560143,OTC
EYUBY,Electricity Generating Public Co Limited/ADR,0001562294,OTC
PTMSY,PT MDS Retailing Tbk/ADR,0001575356,OTC
GGZ,Gabelli Global Small & Mid Cap Value Trust,0001585855,NYSE
GBTC,Grayscale Bitcoin Trust ETF,0001588489,NYSE
EOCN,Galmed Pharmaceuticals Ltd.,0001595353,NASDAQ
ODRS,"Outdoor Specialty Products, Inc.",0001610718,OTC
BDRY,Amplify Commodity Trust,0001610940,NYSE
KEN,Kenon Holdings Ltd.,0001611005,NYSE
BST,BlackRock Science & Technology Trust,0001616678,NYSE
GLDM,World Gold Trust,0001618181,NYSE
QSP,Restaurant Brands International Limited Partnership,0001618755,OTC
SRG-PA,Seritage Growth Properties,0001628063,NYSE
PZG,Paramount Gold Nevada Corp.,0001629210,NYSE
YRD,Yiren Digital Ltd.,0001631761,NYSE
GSM,Ferroglobe PLC,0001639877,NASDAQ
BOTX,DATZ WORLD HOLDINGS CORP.,0001643721,OTC
ICR-PA,"InPoint Commercial Real Estate Income, Inc.",0001690012,NYSE
BAR,GraniteShares Gold Trust,0001690437,NYSE
PLTM,GraniteShares Platinum Trust,0001690842,NYSE
ETCG,Grayscale Ethereum Classic Trust (ETC),0001705181,OTC
AAAU,Goldman Sachs Physical Gold ETF,0001708646,CBOE
SYTN,Syntiant Corp.,0001718728,OTC
BITW,Bitwise 10 Crypto Index ETF,0001723788,NYSE
ETHE,Grayscale Ethereum Staking ETF,0001725210,NYSE
GDLC,Grayscale CoinDesk Crypto 5 ETF,0001729997,NYSE
LTCN,Grayscale Litecoin Trust (LTC),0001732406,OTC
BCHG,Grayscale Bitcoin Cash Trust (BCH),0001732409,OTC
HLSQ,BiomX Inc.,0001739174,NYSE
NEPRY,NEPI Rockcastle plc/ADR,0001747570,OTC
HZEN,Grayscale Horizen Trust (ZEN),0001748945,OTC
KRSA,"Korsana Biosciences, Inc.",0001755237,NASDAQ
PDSRX,Principal Real Asset Fund,0001756404,OTC
IAUM,iShares Gold Trust Micro,0001759124,NYSE
GXLM,Grayscale Stellar Lumens Trust (XLM),0001761325,OTC
BITB,Bitwise Bitcoin ETF,0001763415,NYSE
APGH,AleeanPeace Group Holdings Ltd,0001763660,OTC
OBTC,Osprey Bitcoin Trust,0001767057,NASDAQ
BEATW,"HeartBeam, Inc.",0001779372,NASDAQ
SEQC,"SeeQC, Inc.",0001779977,OTC
UVIX,VS Trust,0001793497,CBOE
EAIQ,"FAST CASUAL CONCEPTS, INC.",0001807689,OTC
LUCYW,Innovative Eyewear Inc,0001808377,NASDAQ
VCRDX,Harrison Street Infrastructure Income Fund,0001812286,OTC
WDSP,"World Scan Project, Inc.",0001813744,OTC
RGC,Regencell Bioscience Holdings Ltd,0001829667,NASDAQ
COOLU,Corner Growth Acquisition Corp.,0001829953,OTC
EMI,"Encore Medical, Inc.",0001838003,OTC
HODL,VanEck Bitcoin ETF,0001838028,CBOE
BRRR,CoinShares Bitcoin ETF,0001841175,NASDAQ
ONMDW,OneMedNet Corp,0001849380,NASDAQ
NRDMF,NordX Metals Corp.,0001850269,OTC
BTCW,WisdomTree Bitcoin Fund,0001850391,CBOE
MANA,Grayscale Decentraland Trust (MANA),0001852023,OTC
GLIV,Grayscale Livepeer Trust (LPT),0001852024,OTC
GLNK,Grayscale Chainlink Trust ETF,0001852025,NYSE
GBAT,Grayscale Basic Attention Token Trust (BAT),0001852040,OTC
FBTC,Fidelity Wise Origin Bitcoin Fund,0001852317,CBOE
TSLVF,TIER ONE SILVER INC.,0001852753,OTC
MMTZF,MindMaze Therapeutics Holding SA,0001854078,OTC
ORIB,Orion Bliss Corp.,0001854183,OTC
AIRJW,AirJoule Technologies Corp.,0001855474,NASDAQ
BTCO,Invesco Galaxy Bitcoin ETF,0001855781,CBOE
CBPHF,"Clover Biopharmaceuticals, Ltd.",0001856491,OTC
FGDL,Franklin Templeton Holdings Trust,0001858258,NYSE
GOSC,Giant Oak Acquisition Corp,0001858939,OTC
ETHV,VanEck Ethereum ETF,0001860788,CBOE
ITRE,"IntriEnergy, Inc.",0001861448,OTC
OSOL,Osprey Solana Trust,0001868282,OTC
ARKB,Ark 21Shares Bitcoin ETF,0001869699,CBOE
GLEI,Galaxy Enterprises Inc. /WY/,0001871890,OTC
SWAGW,"Stran & Company, Inc.",0001872525,NASDAQ
CYN,Cyngn Inc.,0001874097,NASDAQ
TCRG,Cannaisseur Group Inc.,0001879270,OTC
EIIA,Eagle Point Institutional Income Fund,0001896036,NYSE
GSOL,Grayscale Solana Staking ETF,0001896677,NYSE
OBNB,Osprey BNB Chain Trust,0001916101,OTC
CYPA,Cyphaira Corp.,0001917993,OTC
MIMDF,MiMedia Holdings Inc.,0001920576,OTC
PGIM,PGIM Private Credit Fund,0001923622,OTC
APTN,"ADAPTIN BIO, INC.",0001938571,OTC
DPU,Top KingWin Ltd,0001938865,NASDAQ
GSMT,Global-Smart.Tech Inc.,0001940243,OTC
MWG,Multi Ways Holdings Ltd,0001941500,NYSE
NNPEF,Ninepoint Energy Fund,0001951593,OTC
TVCN,TV Channels Network Inc.,0001952670,OTC
CRGT,"Cortigent, Inc.",0001958489,OTC
CTWO,COTWO ADVISORS PHYSICAL EUROPEAN CARBON ALLOWANCE TRUST,0001958928,NYSE
MGMYY,MAGNA MINING INC.,0001965615,OTC
NUOX,"NuvOx Therapeutics, Inc.",0001966126,OTC
RCWBY,Rockwool A/S/ADR,0001969729,OTC
TDGGF,TDG Gold Corp.,0001972589,OTC
NXNT,"Nexscient, Inc.",0001976663,OTC
SKUB,Skubbs Holdings Ltd,0001977251,OTC
USDW,MADE IN USA INC.,0001977837,OTC
IBIT,iShares Bitcoin Trust ETF,0001980994,NASDAQ
VTNMF,V Ten Metals Corp.,0001981775,OTC
PBM,PSYENCE BIOMEDICAL LTD.,0001985062,NASDAQ
YFOR,YYForce Inc.,0001985337,NASDAQ
TETH,21Shares Ethereum Staking ETF,0001992508,CBOE
EZBC,Franklin Templeton Digital Holdings Trust,0001992870,CBOE
QETH,Invesco Galaxy Ethereum ETF,0001995569,CBOE
IDIA,Innovative Digital Investors Acquisition Corp.,0001997389,OTC
MRX,Marex Group Ltd,0001997464,NASDAQ
INHI,Unitrend Entertainment Group Ltd,0001997950,OTC
PC,Premium Catering (Holdings) Ltd,0001998056,NASDAQ
JRWP,Jingrui Wang Pu Holdings Group Ltd.,0001998284,OTC
LBRJ,"Libera Gaming Operations, Inc",0001999119,OTC
FETH,Fidelity Ethereum Fund,0002000046,CBOE
KPL,Kepler Group Ltd,0002000208,OTC
ETHA,iShares Ethereum Trust ETF,0002000638,NASDAQ
DHGR,Devonian Health Group Inc.,0002000684,OTC
PSUS,"Pershing Square USA, Ltd.",0002002660,NYSE
ALFUU,Centurion Acquisition Corp.,0002010930,NASDAQ
EZET,Franklin Ethereum Trust,0002011535,CBOE
MOGMF,Mogotes Metals Inc.,0002011589,OTC
SINI,SIERRA INTERNATIONAL NETWORK INC,0002011617,OTC
ETHW,Bitwise Ethereum ETF,0002013744,NYSE
SIMAU,SIM Acquisition Corp. I,0002014982,NASDAQ
BTC,Grayscale Bitcoin Mini Trust ETF,0002015034,NYSE
LPAAU,Launch One Acquisition Corp.,0002015502,NASDAQ
NCT,Intercont (Cayman) Ltd,0002018529,NASDAQ
ETH,Grayscale Ethereum Staking Mini ETF,0002020455,NYSE
CUPPF,Super Copper Corp.,0002021989,OTC
STCK,Grayscale Stacks Trust (STX),0002024996,OTC
GSNR,Grayscale Near Trust (NEAR),0002025000,OTC
NSNFY,"Nissin Foods Holdings Co., Ltd./ADR",0002027166,OTC
SGIHY,"Sugi Holdings Co., Ltd./ADR",0002027330,OTC
CCLV,"C2 Capital Group, Inc.",0002027982,OTC
ENT,"ENTRATA, INC.",0002028464,OTC
VSOL,VanEck Solana ETF,0002028541,NASDAQ
TSOL,21Shares Solana Staking ETF,0002028834,CBOE
TOXR,21Shares XRP ETF,0002028835,CBOE
GTAO,Grayscale Bittensor Trust (TAO),0002029297,OTC
NCIQ,Hashdex Nasdaq CME Crypto Index ETF,0002031069,NASDAQ
MGNO,"Magnolia Bancorp, Inc.",0002033615,OTC
EZPZ,Franklin Crypto Trust,0002033807,CBOE
GSUI,Grayscale Sui Staking ETF,0002034012,NYSE
DDHLY,Digital Domain Holdings Limited/ADR,0002034300,OTC
PBRRY,PT Barito Renewables Energy Tbk/ADR,0002034467,OTC
GAVA,Grayscale Avalanche Staking ETF,0002035053,NASDAQ
SBMW,"Security Midwest Bancorp, Inc.",0002036060,OTC
GXRP,Grayscale XRP Trust ETF,0002037427,NYSE
XDT,Xdata Group,0002038688,OTC
MDDTY,Mandatum Oyj/ADR,0002038958,OTC
DAVI,DAVION HEALTHCARE PLC,0002039072,OTC
XRP,Bitwise XRP ETF,0002039525,NYSE
SOLC,Canary Marinade Solana ETF,0002041869,NASDAQ
KYTFY,Kyoto Financial Group Inc/ADR,0002042187,OTC
OBNK,Osprey BONK Trust,0002042444,OTC
MENW,"Tailored Brands, Inc. / DE",0002045151,OTC
GHRTF,Greenheart Gold Inc.,0002045434,OTC
BSOL,Bitwise Solana Staking ETF,0002045872,NYSE
BLTG,BOUNDLESS GROUP,0002045873,OTC
ALEUY,ALLEGRO.EU SA/ADR,0002046098,OTC
UPX,Uptrend Holdings Ltd,0002046370,OTC
SMFSY,"Sumitomo Forestry Co., Ltd./ADR",0002048270,OTC
AMPM,AM PM Group Ltd,0002049323,OTC
STA,"Starton Holdings, Inc.",0002049977,OTC
HCPC,HengHong Technology Inc.,0002050020,OTC
CLBZ,Collab Z Inc.,0002050338,OTC
MKAR,Mkango Rare Earths Ltd,0002052373,OTC
VCCG,V Capital Consulting Group Ltd,0002052443,OTC
YLY,Zi Yun Dong Fang Ltd,0002053115,OTC
PCPGY,PC Partner Group Ltd/ADR,0002053411,OTC
BWOW,Bitwise Dogecoin ETF,0002053791,NYSE
YGSHY,Yangzijiang Shipbuilding Holdings Ltd/ADR,0002053843,OTC
GDOG,Grayscale Dogecoin Trust ETF,0002055510,NYSE
BXRLY,Boxer Retail Limited/ADR,0002056450,OTC
SOEZ,Franklin Solana Trust,0002057388,NYSE
XRPZ,Franklin XRP Trust,0002059438,NYSE
GGTKY,PT GoTo Gojek Tokopedia Tbk/ADR,0002059690,OTC
ONWRY,Onward Medical N.V./ADR,0002059986,OTC
HZRBY,"Horizon Robotics, Inc./ADR",0002060217,OTC
SUIS,Canary Staked SUI ETF,0002060703,NASDAQ
VAVX,VanEck Avalanche ETF,0002060717,NASDAQ
NHLTY,Nightingale Health Plc,0002060863,OTC
TSUI,21Shares Sui Staking ETF,0002061626,NASDAQ
IDPEY,IDP Education Ltd./ADR,0002062803,OTC
MNZLY,Mercury NZ Ltd./ADR,0002062807,OTC
SPGH,Smart Pointer Group Holdings Ltd,0002062925,OTC
CLRLY,Central Retail Corp Public Co Limited/ADR,0002063231,OTC
FSOL,Fidelity Solana Fund,0002063380,NYSE
SMPHY,SM Prime Holdings Inc./ADR,0002063413,OTC
MREGY,Meridian Energy Ltd/ADR,0002063417,OTC
GRCPY,Canal Plus SA/ADR,0002063671,OTC
LSHGY,Louis Hachette Group/ADR,0002063675,OTC
PSBTY,PT Sumber Alfaria Trijaya Tbk/ADR,0002063685,OTC
TDOG,21Shares Dogecoin ETF,0002064314,NASDAQ
THCLY,"Toho Co., Ltd./ADR",0002064381,OTC
TRXS,Canary Staked TRX ETF,0002064768,CBOE
ACMIF,Allied Critical Metals Corp.,0002065282,OTC
DNCLY,"DeNA Co., Ltd./ADR",0002065660,OTC
NEUT,Neutrans Inc.,0002065741,OTC
FRLCY,Freelancer Ltd,0002065932,OTC
SCBXY,SCB X Public Co Ltd,0002066600,OTC
TKCYY,"Tokyo Ohka Kogyo Co., Ltd./ADR",0002066601,OTC
VBNB,VanEck BNB ETF,0002066824,NASDAQ
CAPI,"CAPSTONE 72, INC.",0002066925,OTC
IDXMF,IDEX METALS CORP.,0002067171,OTC
KOEI,"Koei Group Co., Ltd.",0002070087,OTC
SOUD,Hacker Interstellar Inc.,0002070237,OTC
AIB,AIB Data Centers Inc.,0002070542,NYSE
RECCY,Reece Limited/ADR,0002070570,OTC
BMOK,BM Acquisition Corp.,0002071607,OTC
CPXXY,Capital Power Corp/ADR,0002071911,OTC
PRSKY,PrairieSky Royalty Ltd/ADR,0002071912,OTC
GBNXY,Gibson Energy Inc/ADR,0002071913,OTC
NPIXY,Northland Power Inc./ADR,0002072389,OTC
SAPUY,Saputo Inc./ADR,0002072563,OTC
BIREY,Birchcliff Energy Ltd./ADR,0002073268,OTC
ELFTY,Element Fleet Management Corp./ADR,0002073615,OTC
FNIGY,Finning International Inc./ADR,0002073638,OTC
METRY,METRO INC./ADR,0002073643,OTC
TPZEY,Topaz Energy Corp./ADR,0002073655,OTC
HNPHY,Hansoh Pharmaceutical Group Co Limited/ADR,0002073669,OTC
TCLXY,TCL Electronics Holdings Limited/ADR,0002073804,OTC
TMKVY,Tamarack Valley Energy Ltd./ADR,0002073901,OTC
NWCYY,North West Co Inc./ADR,0002073913,OTC
SSRLY,Sienna Senior Living Inc./ADR,0002073972,OTC
SVICY,StorageVault Canada Inc./ADR,0002074157,OTC
GIVE,Wealth Management System Inc.,0002074158,OTC
QSOL,Invesco Galaxy Solana ETF,0002074409,CBOE
VIRMF,Viridian Metals Inc.,0002074745,OTC
EVON,EvoNexus Group LTD,0002075036,OTC
IBL,I Bella Perfect Inc.,0002075038,OTC
VSGRY,VusionGroup,0002075141,OTC
ROZE,ROZE AI INC.,0002075335,OTC
GGRPY,GPT Group/ADR,0002075474,OTC
LSBA,Law's Business Group Holding Ltd,0002075589,OTC
BKPOY,Bank Pekao S.A./ADR,0002075877,OTC
CSCCY,Capstone Copper Corp./ADR,0002075918,OTC
GOTV,"FullPAC, Inc.",0002076148,OTC
ZSICY,"Zhejiang Sanhua Intelligent Controls Co., Ltd./ADR",0002076398,OTC
STJNY,Stella-Jones Inc./ADR,0002077242,OTC
STSUF,Satsuma Technology PLC,0002077638,OTC
UNID,"RiverNorth Short Prime Unicorn Fund I, Inc",0002077697,OTC
UNIU,"RiverNorth Long Prime Unicorn Fund I, Inc.",0002077715,OTC
GRVT,GreenVector Holdings Ltd,0002078037,OTC
ZOAR,Zoar Ltd,0002078148,OTC
VRHID,"Veri MedTech Holdings, Inc.",0002078149,OTC
AMTU,"AMATUHI HOLDINGS, INC.",0002078570,OTC
ASKRY,Asker Healthcare Group AB/ADR,0002078895,OTC
MLIZY,MELIUZ S.A.,0002080003,OTC
LPNE,LiPower New Energy Holdings Ltd,0002080577,OTC
GONYF,GO Residential Real Estate Investment Trust,0002081438,OTC
FHFFY,Foshan Haitian Flavouring & Food Co Ltd./ADR,0002082876,OTC
CLNK,Bitwise Chainlink ETF,0002082889,NYSE
BSTR,"BSTR Holdings, Inc.",0002083583,OTC
CCIL,CALM Chain International Ltd,0002083945,OTC
ADBT,"Advasa Holdings, Inc.",0002084227,NASDAQ
NTMJ,Nintech Mould Factory Inc.,0002084296,OTC
UATCY,"Unisound AI Technology Co., Ltd./ADR",0002084585,OTC
KHOBF,KHEOBA Ltd,0002084698,OTC
DYBTY,Duality Biotherapeutics Inc/ADR,0002085208,OTC
APNA,APEIRON ACQUISITION VEHICLE I,0002085795,OTC
POCH,"POCHE TECHNOLOGY CO., Ltd",0002085836,OTC
BAVA,Bitwise Avalanche ETF,0002086017,NYSE
ARTC,Art Technology Acquisition Corp.,0002086545,NASDAQ
PHAX,Phalanx Acquisition Corp I,0002086549,OTC
BTECH,BTECH Corp,0002086775,OTC
AFNX,AfterNext Acquisition I Corp.,0002087035,OTC
MARH,Starrygazey Inc.,0002087064,OTC
PNSB,"PSB Financial, Inc.",0002087419,OTC
NHKSY,NHK Spring Co. Ltd/ADR,0002087500,OTC
RKAM,"ROKIT America, Inc.",0002087716,OTC
ZGJLY,"Zhejiang Leapmotor Technology Co., Ltd./ADR",0002087840,OTC
GTLRY,Greatland Resources Limited/ADR,0002087843,OTC
AKCLY,Aica Kogyo Co Limited/ADR,0002087856,OTC
ETRA,"Electra Therapeutics, Inc.",0002088082,OTC
BHYP,Bitwise Hyperliquid ETF,0002088139,NYSE
OBBCY,"OBIC Business Consultants Co., Ltd./ADR",0002088339,OTC
ZSHLY,"Zensho Holdings Co., Ltd./ADR",0002088776,OTC
HRBAY,"Horiba, Ltd./ADR",0002088827,OTC
SNEVY,SUNEVISION HOLDINGS/ADR,0002089488,OTC
GLVPY,GLENVEAGH PROPERTIES PLC/ADR,0002089499,OTC
TEICY,TOSEI CORP/ADR,0002089506,OTC
PNIG,Pacipic Nexus IntelliTech Group,0002089778,OTC
TKNZ,T. Rowe Price Active Crypto ETF,0002089855,NYSE
BITA,iShares Bitcoin Premium Income ETF,0002089969,NASDAQ
THYP,21Shares Hyperliquid Staking ETF,0002090011,NASDAQ
MTMTY,Metlen Energy & Metals PLC/ADR,0002090231,OTC
CNYGF,Canary Gold Corp.,0002090651,OTC
LAGH,Lagarosse Holdings Ltd,0002090910,OTC
LKYLY,Locksley Resources Limited/ADR,0002091585,OTC
CDTHY,CONDUIT HOLDINGS LTD/ADR,0002091663,OTC
BIAI,Bitari Inc,0002091680,OTC
NGCOY,"Nagase & Co., Ltd./ADR",0002092248,OTC
RENGY,"Rengo Co., Ltd./ADR",0002092252,OTC
TKDG,3KNIGHTS DYNAMICS GROUP Ltd,0002092287,OTC
TIWD,Timwood Holdings Ltd,0002092291,OTC
ORNJY,OranjeBTC S.A. Educacao E Investmentimento/ADR,0002093314,OTC
NBKBY,Noba Bank Group AG/ADR,0002093618,OTC
ZJGIY,Zijin Gold International Co Limited/ADR,0002093654,OTC
NEUC,Neucleus Group Ltd,0002093976,OTC
OTAI,Starlink AI Acquisition Corp,0002094076,NYSE
DPDSY,DPC DASH LTD/ADR,0002094201,OTC
CLYD,"BEACON TOPCO, INC.",0002094256,OTC
MLAA,Mountain Lake Acquisition Corp. II,0002094265,NASDAQ
CRAUY,"Chery Automobile Co., Ltd./ADR",0002094687,OTC
FJDI,ARC Group Securities Acquisition I,0002094712,OTC
RUIH,RUI Holdings Inc,0002094989,OTC
CHON,ChainOn Group Ltd,0002095150,OTC
BREZ,Breeze Acquisition Corp. II,0002095443,NASDAQ
AIOK,AI OKTO Corp.,0002095591,OTC
ININ,Sin Lian Seng Construction,0002097388,OTC
BLDC,"Blockfusion Digital Infrastructure, Inc.",0002097508,OTC
GOW,GOWell Energy Technology,0002097702,OTC
SWBKY,Shawbrook Group plc/ADR,0002098324,OTC
MDKGY,Merdeka Gold Resources Tbk PT/ADR,0002098332,OTC
ANJFY,"Anjoy Foods Group Co., Ltd./ADR",0002098397,OTC
BRRK,Bluerock Acquisition Corp. II,0002098410,OTC
FRTRY,"Fortior Technology (Shenzhen) Co., Ltd./ADR",0002098710,OTC
SICCY,"SICC Co., Ltd./ADR",0002098860,OTC
ETHB,iShares Staked Ethereum Trust ETF,0002099103,NASDAQ
SGPIY,"Seres Group Co., Ltd./ADR",0002099326,OTC
MSAV,MSAV Holdings Ltd,0002099338,OTC
MOT,MetaOptics Ltd,0002099681,OTC
MPJPY,Metaplanet Inc.,0002100603,OTC
NYB,NYB Holdings Ltd,0002100835,OTC
SAIQ,WISeSat.Space Holdings Corp.,0002101411,OTC
AFNDY,Allfunds Group PLC./ADR,0002101973,OTC
KCAC-UN,Kensington Capital Acquisition Corp. VI,0002102713,NYSE
TARX,Tarsier Pharma Ltd.,0002102720,OTC
FFGG,FF Global Holdings Ltd,0002102972,OTC
SKAI,Sky Acquisition Group,0002103029,OTC
MSOL,Morgan Stanley Solana Trust,0002103547,NYSE
MSBT,Morgan Stanley Bitcoin Trust,0002103612,NYSE
MSSE,Morgan Stanley Ethereum Trust,0002103976,NYSE
SUCH,Suchness Tech Ltd,0002104032,OTC
HNUC,Holtec Nuclear Corp,0002104277,OTC
CATL,Catalyst Acquisition Corp.,0002104391,OTC
BMF,BANG MAI FANG HOLDINGS,0002104827,OTC
EFGH,Embed Financial Group Holdings,0002104943,OTC
CZZLF,Cizzle Brands Corp,0002105038,OTC
GDMT,Gold Mountain Acquisition Corp.,0002105318,OTC
GBNB,Grayscale BNB ETF,0002106762,OTC
SSHBY,"SBI Shinsei Bank, Limited/ADR",0002107375,OTC
HYPG,Grayscale Hyperliquid Staking ETF,0002107730,NASDAQ
WQEY,WISeKey International Corp.,0002107968,OTC
ODKUY,"Odakyu Electric Railway Co., Ltd./ADR",0002108124,OTC
SCOP,Sprott Physical Copper Trust,0002108383,NYSE
KNWAY,Knowledge Atlas Technology Joint Stock Co Limited/ADR,0002109545,OTC
GIDHF,GigaDevice Semiconductor Inc./ADR,0002109547,OTC
MMXGY,Minimax Group Inc./ADR,0002109556,OTC
JNGDY,"Jingdong Industrials, Inc./ADR",0002109559,OTC
VAT,"VARSAL TECH, INC.",0002109801,OTC
LEDR,Leader's Advantage Acquisition Corp.,0002109823,OTC
PTT,SIYATA PTT,0002110025,OTC
AELKY,ASELSAN Elektronik Sanayi ve Ticaret Anonim Sirketi/ADR,0002110583,OTC
SHILY,Shanghai Iluvatar CoreX Semiconductor Co Ltd/ADR,0002111790,OTC
SIAI,Silentium Ltd.,0002112466,OTC
CHWM,Chilwa Minerals Ltd,0002113605,OTC
BOGD,Bogd FT Ltd,0002113733,OTC
TELYF,TELYRX HOLDINGS INC.,0002113853,OTC
TRCX,TracX Logis Pte. Ltd.,0002114145,OTC
XIII,Churchill Capital Corp XIII,0002114229,OTC
APBD,AParadise II Acquisition Corp.,0002114463,OTC
BAGZ,Cryptex Digital Market Cap ETF,0002115027,OTC
BEJEF,Beijer Ref AB/ADR,0002116276,OTC
CMPLY,Com7 PCL/ADR,0002117197,OTC
CVCPY,CVC Capital Partners plc/ADR,0002120046,OTC
KHG,Kainan Holding Group Ltd,0002120528,OTC
SKHY,SK hynix Inc.,0002120882,NASDAQ
CMBY,Cumberland Farms Ltd,0002123232,OTC
MNTGY,"Montage Technology Co., Ltd./ADR",0002123346,OTC
WXILY,"Wuxi Lead Intelligent Equipment Co., Ltd./ADR",0002123372,OTC
GVAC,Gravity Acquisition Corp.,0002123380,OTC
MUYNY,Muyuan Foods Co. Ltd/ADR,0002123524,OTC
EBGCY,Eastroc Beverage Group Co. Ltd/ADR,0002123531,OTC
PNAQ,Pinnacle Acquisition Corp,0002123955,OTC
SKG,SMART KREATE GROUP Ltd,0002124478,OTC
WELA,Wella Co,0002125056,OTC
BMB,"Bamboo Insurance Services, Inc.",0002125355,OTC
SKBBY,"Sichuan Kelun-Biotech Biopharmaceutical Co., Ltd./ADR",0002125904,OTC
BHTGY,"Beijing Haizhi Technology Group Co., Ltd./ADR",0002125951,OTC
NTCMY,Natura Cosmeticos S.A./ADR,0002126620,OTC
ATAYY,American Tungsten & Antimony Ltd,0002127653,OTC
BVGLY,Bellevue Gold Ltd./ADR,0002127839,OTC
EULLY,EUROPEAN LITHIUM LTD/ADR,0002127859,OTC
DTRSY,DATELINE RESOURCES LTD/ADR,0002127860,OTC
BCLGY,BALTIC CLASSIFIEDS GROUP PLC/ADR,0002127862,OTC
MTGLY,Mininglamp Technology Group Limited/ADR,0002128448,OTC
JXIRY,Jiaxin International Resources Investment Limited/ADR,0002128458,OTC
TLAC,Three Lions Acquisition Corp.,0002128462,OTC
SXTEY,"Shenzhen Xunce Technology Co., Ltd./ADR",0002128597,OTC
TYOEY,Toyo Engineering Corporation/ADR,0002128619,OTC
HGZDY,"Hangzhou Diagens Biotechnology Co., Ltd./ADR",0002128813,OTC
GDHRY,"Guangdong Huayan Robotics Co, Ltd./ADR",0002129466,OTC
TEAC,Tidewise Acquisition Corp,0002129595,OTC
HCAX,Hall Chadwick Acquisition Corp II,0002130219,OTC
HRIA,Harbour Island Acquisition Corp. I,0002131072,OTC
PCAI,Powercheck AI Holdings Ltd,0002131101,OTC
VGTHY,"Victory Giant Technology (HuiZhou) Co., Ltd./ADR",0002131322,OTC
KVLT,"CoVolt Power, Inc.",0002131613,OTC
OPNHY,Open House Group Co. Ltd/ADR,0002131812,OTC
NWCL,newcleo plc,0002131813,OTC
FTRA,FutureCorp Space Acquisition 1,0002131853,NYSE
MCFN,"McCarthy Finney, Inc.",0002131882,OTC
MNYCY,Manycore Tech Inc./ADR,0002131961,OTC
SIGEY,"Sigenergy Technology Co., Ltd./ADR",0002132082,OTC
MSGR,"MSGS Spinco, Inc.",0002132873,OTC
RHDTY,Ruihe Data Technology Holdings Limited/ADR,0002133020,OTC
OURA,Oura Inc.,0002133022,OTC
MTAK,Market Technology Acquisition Corp,0002133136,OTC
SCAT,Southern Cross Acquisition II Corp.,0002133239,OTC
YLUZ,YPF Energia Electrica S.A.,0002133716,OTC
THARY,Tharisa plc,0002133810,OTC
BDDD,Bridge III Acquisition Ltd,0002133836,OTC
KGBMY,Kongsberg Maritime ASA/ADR,0002133892,OTC
FBLL,Football Manager SPAC Inc.,0002133939,OTC
AGKO,Aggreko Inc.,0002134090,OTC
ITHEY,Ithaca Energy PLC/ADR,0002134539,OTC
ULIT,US Elemental Inc.,0002134552,OTC
SXZTY,"Shanghai Xizhi Technology Co., Ltd./ADR",0002135894,OTC
NORT,Norient Acquisition,0002135939,OTC
HUAQY,Huaqin Co. LTD/ADR,0002136116,OTC
MTRL,Material Resource Acquisition Corp.,0002136360,OTC
CSCM,Crestone Strategic Capital Acquisition Corp,0002136449,OTC
BEMPY,Bangkok Expressway & Metro Public Co Limited/ADR,0002137137,OTC
PRLG,Prologium Holding Inc.,0002137754,OTC
NARA,"Narragansett Bancorp, Inc.",0002138186,OTC
SIAMY,Siam Global House Public Co Limited/ADR,0002138369,OTC
CBAGY,Carabao Group Public Co Limited/ADR,0002138373,OTC
ZABKY,Zabka Group S.A./ADR,0002138474,OTC
SHNTY,"Shanghai Top Numerical Control Technology Co., Ltd./ADR",0002138554,OTC
VII,Viking Acquisition Corp. II,0002139246,NYSE
TBCV,"Thunder Bridge Capital Partners V, Ltd.",0002140030,OTC
LARS,Laris Growth Acquisition Corp.,0002140589,OTC
LNFGY,Lion Finance Group PLC/ADR,0002140948,OTC
RGKUY,Rigaku Holdings Corporation/ADR,0002141099,OTC
ACCV,Accelevation Holdings Corp.,0002141406,OTC
ORCRY,Organo Corporation/ADR,0002142762,OTC
LXSPY,"Luxshare Precision Industry Co., Ltd./ADR",0002144732,OTC
BSUDY,Bradsaude S.A./ADR,0002144745,OTC
CTNKY,Capital Tankers Corp./ADR,0002144751,OTC
MTBOY,Metis TechBio Co Ltd/ADR,0002144761,OTC
GDTTY,"Guangdong Dtech Technology Co., Ltd./ADR",0002145378,OTC
PHCAF,Phoenix Metals Corp.,0002145424,OTC
IPHX,Inflection Point Acquisition Corp. VIII,0002146310,OTC
RNAQ,Rainier Acquisition Corp,0002147219,OTC
HLNK,HUALINK TECH INC,0002147557,OTC
AGYXY,AGILYX ASA / ADR,0002147869,OTC
MGLBY,MOMENTA GLOBAL LTD/ADR,0002148075,OTC
PSTEY,Poste Italiane S.p.A./ADR,0002149111,OTC
LABI,La Beaute Inc.,0002151905,OTC
HFG,"Hometown Financial Group, Inc./MD",0002152644,OTC
CHXIY,Chuangxin Industries Holdings Limited/ADR,0002152784,OTC
RAFX,Rafex Gold Corp.,0002152921,OTC
UNCJY,Unicaja Banco S.A/ADR,0002153327,OTC
NTVRY,Nativo Resources plc /ADR,0002153349,OTC
GOOG,Alphabet Inc.,0001652044,NASDAQ
USB-PA,US BANCORP \DE\,0000036104,NYSE
BRK-A,BERKSHIRE HATHAWAY INC,0001067983,NYSE
ASMLF,ASML HOLDING NV,0000937966,OTC
TSMWF,TAIWAN SEMICONDUCTOR MANUFACTURING CO LTD,0001046179,OTC
BABAF,Alibaba Group Holding Ltd,0001577552,OTC
JPM-PC,JPMORGAN CHASE & CO,0000019617,NYSE
CTATF,"Contemporary Amperex Technology Co., Limited/ADR",0002070829,OTC
PCCYF,PETROCHINA CO LTD,0001108329,OTC
BML-PG,BANK OF AMERICA CORP /DE/,0000070858,NYSE
RYDAF,Shell plc,0001306965,OTC
NVSEF,NOVARTIS AG,0001114448,OTC
MBFJF,MITSUBISHI UFJ FINANCIAL GROUP INC,0000067088,OTC
BML-PL,BANK OF AMERICA CORP /DE/,0000070858,NYSE
BAC-PB,BANK OF AMERICA CORP /DE/,0000070858,NYSE
TOYOF,TOYOTA MOTOR CORP/,0001094517,OTC
CILJF,CHINA LIFE INSURANCE CO LTD,0001268896,OTC
BAC-PK,BANK OF AMERICA CORP /DE/,0000070858,NYSE
SAPGF,SAP SE,0001000184,OTC
BHPLF,BHP Group Ltd,0000811809,OTC
BCDRF,"Banco Santander, S.A.",0000891478,OTC
HBCYF,HSBC HOLDINGS PLC,0001089113,OTC
WFC-PY,WELLS FARGO & COMPANY/MN,0000072971,NYSE
KXIAY,Kioxia Holdings Corporation/ADR,0002053383,OTC
NONOF,NOVO NORDISK A S,0000353278,OTC
WFC-PL,WELLS FARGO & COMPANY/MN,0000072971,NYSE
ABLZF,ABB LTD,0001091587,OTC
ABBNY,ABB LTD,0001091587,OTC
SNEJF,Sony Group Corp,0000313838,OTC
TBB,AT&T INC.,0000732717,NYSE
SNYNF,Sanofi,0001121404,OTC
UNLYF,UNILEVER PLC,0000217410,OTC
BUDFF,Anheuser-Busch InBev SA/NV,0001668717,OTC
WFC-PC,WELLS FARGO & COMPANY/MN,0000072971,NYSE
DTEGF,DEUTSCHE TELEKOM AG,0000946770,OTC
GLAXF,GSK plc,0001131399,OTC
BTAFF,British American Tobacco p.l.c.,0001303523,OTC
BPAQF,BP PLC,0000313807,OTC
RTPPF,RIO TINTO PLC,0000863064,OTC
SMFNF,"SUMITOMO MITSUI FINANCIAL GROUP, INC.",0001022837,OTC
IDEXF,Industria de Diseno Textil Inditex SA / ADR,0001438656,OTC
BYDDF,BYD CO LTD,0001445162,OTC
NCRRP,NCR Voyix Corp,0000070866,OTC
CMXHF,CSL LTD,0001274152,OTC
AIQUF,L AIR LIQUIDE SA /FI,0001161167,OTC
NTTYY,NIPPON TELEGRAPH & TELEPHONE CORP,0000769594,OTC
SNPMF,CHINA PETROLEUM & CHEMICAL CORP,0001123658,OTC
MBGAF,DAIMLER AG,0001067318,OTC
NETTF,"NetEase, Inc.",0001110646,OTC
USB-PH,US BANCORP \DE\,0000036104,NYSE
EBBNF,ENBRIDGE INC,0000895728,OTC
CTA-PB,"EIDP, Inc.",0000030554,NYSE
USB-PP,US BANCORP \DE\,0000036104,NYSE
BAESF,BAE SYSTEMS PLC /FI/,0000895564,OTC
AMXOF,AMERICA MOVIL SAB DE CV/,0001129137,OTC
GLCNF,Glencore plc/ADR,0001524684,OTC
MS-PK,MORGAN STANLEY,0000895421,NYSE
PBR-A,PETROBRAS - PETROLEO BRASILEIRO SA,0001119639,NYSE
KDDIF,KDDI CORP,0001106215,OTC
STOHF,EQUINOR ASA,0001140625,OTC
MS-PE,MORGAN STANLEY,0000895421,NYSE
TRP,TC ENERGY CORP,0001232384,NYSE
RLXXF,RELX PLC,0000929869,OTC
NOKBF,NOKIA CORP,0000924613,OTC
SFTBF,SOFTBANK GROUP CORP.,0001065521,OTC
BAIDF,"Baidu, Inc.",0001329099,OTC
RBGPF,RECKITT BENCKISER GROUP PLC,0001420798,OTC
DGEAF,DIAGEO PLC,0000835403,OTC
EIPAF,ENI SPA,0001002242,OTC
CCZ,COMCAST CORP,0001166691,NYSE
SFBQF,SOFTBANK GROUP CORP.,0001065521,OTC
WEBNF,WESTPAC BANKING CORP,0000719245,OTC
IFNNF,INFINEON TECHNOLOGIES AG,0001107457,OTC
MZHOF,MIZUHO FINANCIAL GROUP INC,0001335730,OTC
HTHIF,HITACHI LTD,0000047710,OTC
NGGTF,NATIONAL GRID PLC,0001004315,OTC
TKPHF,TAKEDA PHARMACEUTICAL CO LTD,0001395064,OTC
DKILF,Daikin Industries Ltd,0001446519,OTC
BECEF,BCE INC,0000718940,OTC
SPG-PJ,SIMON PROPERTY GROUP INC.,0001063761,NYSE
BSQKZ,"Block, Inc.",0001512673,OTC
CTA-PA,"EIDP, Inc.",0000030554,NYSE
TNCAF,TC ENERGY CORP,0001232384,OTC
INGVF,ING GROEP NV,0001039765,OTC
MET-PA,METLIFE INC,0001099219,NYSE
TRPCF,Trip.com Group Ltd,0001269238,OTC
ITOCF,ITOCHU CORP,0000355363,OTC
MET-PE,METLIFE INC,0001099219,NYSE
BAMXF,Bayerische Motoren Werke AG/ADR,0001446250,OTC
LLDTF,Lloyds Banking Group plc,0001160106,OTC
BBVXF,"BANCO BILBAO VIZCAYA ARGENTARIA, S.A.",0000842180,OTC
HLNCF,Haleon plc,0001900304,OTC
TCANF,TC ENERGY CORP,0001232384,OTC
PSA-PH,Public Storage,0001393311,NYSE
BMDPF,BANCA MONTE DEI PASCHI DI SIENA SPA,0001002788,OTC
JDCMF,"JD.com, Inc.",0001549802,OTC
HNDAF,HONDA MOTOR CO LTD,0000715153,OTC
TKOMF,"TOKIO MARINE HOLDINGS, INC.",0001169486,OTC
SVNDF,SEVEN & I HOLDINGS CO LTD,0001359519,OTC
BAMGF,BROOKFIELD Corp /ON/,0001001085,OTC
PSA-PU,Public Storage,0001393311,NYSE
MRAAF,"Murata Manufacturing Co., Ltd./ADR",0001450468,OTC
PINXF,People's Insurance Co (Group) of China Limited/ADR,0001569964,OTC
TCKRF,TECK RESOURCES LTD,0000886986,OTC
CRARF,CREDIT AGRICOLE S A,0001279967,OTC
ENAKF,E.ON SE,0001136808,OTC
RBSPF,NatWest Group plc,0000844150,OTC
ERIXF,ERICSSON LM TELEPHONE CO,0000717826,OTC
PUKPF,PRUDENTIAL PLC,0001116578,OTC
WOPEF,WOODSIDE ENERGY GROUP LTD,0000844551,OTC
HEI-A,HEICO CORP,0000046619,NYSE
FNCTF,ORANGE,0001038143,OTC
LEN-B,LENNAR CORP /NEW/,0000920760,NYSE
CIXPF,CaixaBank/ADR,0001535628,OTC
BIP,Brookfield Infrastructure Partners L.P.,0001406234,NYSE
BCLYF,BARCLAYS PLC,0000312069,OTC
RSMDF,RESMED INC,0000943819,OTC
ALL-PH,ALLSTATE CORP,0000899051,NYSE
CODGF,COMPAGNIE DE SAINT GOBAIN,0001012037,OTC
LAAOF,Li Auto Inc.,0001791706,OTC
VWSYF,VESTAS WIND SYSTEMS A/S,0001330306,OTC
ORXCF,ORIX CORP,0001070304,OTC
TEFOF,TELEFONICA S A,0000814052,OTC
VODPF,VODAFONE GROUP PUBLIC LTD CO,0000839923,OTC
BBDO,BANK BRADESCO,0001160330,NYSE
GNMSF,GENMAB A/S,0001434265,OTC
ANNSF,Aena S.A./ADR,0001700171,OTC
DLR-PK,"DIGITAL REALTY TRUST, INC.",0001297996,NYSE
FOX,Fox Corp,0001754301,NASDAQ
STMEF,STMicroelectronics N.V.,0000932787,OTC
HKHHF,HEINEKEN HOLDING N V,0001142231,OTC
FWONK,Liberty Media Corp,0001560385,NASDAQ
CAJPY,CANON INC,0000016988,OTC
AMSYF,ArcelorMittal,0001243429,OTC
SAXPF,Sampo OYJ,0001436778,OTC
RYAOF,RYANAIR HOLDINGS PLC,0001038683,OTC
MKC-V,MCCORMICK & CO INC,0000063754,NYSE
TNRSF,TENARIS SA,0001190723,OTC
RSTRF,Restaurant Brands International Limited Partnership,0001618755,OTC
MARUF,MARUBENI CORP /FI,0000801645,OTC
SOJC,SOUTHERN CO,0000092122,NYSE
CAJFF,CANON INC,0000016988,OTC
HMRZF,H&M HENNES & MAURITZ AB,0001396282,OTC
HRNNF,Hydro One Ltd,0001712356,OTC
COCSF,COCA COLA FEMSA SAB DE CV,0000910631,OTC
ICHGF,INTERCONTINENTAL HOTELS GROUP PLC /NEW/,0000858446,OTC
TELNF,TELENOR ASA,0001126113,OTC
RCIAF,ROGERS COMMUNICATIONS INC,0000733099,OTC
XPNGF,XPENG INC.,0001810997,OTC
FCNCB,FIRST CITIZENS BANCSHARES INC /DE/,0000798941,OTC
Z,"ZILLOW GROUP, INC.",0001617640,NASDAQ
STT-PG,STATE STREET CORP,0000093751,NYSE
KYOCF,KYOCERA CORP,0000057083,OTC
BKZHY,Santander Bank Polska SA/ADR,0001459334,OTC
FWONB,Liberty Media Corp,0001560385,OTC
SOAGY,Sartorius AG/ADR,0001715801,OTC
MTNOF,MTN GROUP LTD/ADR,0001163420,OTC
POAHF,Porsche Automobil Holding SE / ADR,0001450346,OTC
NRSCF,NOMURA HOLDINGS INC,0001163653,OTC
NWS,NEWS CORP,0001564708,NASDAQ
JHIUF,James Hardie Industries plc,0001159152,OTC
SPXSF,Spirax-Sarco Engineering PLC/ADR,0001518542,OTC
RYLPF,KONINKLIJKE PHILIPS NV,0000313216,OTC
AMCCF,Amcor plc,0001748790,OTC
EDRVY,EDP Renewables S.A./ADR,0001516534,OTC
SURDF,"Sumitomo Realty & Development Co., Ltd./ADR",0001450159,OTC
BIO-B,"BIO-RAD LABORATORIES, INC.",0000012208,NYSE
CHKIF,CHINA SOUTHERN AIRLINES CO LTD,0001041668,OTC
ADTTF,ADVANTEST CORP,0001158838,OTC
KEY-PK,KEYCORP /NEW/,0000091576,NYSE
FSNUF,Fresenius SE & Co. KGaA,0000904868,OTC
TEVJF,TEVA PHARMACEUTICAL INDUSTRIES LTD,0000818686,OTC
AKZOF,AKZO NOBEL NV,0000003124,OTC
SGIOF,SHIONOGI & CO LTD,0001281721,OTC
FRFFF,FAIRFAX FINANCIAL HOLDINGS LTD/ CAN,0000915191,OTC
KEY-PI,KEYCORP /NEW/,0000091576,NYSE
NIOIF,NIO Inc.,0001736541,OTC
FNGD,BANK OF MONTREAL /CAN/,0000927971,NYSE
GFIOF,GOLD FIELDS LTD,0001172724,OTC
NCSYF,NICE Ltd.,0001003935,OTC
RKLIF,RENTOKIL INITIAL PLC /FI,0000930157,OTC
SVYSF,SOLVAY S A /ADR/,0000930826,OTC
GELYF,Geely Automobile Holdings Limited/ADR,0001474968,OTC
NMPGY,Navios Maritime Holdings Inc.,0001333172,OTC
WSO-B,WATSCO INC,0000105016,NYSE
FMCQF,Fresenius Medical Care AG,0001333141,OTC
MAA-PI,MID AMERICA APARTMENT COMMUNITIES INC.,0000912595,NYSE
RF-PC,REGIONS FINANCIAL CORP,0001281761,NYSE
BF-A,BROWN FORMAN CORP,0000014693,NYSE
SNNUF,SMITH & NEPHEW PLC,0000845982,OTC
SHECF,"Shin-Etsu Chemical Co., Ltd.",0001442651,OTC
BZLFF,BUNZL PLC,0001072397,OTC
ALMMF,ALUMINUM CORP OF CHINA LTD,0001161611,OTC
ERRAF,EMERA INC,0001127248,OTC
PIRBF,Piraeus Bank S.A.,0001437441,OTC
YMHAY,"Yamaha Motor Co., Ltd.",0001447100,OTC
UHAL-B,U-Haul Holding Co /NV/,0000004457,NYSE
SBYSF,Sibanye Stillwater Ltd,0001786909,OTC
DQJCF,Don Quijote Holdings Co Ltd,0001446597,OTC
PBNNF,PT Bank Negara Indonesia (Persero) Tbk/ADR,0001504122,OTC
WPPGF,WPP plc,0000806968,OTC
PRYMF,Prysmian S.p.A.,0001437672,OTC
BRZL,BANK OF MONTREAL /CAN/,0000927971,CBOE
AOMFF,ALSTOM,0001062066,OTC
GPAEF,Pacific Airport Group,0001347557,OTC
MNBEF,MINEBEA MITSUMI Inc.,0001034983,OTC
AEGOF,AEGON LTD.,0000769218,OTC
FREJO,FEDERAL HOME LOAN MORTGAGE CORP,0001026214,OTC
SMTOF,SUMITOMO ELECTRIC INDUSTRIES LTD/ADR/,0000095227,OTC
YAMHF,"Yamaha Motor Co., Ltd.",0001447100,OTC
GLIBB,Liberty Capital Corp/NV,0002057463,OTC
CIG-C,ENERGY CO OF MINAS GERAIS,0001157557,NYSE
NDEKF,NITTO DENKO CORP / ADR/,0000353991,OTC
ASRMF,SOUTHEAST AIRPORT GROUP,0001123452,OTC
SBMFF,Sino Biopharmaceutical Limited/ADR,0001604982,OTC
LBTYB,Liberty Global Ltd.,0001570585,NASDAQ
UEPCN,UNION ELECTRIC CO,0000100826,OTC
CXMSF,CEMEX SAB DE CV,0001076378,OTC
SAPIF,Saputo Inc./ADR,0002072563,OTC
DINRF,"SCREEN Holdings Co., Ltd./ADR",0001544379,OTC
PSORF,PEARSON PLC,0000938323,OTC
UEPEO,UNION ELECTRIC CO,0000100826,OTC
UEPEP,UNION ELECTRIC CO,0000100826,OTC
PSNYW,Polestar Automotive Holding UK PLC,0001884082,NASDAQ
SASOF,SASOL LTD,0000314590,OTC
VNORP,VORNADO REALTY TRUST,0000899689,OTC
OSCUF,"Japan Exchange Group, Inc./ADR",0001600520,OTC
NWOEF,New Oriental Education & Technology Group Inc.,0001372920,OTC
CLUS,Cluster Group Holdings Ltd Co,0001346287,OTC
VNO-PL,VORNADO REALTY TRUST,0000899689,NYSE
UEPCP,UNION ELECTRIC CO,0000100826,OTC
TAP-A,MOLSON COORS BEVERAGE CO,0000024545,NYSE
VNO-PM,VORNADO REALTY TRUST,0000899689,NYSE
UNBLF,Unibail-Rodamco SE/ADR,0001453932,OTC
UEPEN,UNION ELECTRIC CO,0000100826,OTC
BLBLF,Bilibili Inc.,0001723690,OTC
VOYA-PB,"Voya Financial, Inc.",0001535929,NYSE
XZJCF,Mitsui Kinzoku Co Ltd./ADR,0001562805,OTC
GIFLF,Grifols SA,0001438569,OTC
TYOYY,TAIYO YUDEN CO LTD /ADR/,0000354516,OTC
KOSCF,Kose Corporation/ADR,0001668501,OTC
PADEF,Adaro Energy PT/ADR/,0001489079,OTC
GIFOF,Grifols SA,0001438569,OTC
MSUXF,Misumi Group Inc./ADR,0001710864,OTC
ATDRF,Auto Trader Group plc/ADR,0001647435,OTC
DSECF,Daiwa Securities Group Inc.,0001481045,OTC
CMSA,CMS ENERGY CORP,0000811156,NYSE
SLG-PI,SL GREEN REALTY CORP,0001040971,NYSE
RCWLY,Rockwool A/S/ADR,0001969729,OTC
OTGLY,CD Projekt S.A./ADR,0001788235,OTC
BCUCF,Brunello Cucinelli S.p.A./ADR,0001581285,OTC
BMRPF,B&M European Value Retail S.A./ADR,0001671235,OTC
LIFX,"Life360, Inc.",0001581760,OTC
GIKLY,Grifols SA,0001438569,OTC
RUSHB,RUSH ENTERPRISES INC \TX\,0001012019,NASDAQ
HACBY,HACHIJUNI BANK LTD,0000793742,OTC
BLFBY,Balfour Beatty plc/ADR,0001506721,OTC
KMRRF,Kongsberg Maritime ASA/ADR,0002133892,OTC
ALTB,Alpine Auto Brokers Inc.,0001642365,OTC
SFGRF,Sony Financial Group Inc./ADR,0002084022,OTC
UNMA,Unum Group,0000005513,NYSE
SLFPF,STANDARD LIFE PLC,0001370418,OTC
RTMVF,Rightmove PLC/ADR,0001516536,OTC
MITUF,Mitsui Chemicals Inc,0001446420,OTC
BPOPO,"POPULAR, INC.",0000763901,OTC
HGMCF,HARMONY GOLD MINING CO LTD,0001023514,OTC
SSRGF,SSR MINING INC.,0000921638,OTC
ZLDPF,Zealand Pharma A/S/ADR,0002068427,OTC
PHTCF,PLDT Inc.,0000078150,OTC
PCG-PE,PG&E Corp,0001004980,NYSE
PPENF,Pampa Energy Inc.,0001469395,OTC
PCG-PD,PG&E Corp,0001004980,NYSE
AKO-B,ANDINA BOTTLING CO INC,0000925261,NYSE
PCG-PC,PG&E Corp,0001004980,NYSE
FNMFN,FEDERAL NATIONAL MORTGAGE ASSOCIATION FANNIE MAE,0000310522,OTC
PCG-PH,PG&E Corp,0001004980,NYSE
PCG-PG,PG&E Corp,0001004980,NYSE
GAERF,Central North Airport Group,0001378239,OTC
AXS-PE,AXIS CAPITAL HOLDINGS LTD,0001214816,NYSE
DTW,DTE ENERGY CO,0000936340,NYSE
SPTJF,SINOPEC SHANGHAI PETROCHEMICAL CO LTD,0000908732,OTC
PIFMF,"Indofood Sukses Makmur, Tbk",0001445211,OTC
PCG-PI,PG&E Corp,0001004980,NYSE
GEF-B,"GREIF, INC",0000043920,NYSE
DISPF,Disco Corporation/ADR,0001671750,OTC
TCMFF,TELECOM ARGENTINA SA,0000932470,OTC
SLMBP,SLM Corp,0001032033,NASDAQ
DLAKF,DEUTSCHE LUFTHANSA A G /FI,0001049724,OTC
SF-PB,STIFEL FINANCIAL CORP,0000720672,NYSE
DCCPY,DCC plc,0001437712,OTC
BELFB,BEL FUSE INC /NJ,0000729580,NASDAQ
TWO-PC,TWO HARBORS INVESTMENT CORP.,0001465740,NYSE
AVLNF,Avalon Advanced Materials Inc.,0001362898,OTC
LBTYK,Liberty Global Ltd.,0001570585,NASDAQ
TYTMF,Tokyo Tatemono Co Ltd,0001447101,OTC
MOG-B,MOOG INC.,0000067887,NYSE
VLYPP,VALLEY NATIONAL BANCORP,0000714310,NASDAQ
BATRK,"Atlanta Braves Holdings, Inc.",0001958140,NASDAQ
ATROB,ASTRONICS CORP,0000008063,OTC
RYKKF,Ryohin Keikaku Co/ADR,0001592049,OTC
TWO-PB,TWO HARBORS INVESTMENT CORP.,0001465740,NYSE
TWO-PA,TWO HARBORS INVESTMENT CORP.,0001465740,NYSE
WRB-PE,BERKLEY W R CORP,0000011544,NYSE
SOHGY,ALSOK Co Ltd./ADR,0001536787,OTC
VLYPO,VALLEY NATIONAL BANCORP,0000714310,NASDAQ
RLJ-PA,RLJ Lodging Trust,0001511337,NYSE
PEB-PF,Pebblebrook Hotel Trust,0001474098,NYSE
CSAN,Cosan S.A.,0001430162,NYSE
PEB-PE,Pebblebrook Hotel Trust,0001474098,NYSE
CIM-PA,CHIMERA INVESTMENT CORP,0001409493,NYSE
TY-P,TRI-CONTINENTAL Corp,0000099614,NYSE
PTXAF,PT XLSMART Telecom Sejahtera Tbk/ADR,0001545057,OTC
HMDCF,HUTCHMED (China) Ltd,0001648257,OTC
FMCCG,FEDERAL HOME LOAN MORTGAGE CORP,0001026214,OTC
FNMAM,FEDERAL NATIONAL MORTGAGE ASSOCIATION FANNIE MAE,0000310522,OTC
AILLI,Ameren Illinois Co,0000018654,OTC
TRTN-PA,Triton International Ltd,0001660734,NYSE
BATRB,"Atlanta Braves Holdings, Inc.",0001958140,OTC
WELPP,WISCONSIN ELECTRIC POWER CO,0000107815,OTC
AILLM,Ameren Illinois Co,0000018654,OTC
AILLN,Ameren Illinois Co,0000018654,OTC
CDGLF,ComfortDelGro Corp Ltd,0001448611,OTC
FNMAN,FEDERAL NATIONAL MORTGAGE ASSOCIATION FANNIE MAE,0000310522,OTC
TROLB,TOOTSIE ROLL INDUSTRIES INC,0000098677,OTC
AILIM,Ameren Illinois Co,0000018654,OTC
FMCCJ,FEDERAL HOME LOAN MORTGAGE CORP,0001026214,OTC
CENTA,CENTRAL GARDEN & PET CO,0000887733,NASDAQ
FNMAI,FEDERAL NATIONAL MORTGAGE ASSOCIATION FANNIE MAE,0000310522,OTC
CODQL,Coronado Global Resources Inc.,0001770561,OTC
WBHC,WILSON BANK HOLDING CO,0000885275,OTC
GLPGF,Lakefront Biotherapeutics NV,0001421876,OTC
UA,"Under Armour, Inc.",0001336917,NYSE
TBNGY,PT Bukit Asam Tbk/ADR,0001489088,OTC
AILLO,Ameren Illinois Co,0000018654,OTC
AEBZY,ANADOLU EFES BIRACILIK VE MALT SANAYI A S/ADR,0001174511,OTC
LXP-PC,LXP Industrial Trust,0000910108,NYSE
FNMAT,FEDERAL NATIONAL MORTGAGE ASSOCIATION FANNIE MAE,0000310522,OTC
AILIN,Ameren Illinois Co,0000018654,OTC
FNMAK,FEDERAL NATIONAL MORTGAGE ASSOCIATION FANNIE MAE,0000310522,OTC
IFCNF,Inficon Holding AG/ADR,0002035057,OTC
FNMAL,FEDERAL NATIONAL MORTGAGE ASSOCIATION FANNIE MAE,0000310522,OTC
FNMFM,FEDERAL NATIONAL MORTGAGE ASSOCIATION FANNIE MAE,0000310522,OTC
AILLP,Ameren Illinois Co,0000018654,OTC
WLYB,"JOHN WILEY & SONS, INC.",0000107140,NYSE
FNMAO,FEDERAL NATIONAL MORTGAGE ASSOCIATION FANNIE MAE,0000310522,OTC
TUFBY,Thai Union Group Public Co Limited/ADR,0001562296,OTC
FNMAG,FEDERAL NATIONAL MORTGAGE ASSOCIATION FANNIE MAE,0000310522,OTC
FNMFO,FEDERAL NATIONAL MORTGAGE ASSOCIATION FANNIE MAE,0000310522,OTC
ARZTF,ARYZTA AG (fka IAWS GROUP PLC),0001423210,OTC
LILAK,Liberty Latin America Ltd.,0001712184,NASDAQ
GDV-PH,GABELLI DIVIDEND & INCOME TRUST,0001260729,NYSE
FLIDF,FLSMIDTH & CO. A/S,0001433087,OTC
FISK,"Empire State Realty OP, L.P.",0001553079,NYSE
GRPFF,"GRUPO TELEVISA, S.A.B.",0000912892,OTC
EVOTF,Evotec SE,0001412558,OTC
NGL-PC,NGL Energy Partners LP,0001504461,NYSE
BFS-PD,"SAUL CENTERS, INC.",0000907254,NYSE
FMCCL,FEDERAL HOME LOAN MORTGAGE CORP,0001026214,OTC
OGCP,"Empire State Realty OP, L.P.",0001553079,NYSE
AGM-A,FEDERAL AGRICULTURAL MORTGAGE CORP,0000845877,NYSE
FMCKL,FEDERAL HOME LOAN MORTGAGE CORP,0001026214,OTC
LTGHF,Life Healthcare Group Holdings Limited/ADR,0001569963,OTC
PMT-PA,PennyMac Mortgage Investment Trust,0001464423,NYSE
ATLC,Atlanticus Holdings Corp,0001464343,NASDAQ
PMT-PB,PennyMac Mortgage Investment Trust,0001464423,NYSE
SBOEF,SBO AG/ADR,0001578955,OTC
LILAB,Liberty Latin America Ltd.,0001712184,OTC
FMCCS,FEDERAL HOME LOAN MORTGAGE CORP,0001026214,OTC
MHLA,"Maiden Holdings, Ltd.",0001412100,NYSE
FMCCO,FEDERAL HOME LOAN MORTGAGE CORP,0001026214,OTC
BH,Biglari Holdings Inc.,0001726173,NYSE
CODI-PB,Compass Diversified Holdings,0001345126,NYSE
FMCKN,FEDERAL HOME LOAN MORTGAGE CORP,0001026214,OTC
FREJN,FEDERAL HOME LOAN MORTGAGE CORP,0001026214,OTC
CMGMF,Chemring Group PLC/ADR,0001503154,OTC
FMCCN,FEDERAL HOME LOAN MORTGAGE CORP,0001026214,OTC
DRSHF,DroneShield Ltd,0001671541,OTC
FMCKO,FEDERAL HOME LOAN MORTGAGE CORP,0001026214,OTC
FMCKJ,FEDERAL HOME LOAN MORTGAGE CORP,0001026214,OTC
FMCKM,FEDERAL HOME LOAN MORTGAGE CORP,0001026214,OTC
FREGP,FEDERAL HOME LOAN MORTGAGE CORP,0001026214,OTC
GLOP-PA,GasLog Partners LP,0001598655,NYSE
FMCCH,FEDERAL HOME LOAN MORTGAGE CORP,0001026214,OTC
FMCCK,FEDERAL HOME LOAN MORTGAGE CORP,0001026214,OTC
HL-PB,HECLA MINING CO/DE/,0000719413,NYSE
FMCCP,FEDERAL HOME LOAN MORTGAGE CORP,0001026214,OTC
FMCCM,FEDERAL HOME LOAN MORTGAGE CORP,0001026214,OTC
FMCKP,FEDERAL HOME LOAN MORTGAGE CORP,0001026214,OTC
SENEB,Seneca Foods Corp,0000088948,NASDAQ
FXCNF,FIH Mobile Ltd,0001164009,OTC
DGICB,DONEGAL GROUP INC,0000800457,NASDAQ
HCACU,Hall Chadwick Acquisition Corp,0002079013,NASDAQ
KELYB,KELLY SERVICES INC,0000055135,NASDAQ
GTN-A,"GRAY MEDIA, INC",0000043196,NYSE
GDRZF,GOLD RESERVE LTD,0001072725,OTC
MEOBF,MESOBLAST LTD,0001345099,OTC
DRDGF,DRDGOLD LTD,0001023512,OTC
HOVVB,HOVNANIAN ENTERPRISES INC,0000357294,OTC
CMRE-PC,Costamare Inc.,0001503584,NYSE
MGMNF,MAGNA MINING INC.,0001965615,OTC
CLVLF,Clinuvel Pharmaceuticals Ltd,0001290877,OTC
HLTC,"National Healthcare Properties, Inc.",0001561032,OTC
HVT-A,HAVERTY FURNITURE COMPANIES INC,0000216085,NYSE
GGT-PE,GABELLI MULTIMEDIA TRUST INC.,0000921671,NYSE
BRSYF,Brainsway Ltd.,0001505065,OTC
UMH-PD,"UMH PROPERTIES, INC.",0000752642,NYSE
OXLCM,Oxford Lane Capital Corp.,0001495222,NASDAQ
MTGRF,MGX Resources Limited/ADR,0001537543,OTC
WEJTY,WebBeds Group Limited/ADR,0001778788,OTC
TIHRF,Tharisa plc,0002133810,OTC
NEWTI,"NewtekOne, Inc.",0001587987,NASDAQ
PTCHF,PureTech Health plc,0001782999,OTC
OXLCO,Oxford Lane Capital Corp.,0001495222,NASDAQ
CRD-B,CRAWFORD & CO,0000025475,NYSE
ALF,Centurion Acquisition Corp.,0002010930,NASDAQ
ERLFF,Entree Resources Ltd.,0001271554,OTC
AVHHL,"AVITA Medical, Inc.",0001762303,OTC
VSOGF,"Vista Energy, S.A.B. de C.V.",0001762506,OTC
ARTNB,ARTESIAN RESOURCES CORP,0000863110,OTC
CKDXF,Opthea Ltd,0001815620,OTC
CNTHP,CONNECTICUT LIGHT & POWER CO,0000023426,OTC
RDIB,READING INTERNATIONAL INC,0000716634,NASDAQ
IHRTB,"iHeartMedia, Inc.",0001400891,OTC
CNLPL,CONNECTICUT LIGHT & POWER CO,0000023426,OTC
NCZ-PA,Virtus Convertible & Income Fund II,0001227857,NYSE
DFPH,"Starling Oncology, Inc.",0001799191,OTC
DSX-PB,DIANA SHIPPING INC.,0001318885,NYSE
AIRJ,AirJoule Technologies Corp.,0001855474,NASDAQ
CNTHO,CONNECTICUT LIGHT & POWER CO,0000023426,OTC
KRYXF,KORYX COPPER INC.,0001318596,OTC
RVRF,River Financial Corp,0001641601,OTC
CHMI-PB,Cherry Hill Mortgage Investment Corp,0001571776,NYSE
RLFTY,MindMaze Therapeutics Holding SA,0001854078,OTC
PRRUF,IMMUTEP Ltd,0001506184,OTC
UURAF,Ucore Rare Metals Inc.,0001495651,OTC
CNTHN,CONNECTICUT LIGHT & POWER CO,0000023426,OTC
SLNCF,Silence Therapeutics plc,0001479615,OTC
APLMW,Apollomics Inc.,0001944885,NASDAQ
CNLHP,CONNECTICUT LIGHT & POWER CO,0000023426,OTC
LBCMF,Copper Giant Resources Corp.,0001580110,OTC
ARCXF,ArcelorMittal,0001243429,OTC
CNLTP,CONNECTICUT LIGHT & POWER CO,0000023426,OTC
HEXEY,Euronext Athens Holding S.A./ADR,0001577568,OTC
CNLTL,CONNECTICUT LIGHT & POWER CO,0000023426,OTC
IPHYF,Innate Pharma SA,0001598599,OTC
CNPWM,CONNECTICUT LIGHT & POWER CO,0000023426,OTC
PRTHU,"Priority Technology Holdings, Inc.",0001653558,OTC
CHMI-PA,Cherry Hill Mortgage Investment Corp,0001571776,NYSE
CNLHO,CONNECTICUT LIGHT & POWER CO,0000023426,OTC
GSCCF,ioneer Ltd,0001896084,OTC
CNPWP,CONNECTICUT LIGHT & POWER CO,0000023426,OTC
LANDP,GLADSTONE LAND Corp,0001495240,NASDAQ
CNLPM,CONNECTICUT LIGHT & POWER CO,0000023426,OTC
CNLTN,CONNECTICUT LIGHT & POWER CO,0000023426,OTC
VSBC,VITASPRING BIOMEDICAL CO. LTD.,0001697884,OTC
ENO,"ENTERGY NEW ORLEANS, LLC",0000071508,NYSE
CNLHN,CONNECTICUT LIGHT & POWER CO,0000023426,OTC
BNIGF,Beroni Group Ltd,0001851651,OTC
IVEVF,Inventiva S.A.,0001756594,OTC
ECXJ,"CXJ GROUP CO., Ltd",0001823635,OTC
SB-PC,"SAFE BULKERS, INC.",0001434754,NYSE
CHAD,DeFi Development Corp.,0001805526,NASDAQ
AMEGF,American Eagle Gold Corp.,0002129284,OTC
EBRCZ,"EBR Systems, Inc.",0001347123,OTC
STRS,STRATUS PROPERTIES INC,0000885508,OTC
ARRKF,ARRAS MINERALS CORP.,0001855743,OTC
CHPGF,Chesapeake Gold Corp,0001394189,OTC
LUCN,"Lucent, Inc.",0001726079,OTC
BBXIB,"BBX Capital, Inc.",0001814974,OTC
BTA,BlackRock Long-Term Municipal Advantage Trust,0001343793,NYSE
HUSIF,NICOLA MINING INC.,0001526475,OTC
OCGSF,Outcrop Silver & Gold Corp,0000942149,OTC
AOAO,Alpha One Inc.,0002042320,OTC
RAASY,Cloopen Group Holding Ltd,0001804583,OTC
SRG,Seritage Growth Properties,0001628063,NYSE
KWM,Nexus Advanced Technologies Inc.,0002000756,NASDAQ
SFDL,SECURITY FEDERAL CORP,0000818677,OTC
ENDI,ENDI Corp.,0001908984,OTC
JFB,JFB Construction Holdings,0002024306,NASDAQ
BCV-PA,BANCROFT FUND LTD,0000009521,NYSE
BCTF,"Bancorp 34, Inc.",0001668340,OTC
RGBPP,Regen BioPharma Inc,0001589150,OTC
GLU-PB,GABELLI GLOBAL UTILITY & INCOME TRUST,0001282957,NYSE
GFASY,Gafisa S.A.,0001389207,OTC
TTSH,"TILE SHOP HOLDINGS, INC.",0001552800,OTC
ATEK,Athena Technology Acquisition Corp. II,0001882198,OTC
BCOW,"1895 Bancorp of Wisconsin, Inc. /MD/",0001847360,OTC
SIMA,SIM Acquisition Corp. I,0002014982,NASDAQ
CPTP,CAPITAL PROPERTIES INC /RI/,0000202947,OTC
GSL-PB,"Global Ship Lease, Inc.",0001430725,NYSE
KBSR,"KBS Real Estate Investment Trust III, Inc.",0001482430,OTC
CULL,"Cullman Bancorp, Inc. /MD/",0001845799,OTC
LPAA,Launch One Acquisition Corp.,0002015502,NASDAQ
TKLS,"Trutankless, Inc.",0001429393,OTC
NVNXF,NOVONIX Ltd,0001859795,OTC
CMCAF,Piermont Valley Acquisition Corp,0001865248,OTC
IXAQF,IX Acquisition Corp.,0001852019,OTC
GGROU,Golden Growers Cooperative,0001489874,OTC
SRCRF,Scorpio Gold Corp,0001467093,OTC
CBRRF,Chain Bridge I,0001845149,OTC
HSTC,"HST Global, Inc.",0000797564,OTC
HCIL,"Hongchang International Co., Ltd",0001086303,OTC
ASCBF,ASPAC II Acquisition Corp.,0001876716,OTC
FUUFF,F3 Uranium Corp.,0001703118,OTC
FSHPU,Flag Ship Acquisition Corp,0001850059,NASDAQ
ARSMF,ARES STRATEGIC MINING INC.,0001804792,OTC
LIVG,"Livento Group, Inc.",0001593549,OTC
STRC,Strategy Inc,0001050446,NASDAQ
MAPS,"WM TECHNOLOGY, INC.",0001779474,OTC
CIZN,CITIZENS HOLDING CO /MS/,0001075706,OTC
UBOH,UNITED BANCSHARES INC/OH,0001087456,OTC
TRLC,TriLinc Global Impact Fund LLC,0001550453,OTC
MDNAF,Medicenna Therapeutics Corp.,0001807983,OTC
VICP,"Vicapsys Life Sciences, Inc.",0001468639,OTC
JETBF,Global Crossing Airlines Group Inc.,0001846084,OTC
BBXIA,"BBX Capital, Inc.",0001814974,OTC
UONEK,"URBAN ONE, INC.",0001041657,NASDAQ
RMHI,"Retrieve Medical Holdings, Inc.",0001452804,OTC
WINV,WinVest Acquisition Corp.,0001854463,OTC
SCYYF,SCANDIUM INTERNATIONAL MINING CORP.,0001408146,OTC
ONMD,OneMedNet Corp,0001849380,NASDAQ
LPSN,LIVEPERSON INC,0001102993,NASDAQ
CCTSF,Cactus Acquisition Corp. 1 Ltd,0001865861,OTC
WSKEF,Wisekey International Holding S.A.,0001738699,OTC
GBNY,"Generations Bancorp NY, Inc.",0001823365,OTC
BIOE,Bio Essence Corp,0001723059,OTC
ANPCF,ANGLE plc,0001620678,OTC
SWAG,"Stran & Company, Inc.",0001872525,NASDAQ
MLMC,"FrankSpeech Network, Inc.",0001099234,OTC
AATC,AUTOSCOPE TECHNOLOGIES CORP,0000943034,OTC
BRNS,Barinthus Biotherapeutics plc.,0001828185,NASDAQ
LTSV,"Lightstone Value Plus REIT IV, Inc.",0001619312,OTC
OMCC,OLD MARKET CAPITAL Corp,0001000045,OTC
CLCS,"Cell Source, Inc.",0001569340,OTC
HSTI,"High Sierra Technologies, Inc.",0001365388,OTC
GWLL,"GOLDENWELL BIOTECH, INC.",0001800373,OTC
ILLMF,illumin Holdings Inc.,0001861233,OTC
OSBK,OCONEE FINANCIAL CORP,0001076691,OTC
XTXXF,Adastra Holdings Ltd.,0001891512,OTC
WVVIP,WILLAMETTE VALLEY VINEYARDS INC,0000838875,NASDAQ
BEAT,"HeartBeam, Inc.",0001779372,NASDAQ
LTCH,"Latch, Inc.",0001826000,OTC
VWFB,"VWF Bancorp, Inc.",0001913838,OTC
MSBB,"Mercer Bancorp, Inc.",0001967306,OTC
MRZLF,Mirasol Resources Ltd,0001301854,OTC
ZIVO,"Zivo Bioscience, Inc.",0001101026,OTC
RAY,Raytech Holding Ltd,0001948443,NASDAQ
SFES,SAFEGUARD SCIENTIFICS INC,0000086115,OTC
GSTX,Graphene & Solar Technologies Ltd,0001497649,OTC
CYCN,"Korsana Biosciences, Inc.",0001755237,NASDAQ
WNFT,Worldwide NFT Inc.,0001528188,OTC
BRCNF,Burcon NutraScience Corp,0001158399,OTC
WHLRD,"Wheeler Real Estate Investment Trust, Inc.",0001527541,NASDAQ
GLBZ,GLEN BURNIE BANCORP,0000890066,OTC
ANEB,"Anebulo Pharmaceuticals, Inc.",0001815974,OTC
PRNAF,ALTERITY THERAPEUTICS LTD,0001131343,OTC
TAIT,TAITRON COMPONENTS INC,0000942126,OTC
MNTCF,"Montage Technology Co., Ltd./ADR",0002123346,OTC
TVE,Tennessee Valley Authority,0001376986,NYSE
TVC,Tennessee Valley Authority,0001376986,NYSE
CUBT,Curative Biotechnology Inc,0001400271,OTC
AGLY,Atlantis Glory Inc.,0001673504,OTC
GLUC,"Glucose Health, Inc.",0001420108,OTC
CBAI,Coolbit Technologies Ltd,0002082729,OTC
PAXH,PREAXIA HEALTH CARE PAYMENT SYSTEMS INC.,0001350156,OTC
CARV,CARVER BANCORP INC,0001016178,OTC
MGTI,"MGT CAPITAL INVESTMENTS, INC.",0001001601,OTC
EVTK,EVENTIKO INC.,0001816554,OTC
APHD,"VERDE BIO HOLDINGS, INC.",0001490054,OTC
TXRP,"TX Rail Products, Inc.",0001133798,OTC
CJAX,CoJax Oil & Gas Corp,0001763925,OTC
FEOVF,OCEANIC IRON ORE CORP,0000936801,OTC
VISL,"Vislink Technologies, Inc.",0001565228,OTC
SWISF,Sekur Private Data Ltd.,0001771755,OTC
NEXCF,Nextech3D.AI Corp.,0001737270,OTC
BLMH,"BLUM HOLDINGS, INC.",0001996210,OTC
XONI,"Xtreme One Entertainment, Inc.",0002040753,OTC
CLNV,Clean Vision Corp,0001391426,OTC
FULO,FULLNET COMMUNICATIONS INC,0001092570,OTC
LUCY,Innovative Eyewear Inc,0001808377,NASDAQ
NGHI,"Galenfeha, Inc.",0001574676,OTC
VQSSF,VIQ Solutions Inc.,0001777765,OTC
GBCS,"SELECTIS HEALTH, INC.",0000727346,OTC
SITS,"SOUTHERN ITS INTERNATIONAL, INC.",0001468978,OTC
HMMR,HAMMER TECHNOLOGY HOLDINGS CORP.,0001539680,OTC
EESH,"EESTech, Inc.",0001138867,OTC
BRRN,Bryn Inc.,0001397795,OTC
SILEF,Silver Elephant Mining Corp.,0001545224,OTC
MVCO,"Metavesco, Inc.",0000924095,OTC
SLTN,"SILVERTON ENERGY, INC.",0001508786,OTC
PHGE,BiomX Inc.,0001739174,NYSE
BBBXF,Brixton Metals Corp,0001548958,OTC
GLMD,Galmed Pharmaceuticals Ltd.,0001595353,NASDAQ
XESP,"Electronic Servitor Publication Network, Inc.",0001709542,OTC
FGCO,"Financial Gravity Companies, Inc.",0001377167,OTC
EGLXF,Enthusiast Gaming Holdings Inc. / Canada,0001854233,OTC
BASA,"BASANITE, INC.",0001448705,OTC
SUIC,SUIC Worldwide Holdings Ltd.,0001394108,OTC
INNI,"Innovaro, Inc.",0001098482,OTC
VMNT,"Vemanti Group, Inc.",0001605057,OTC
NXMH,"Next Meats Holdings, Inc.",0001811530,OTC
RSCF,"REFLECT SCIENTIFIC, INC.",0001103090,OTC
EGTYF,Eguana Technologies Inc.,0001629632,OTC
TGCB,"Tego Cyber, Inc.",0001815632,OTC
DTGI,"Digerati Technologies, Inc.",0001014052,OTC
MTTCF,Steakholder Foods Ltd.,0001828098,OTC
NUVI,Emo Capital Corp.,0001410708,OTC
WDLF,"Decentral Life, Inc.",0001281984,OTC
BWMG,"Brownie's Marine Group, Inc",0001166708,OTC
ACRL,"Atacama Resources International, Inc.",0001584618,OTC
RDAR,"Telvantis, Inc.",0001384365,OTC
ECIA,ENCISION INC,0000930775,OTC
UCASU,UC Asset LP,0001723517,OTC
BTAI,"BioXcel Therapeutics, Inc.",0001720893,NASDAQ
CETXP,CEMTREX INC,0001435064,OTC
GPLL,"GPL Holdings, Inc.",0001883083,OTC
AAGH,America Great Health,0001098009,OTC
KNOS,KRONOS ADVANCED TECHNOLOGIES INC,0001108248,OTC
CANN,TREES Corp (Colorado),0001477009,OTC
IWAL,iWallet Corp,0001498372,OTC
TPHS,Trinity Place Holdings Inc.,0000724742,OTC
JRSS,JRSIS HEALTH CARE Corp,0001597892,OTC
VCNX,"VACCINEX, INC.",0001205922,OTC
BTOG,SANGRIX INC.,0001735556,NASDAQ
MYCB,"My City Builders, Inc.",0001556801,OTC
SSHT,SSHT S&T Group Ltd.,0001975222,OTC
EBZT,"Everything Blockchain, Inc.",0001730869,OTC
GOGR,Go Green Global Technologies Corp.,0001378866,OTC
RNGC,Ranger Gold Corp.,0001434740,OTC
SYIN,"Synbio International, Inc.",0001292490,OTC
TNBI,Tanke Biosciences Corp,0001452011,OTC
JFTH,"Japan Food Tech Holdings, Inc.",0001857910,OTC
SRMX,"SADDLE RANCH MEDIA, INC.",0000841533,OTC
WHLRP,"Wheeler Real Estate Investment Trust, Inc.",0001527541,NASDAQ
BKTH,MEGOLA INC,0001144392,OTC
AXIM,"AXIM BIOTECHNOLOGIES, INC.",0001514946,OTC
AHRO,"Authentic Holdings, Inc.",0001338929,OTC
SFWJ,"Software Effective Solutions, Corp.",0001919847,OTC
SPQS,"SportsQuest, Inc.",0000803097,OTC
BRLL,Barrel Energy Inc.,0001631463,OTC
MGHL,MORGAN GROUP HOLDING CO,0001162283,OTC
GSAC,GELSTAT CORP,0000890725,OTC
MOBBW,Mobilicom Ltd,0001898643,NASDAQ
MNZO,Exxsun Corp,0001119949,OTC
PCYN,PROCYON CORP,0000812306,OTC
NWPG,"Newport Gold, Inc.",0001289223,OTC
CPWR,Ocean Thermal Energy Corp,0000827099,OTC
PLSH,"PANACEA LIFE SCIENCES HOLDINGS, INC.",0001552189,OTC
PAIYY,Aesthetic Medical International Holdings Group Ltd,0001757143,OTC
FVTI,"Fortune Valley Treasures, Inc.",0001626745,OTC
GMZP,GEMZ Corp. NV,0001973160,OTC
HBUV,Hubilu Venture Corp,0001639068,OTC
KITL,Kisses From Italy Inc.,0001608092,OTC
GSFI,Green Stream Holdings Inc.,0001437476,OTC
DREM,Dream Homes & Development Corp.,0001518336,OTC
CDSG,"China Dongsheng International, Inc.",0000946112,OTC
NTRR,NEUTRA CORP.,0001512886,OTC
MDEX,Madison Technologies Inc.,0001318268,OTC
ADMG,ADAMANT DRI PROCESSING & MINERALS GROUP,0001171008,OTC
BLPG,"Blue Line Protection Group, Inc.",0001416697,OTC
KACLF,Kairous Acquisition Corp. Ltd,0001865468,OTC
ABIT,Athena Bitcoin Global,0001095146,OTC
EHVVF,"Ehave, Inc.",0001653606,OTC
ASII,"Accredited Solutions, Inc.",0001464865,OTC
RTON,"Right On Brands, Inc.",0001580262,OTC
CRDV,Community Redevelopment Inc.,0001084551,OTC
APSI,AQUA POWER SYSTEMS INC.,0001553264,OTC
SNBRQ,Sleep Number Corp,0000827187,OTC
NGCG,"New Generation Consumer Group, Inc.",0001061040,OTC
MMMW,MASS MEGAWATTS WIND POWER INC,0001117228,OTC
LDSN,Aphoenity International Holdings Inc.,0001737193,OTC
MAJI,Nextel Medical Corp.,0001492448,OTC
SHGI,"Sparx Holdings Group, Inc.",0001874138,OTC
LTESF,Leet INC.,0001946746,OTC
GXXM,"GEX MANAGEMENT, INC.",0001681556,OTC
EDGM,"Edgemode, Inc.",0001652958,OTC
OXBRW,OXBRIDGE RE HOLDINGS Ltd,0001584831,NASDAQ
FRQN,"Frequency Holdings, Inc",0001624517,OTC
GWSO,"Global Warming Solutions, Inc.",0001430300,OTC
GMBL,"ESPORTS ENTERTAINMENT GROUP, INC.",0001451448,OTC
EMED,"Electromedical Technologies, Inc",0001715819,OTC
NICH,NITCHES INC,0000772263,OTC
DPUI,"DISCOUNT PRINT USA, INC.",0001791929,OTC
ENDV,"ENDONOVO THERAPEUTICS, INC.",0001528172,OTC
SIGY,"Sigyn Therapeutics, Inc.",0001642159,OTC
KOAN,"Resonate Blends, Inc.",0000897078,OTC
GIPL,Global Innovative Platforms Inc.,0001837774,OTC
SONX,"Sonendo, Inc.",0001407973,OTC
NBND,NetBrands Corp.,0001725911,OTC
SEII,SHARING ECONOMY INTERNATIONAL INC.,0000819926,OTC
DWAY,"Driveitaway Holdings, Inc.",0001394638,OTC
ACBM,"ACRO BIOMEDICAL CO., LTD.",0001622996,OTC
SNPW,Sun Pacific Holding Corp.,0001343465,OTC
CPTAF,Captivision Inc.,0001967478,OTC
YGMZF,MingZhu Logistics Holdings Ltd,0001782037,OTC
DLTI,DLT Resolution Inc.,0001420368,OTC
SONG,Music Licensing Inc.,0001671132,OTC
BPTH,"BIO-PATH HOLDINGS, INC.",0001133818,OTC
BISA,BALTIC INTERNATIONAL USA INC,0000918545,OTC
COSG,Cosmos Group Holdings Inc.,0001706509,OTC
CICC,CION Investment Corp,0001534254,NYSE
AHII,American Heritage International Inc.,0001545236,OTC
AEMRF,AGNICO EAGLE MINES LTD,0000002809,OTC
ASBA,ASSOCIATED BANC-CORP,0000007789,NYSE
ASB-PE,ASSOCIATED BANC-CORP,0000007789,NYSE
ASB-PF,ASSOCIATED BANC-CORP,0000007789,NYSE
WRB-PF,BERKLEY W R CORP,0000011544,NYSE
WRB-PG,BERKLEY W R CORP,0000011544,NYSE
WRB-PH,BERKLEY W R CORP,0000011544,NYSE
BA-PA,BOEING CO,0000012927,NYSE
NSARO,NSTAR ELECTRIC CO,0000013372,OTC
NSARP,NSTAR ELECTRIC CO,0000013372,OTC
CELG-RI,BRISTOL MYERS SQUIBB CO,0000014272,NYSE
BC-PC,BRUNSWICK CORP,0000014930,NYSE
AILIO,Ameren Illinois Co,0000018654,OTC
AILIP,Ameren Illinois Co,0000018654,OTC
AMJB,JPMORGAN CHASE & CO,0000019617,NYSE
JPM-PD,JPMORGAN CHASE & CO,0000019617,NYSE
JPM-PJ,JPMORGAN CHASE & CO,0000019617,NYSE
JPM-PK,JPMORGAN CHASE & CO,0000019617,NYSE
JPM-PL,JPMORGAN CHASE & CO,0000019617,NYSE
JPM-PM,JPMORGAN CHASE & CO,0000019617,NYSE
VYLD,JPMORGAN CHASE & CO,0000019617,NYSE
CTO-PA,"CTO Realty Growth, Inc.",0000023795,NYSE
DDT,"DILLARD'S, INC.",0000028917,NYSE
FRT-PC,FEDERAL REALTY INVESTMENT TRUST,0000034903,NYSE
FITB-PA,FIFTH THIRD BANCORP,0000035527,NYSE
FITB-PI,FIFTH THIRD BANCORP,0000035527,NYSE
FITB-PK,FIFTH THIRD BANCORP,0000035527,NYSE
FITB-PM,FIFTH THIRD BANCORP,0000035527,NYSE
USB-PQ,US BANCORP \DE\,0000036104,NYSE
USB-PR,US BANCORP \DE\,0000036104,NYSE
USB-PS,US BANCORP \DE\,0000036104,NYSE
MTB-PH,M&T BANK CORP,0000036270,NYSE
MTB-PJ,M&T BANK CORP,0000036270,NYSE
MTB-PK,M&T BANK CORP,0000036270,NYSE
MTB-PL,M&T BANK CORP,0000036270,NYSE
FHN-PE,FIRST HORIZON CORP,0000036966,NYSE
FHN-PF,FIRST HORIZON CORP,0000036966,NYSE
FHN-PH,FIRST HORIZON CORP,0000036966,NYSE
F-PB,FORD MOTOR CO,0000037996,NYSE
F-PC,FORD MOTOR CO,0000037996,NYSE
F-PD,FORD MOTOR CO,0000037996,NYSE
CFR-PB,"CULLEN/FROST BANKERS, INC.",0000039263,NYSE
GAM-PB,GENERAL AMERICAN INVESTORS CO INC,0000040417,NYSE
BOH-PA,BANK OF HAWAII CORP,0000046195,NYSE
BOH-PB,BANK OF HAWAII CORP,0000046195,NYSE
HBANL,HUNTINGTON BANCSHARES INC /MD/,0000049196,NASDAQ
HBANM,HUNTINGTON BANCSHARES INC /MD/,0000049196,NASDAQ
HBANP,HUNTINGTON BANCSHARES INC /MD/,0000049196,NASDAQ
HBANZ,HUNTINGTON BANCSHARES INC /MD/,0000049196,NASDAQ
INPAP,INTERNATIONAL PAPER CO /NEW/,0000051434,OTC
KYOAY,KYOCERA CORP,0000057083,OTC
LNC-PD,LINCOLN NATIONAL CORP,0000059558,NYSE
SLNHP,"Soluna Holdings, Inc",0000064463,NASDAQ
MSEXP,MIDDLESEX WATER CO,0000066004,OTC
MNESP,MSA Safety Inc,0000066570,OTC
CTGG,QWEST CORP,0000068622,NYSE
CTHH,QWEST CORP,0000068622,NYSE
BAC-PE,BANK OF AMERICA CORP /DE/,0000070858,NYSE
BAC-PL,BANK OF AMERICA CORP /DE/,0000070858,NYSE
BAC-PM,BANK OF AMERICA CORP /DE/,0000070858,NYSE
BAC-PN,BANK OF AMERICA CORP /DE/,0000070858,NYSE
BAC-PO,BANK OF AMERICA CORP /DE/,0000070858,NYSE
BAC-PP,BANK OF AMERICA CORP /DE/,0000070858,NYSE
BAC-PQ,BANK OF AMERICA CORP /DE/,0000070858,NYSE
BAC-PS,BANK OF AMERICA CORP /DE/,0000070858,NYSE
BACRP,BANK OF AMERICA CORP /DE/,0000070858,OTC
BML-PH,BANK OF AMERICA CORP /DE/,0000070858,NYSE
BML-PJ,BANK OF AMERICA CORP /DE/,0000070858,NYSE
MER-PK,BANK OF AMERICA CORP /DE/,0000070858,NYSE
MOVAA,MOVADO GROUP INC,0000072573,OTC
XELLL,XCEL ENERGY INC,0000072903,NASDAQ
WFCNP,WELLS FARGO & COMPANY/MN,0000072971,OTC
WFC-PA,WELLS FARGO & COMPANY/MN,0000072971,NYSE
WFC-PD,WELLS FARGO & COMPANY/MN,0000072971,NYSE
WFC-PZ,WELLS FARGO & COMPANY/MN,0000072971,NYSE
NTRSO,NORTHERN TRUST CORP,0000073124,NASDAQ
PBI-PB,PITNEY BOWES INC /DE/,0000078814,NYSE
PNMXO,PUBLIC SERVICE CO OF NEW MEXICO,0000081023,OTC
SENEL,Seneca Foods Corp,0000088948,OTC
SENEM,Seneca Foods Corp,0000088948,OTC
KEY-PJ,KEYCORP /NEW/,0000091576,NYSE
KEY-PL,KEYCORP /NEW/,0000091576,NYSE
SCE-PG,SOUTHERN CALIFORNIA EDISON Co,0000092103,NYSE
SCE-PL,SOUTHERN CALIFORNIA EDISON Co,0000092103,NYSE
SCE-PM,SOUTHERN CALIFORNIA EDISON Co,0000092103,NYSE
SCE-PN,SOUTHERN CALIFORNIA EDISON Co,0000092103,NYSE
SOJD,SOUTHERN CO,0000092122,NYSE
SOJE,SOUTHERN CO,0000092122,NYSE
SOJF,SOUTHERN CO,0000092122,NYSE
SOMN,SOUTHERN CO,0000092122,NYSE
TFC-PI,TRUIST FINANCIAL CORP,0000092230,NYSE
TFC-PO,TRUIST FINANCIAL CORP,0000092230,NYSE
TFC-PR,TRUIST FINANCIAL CORP,0000092230,NYSE
SRGBF,SURUGA BANK LTD/ADR/,0000095666,OTC
TDDWW,TIDEWATER INC,0000098222,OTC
TDGMW,TIDEWATER INC,0000098222,OTC
TCPA,TRANSCANADA PIPELINES LTD,0000099070,NYSE
UEPCO,UNION ELECTRIC CO,0000100826,OTC
UEPEM,UNION ELECTRIC CO,0000100826,OTC
UMBFO,UMB FINANCIAL CORP,0000101382,NASDAQ
VSECU,VSE CORP,0000102752,NASDAQ
WHR-PA,WHIRLPOOL CORP /DE/,0000106640,NYSE
WELPM,WISCONSIN ELECTRIC POWER CO,0000107815,OTC
ZIONP,"ZIONS BANCORPORATION, NATIONAL ASSOCIATION /UT/",0000109380,NASDAQ
WSBCO,WESBANCO INC,0000203596,NASDAQ
SIGIP,SELECTIVE INSURANCE GROUP INC,0000230557,NASDAQ
FNMAH,FEDERAL NATIONAL MORTGAGE ASSOCIATION FANNIE MAE,0000310522,OTC
FNMAJ,FEDERAL NATIONAL MORTGAGE ASSOCIATION FANNIE MAE,0000310522,OTC
FNMAP,FEDERAL NATIONAL MORTGAGE ASSOCIATION FANNIE MAE,0000310522,OTC
FNMAS,FEDERAL NATIONAL MORTGAGE ASSOCIATION FANNIE MAE,0000310522,OTC
ATMP,BARCLAYS BANK PLC,0000312070,CBOE
BWVTF,BARCLAYS BANK PLC,0000312070,OTC
DJP,BARCLAYS BANK PLC,0000312070,NYSE
GBUG,BARCLAYS BANK PLC,0000312070,NASDAQ
GRN,BARCLAYS BANK PLC,0000312070,NYSE
JJETF,BARCLAYS BANK PLC,0000312070,OTC
TAPR,BARCLAYS BANK PLC,0000312070,CBOE
VXX,BARCLAYS BANK PLC,0000312070,CBOE
VXZ,BARCLAYS BANK PLC,0000312070,CBOE
BPPFF,BP PLC,0000313807,OTC
BUSEP,FIRST BUSEY CORP /NV/,0000314489,NASDAQ
VAL-WT,Valaris Ltd,0000314808,NYSE
SCHW-PD,SCHWAB CHARLES CORP,0000316709,NYSE
SCHW-PJ,SCHWAB CHARLES CORP,0000316709,NYSE
GL-PD,GLOBE LIFE INC.,0000320335,NYSE
AIRTP,AIR T INC,0000353184,NASDAQ
TYOYF,TAIYO YUDEN CO LTD /ADR/,0000354516,OTC
HOVNP,HOVNANIAN ENTERPRISES INC,0000357294,NASDAQ
FULTP,FULTON FINANCIAL CORP,0000700564,NASDAQ
KGCRF,KINROSS GOLD CORP,0000701818,OTC
ONBPO,OLD NATIONAL BANCORP /IN/,0000707179,NASDAQ
ONBPP,OLD NATIONAL BANCORP /IN/,0000707179,NASDAQ
FRMEP,FIRST MERCHANTS CORP,0000712534,NASDAQ
CNOBP,"ConnectOne Bancorp, Inc.",0000712771,NASDAQ
VLYPN,VALLEY NATIONAL BANCORP,0000714310,NASDAQ
BCAEF,BCE INC,0000718940,OTC
BCEFF,BCE INC,0000718940,OTC
BCEIF,BCE INC,0000718940,OTC
BCENF,BCE INC,0000718940,OTC
BCEPF,BCE INC,0000718940,OTC
BCEXF,BCE INC,0000718940,OTC
BCPPF,BCE INC,0000718940,OTC
WBKCY,WESTPAC BANKING CORP,0000719245,OTC
SFB,STIFEL FINANCIAL CORP,0000720672,NYSE
SF-PC,STIFEL FINANCIAL CORP,0000720672,NYSE
SF-PD,STIFEL FINANCIAL CORP,0000720672,NYSE
DHTI,"Dalrada Technology Group, Inc.",0000725394,OTC
CDZIP,CADIZ INC,0000727273,NASDAQ
T-PA,AT&T INC.,0000732717,NYSE
T-PC,AT&T INC.,0000732717,NYSE
CCNEP,CNB FINANCIAL CORP/PA,0000736772,NASDAQ
ERNAW,Ernexa Therapeutics Inc.,0000748592,NASDAQ
LAWIL,"Light & Wonder, Inc.",0000750004,OTC
LNWO,"Light & Wonder, Inc.",0000750004,OTC
HWCPZ,HANCOCK WHITNEY CORP,0000750577,NASDAQ
NEE-PN,NEXTERA ENERGY INC,0000753308,NYSE
NEE-PS,NEXTERA ENERGY INC,0000753308,NYSE
NEE-PT,NEXTERA ENERGY INC,0000753308,NYSE
NEE-PU,NEXTERA ENERGY INC,0000753308,NYSE
NEE-PV,NEXTERA ENERGY INC,0000753308,NYSE
NEE-PW,NEXTERA ENERGY INC,0000753308,NYSE
CFG-PE,CITIZENS FINANCIAL GROUP INC/RI,0000759944,NYSE
CFG-PH,CITIZENS FINANCIAL GROUP INC/RI,0000759944,NYSE
CFG-PI,CITIZENS FINANCIAL GROUP INC/RI,0000759944,NYSE
BANFP,BANCFIRST CORP /OK/,0000760498,NASDAQ
CDR-PB,"CEDAR REALTY TRUST, INC.",0000761648,NYSE
CDR-PC,"CEDAR REALTY TRUST, INC.",0000761648,NYSE
BPOPM,"POPULAR, INC.",0000763901,NASDAQ
AEFC,AEGON LTD.,0000769218,NYSE
NPPXF,NIPPON TELEGRAPH & TELEPHONE CORP,0000769594,OTC
PAASF,PAN AMERICAN SILVER CORP,0000771992,OTC
ABAKF,"ABRDN ASIA-PACIFIC INCOME FUND, INC.",0000790500,OTC
ECF-PA,ELLSWORTH GROWTH & INCOME FUND LTD,0000793040,NYSE
HACBF,HACHIJUNI BANK LTD,0000793742,OTC
GAB-PG,GABELLI EQUITY TRUST INC,0000794685,NYSE
GAB-PH,GABELLI EQUITY TRUST INC,0000794685,NYSE
GAB-PK,GABELLI EQUITY TRUST INC,0000794685,NYSE
OXY-WT,OCCIDENTAL PETROLEUM CORP /DE/,0000797468,NYSE
FCNCN,FIRST CITIZENS BANCSHARES INC /DE/,0000798941,NASDAQ
FCNCO,FIRST CITIZENS BANCSHARES INC /DE/,0000798941,NASDAQ
FCNCP,FIRST CITIZENS BANCSHARES INC /DE/,0000798941,NASDAQ
CMSC,CMS ENERGY CORP,0000811156,NYSE
CMSD,CMS ENERGY CORP,0000811156,NYSE
CMS-PC,CMS ENERGY CORP,0000811156,NYSE
SNUS-PH,"Santander Holdings USA, Inc.",0000811830,NYSE
SNUS-PI,"Santander Holdings USA, Inc.",0000811830,NYSE
TELFY,TELEFONICA S A,0000814052,OTC
UZD,"ARRAY DIGITAL INFRASTRUCTURE, INC.",0000821130,NYSE
UZE,"ARRAY DIGITAL INFRASTRUCTURE, INC.",0000821130,NYSE
UZF,"ARRAY DIGITAL INFRASTRUCTURE, INC.",0000821130,NYSE
CHSCL,CHS INC,0000823277,NASDAQ
CHSCM,CHS INC,0000823277,NASDAQ
CHSCN,CHS INC,0000823277,NASDAQ
CHSCO,CHS INC,0000823277,NASDAQ
DX-PC,DYNEX CAPITAL INC,0000826675,NYSE
MCHPP,MICROCHIP TECHNOLOGY INC,0000827054,NASDAQ
CLSKW,"CLEANSPARK, INC.",0000827876,NASDAQ
C-PN,CITIGROUP INC,0000831001,NYSE
C-PR,CITIGROUP INC,0000831001,NYSE
CWLXF,C21 Investments Inc.,0000831609,OTC
WEXPF,WESTERN EXPLORATION INC.,0000842622,OTC
AGM-PD,FEDERAL AGRICULTURAL MORTGAGE CORP,0000845877,NYSE
AGM-PE,FEDERAL AGRICULTURAL MORTGAGE CORP,0000845877,NYSE
AGM-PF,FEDERAL AGRICULTURAL MORTGAGE CORP,0000845877,NYSE
AGM-PG,FEDERAL AGRICULTURAL MORTGAGE CORP,0000845877,NYSE
AGM-PH,FEDERAL AGRICULTURAL MORTGAGE CORP,0000845877,NYSE
AGM-PI,FEDERAL AGRICULTURAL MORTGAGE CORP,0000845877,NYSE
DCBG,"Dime Commercial Bancshares, Inc. /NY/",0000846617,NYSE
DCOM-P,"Dime Commercial Bancshares, Inc. /NY/",0000846617,NYSE
GENVR,Gen Digital Inc.,0000849399,NASDAQ
GRWFF,GREAT-WEST LIFECO INC.,0000850918,OTC
GRWLF,GREAT-WEST LIFECO INC.,0000850918,OTC
GRWTF,GREAT-WEST LIFECO INC.,0000850918,OTC
GWLPF,GREAT-WEST LIFECO INC.,0000850918,OTC
KMPB,KEMPER Corp,0000860748,NYSE
WOLTF,WOLTERS KLUWER N V /FI,0000861967,OTC
INVUP,"Investview, Inc.",0000862651,OTC
FIISO,FINANCIAL INSTITUTIONS INC,0000862831,OTC
FIISP,FINANCIAL INSTITUTIONS INC,0000862831,OTC
HIG-PG,"HARTFORD INSURANCE GROUP, INC.",0000874766,NYSE
RMTHF,MAGIC SOFTWARE ENTERPRISES LTD,0000876779,OTC
KIM-PL,KIMCO REALTY CORP,0000879101,NYSE
KIM-PM,KIMCO REALTY CORP,0000879101,NYSE
KIM-PN,KIMCO REALTY CORP,0000879101,NYSE
AERGP,"APPLIED ENERGETICS, INC.",0000879911,OTC
AUB-PA,Atlantic Union Bankshares Corp,0000883948,NYSE
FCELB,FUELCELL ENERGY INC,0000886128,OTC
LGNDZ,LIGAND PHARMACEUTICALS INC,0000886163,OTC
LGNXZ,LIGAND PHARMACEUTICALS INC,0000886163,OTC
LGNYZ,LIGAND PHARMACEUTICALS INC,0000886163,OTC
LGNZZ,LIGAND PHARMACEUTICALS INC,0000886163,OTC
GSCE,GOLDMAN SACHS GROUP INC,0000886982,OTC
GS-PA,GOLDMAN SACHS GROUP INC,0000886982,NYSE
GS-PC,GOLDMAN SACHS GROUP INC,0000886982,NYSE
GS-PD,GOLDMAN SACHS GROUP INC,0000886982,NYSE
MS-PA,MORGAN STANLEY,0000895421,NYSE
MS-PF,MORGAN STANLEY,0000895421,NYSE
MS-PI,MORGAN STANLEY,0000895421,NYSE
MS-PL,MORGAN STANLEY,0000895421,NYSE
MS-PO,MORGAN STANLEY,0000895421,NYSE
MS-PP,MORGAN STANLEY,0000895421,NYSE
MS-PQ,MORGAN STANLEY,0000895421,NYSE
EBBGF,ENBRIDGE INC,0000895728,OTC
EBGEF,ENBRIDGE INC,0000895728,OTC
EBRGF,ENBRIDGE INC,0000895728,OTC
EBRZF,ENBRIDGE INC,0000895728,OTC
ENBFF,ENBRIDGE INC,0000895728,OTC
ENBGF,ENBRIDGE INC,0000895728,OTC
ENBHF,ENBRIDGE INC,0000895728,OTC
ENBMF,ENBRIDGE INC,0000895728,OTC
ENBNF,ENBRIDGE INC,0000895728,OTC
ENBOF,ENBRIDGE INC,0000895728,OTC
ENBRF,ENBRIDGE INC,0000895728,OTC
ENBSF,ENBRIDGE INC,0000895728,OTC
ENFFF,ENBRIDGE INC,0000895728,OTC
ENNPF,ENBRIDGE INC,0000895728,OTC
GPUS-PD,"Hyperscale Data, Inc.",0000896493,NYSE
SPE-PC,"SPECIAL OPPORTUNITIES FUND, INC.",0000897802,NYSE
RZC,REINSURANCE GROUP OF AMERICA INC,0000898174,NYSE
ALL-PB,ALLSTATE CORP,0000899051,NYSE
ALL-PI,ALLSTATE CORP,0000899051,NYSE
ALL-PJ,ALLSTATE CORP,0000899051,NYSE
VNO-PN,VORNADO REALTY TRUST,0000899689,NYSE
VNO-PO,VORNADO REALTY TRUST,0000899689,NYSE
BFS-PE,"SAUL CENTERS, INC.",0000907254,NYSE
TXEMF,TEMPLETON EMERGING MARKETS INCOME FUND,0000909112,OTC
FLG-PA,"FLAGSTAR BANK, NATIONAL ASSOCIATION",0000910073,NYSE
FLG-PU,"FLAGSTAR BANK, NATIONAL ASSOCIATION",0000910073,NYSE
REGCO,REGENCY CENTERS CORP,0000910606,NASDAQ
REGCP,REGENCY CENTERS CORP,0000910606,NASDAQ
PREJF,PARTNERRE LTD,0000911421,OTC
MLCMF,MILLICOM INTERNATIONAL CELLULAR SA,0000912958,OTC
RNR-PF,RENAISSANCERE HOLDINGS LTD,0000913144,NYSE
RNR-PG,RENAISSANCERE HOLDINGS LTD,0000913144,NYSE
ALB-PA,ALBEMARLE CORP,0000915913,NYSE
ADC-PA,AGREE REALTY CORP,0000917251,NYSE
GGT-PG,GABELLI MULTIMEDIA TRUST INC.,0000921671,NYSE
PPLC,PPL Corp,0000922224,NYSE
COF-PI,CAPITAL ONE FINANCIAL CORP,0000927628,NYSE
COF-PJ,CAPITAL ONE FINANCIAL CORP,0000927628,NYSE
COF-PK,CAPITAL ONE FINANCIAL CORP,0000927628,NYSE
COF-PL,CAPITAL ONE FINANCIAL CORP,0000927628,NYSE
COF-PN,CAPITAL ONE FINANCIAL CORP,0000927628,NYSE
AIQD,BANK OF MONTREAL /CAN/,0000927971,NYSE
AIQU,BANK OF MONTREAL /CAN/,0000927971,NYSE
BERZ,BANK OF MONTREAL /CAN/,0000927971,NYSE
BNKD,BANK OF MONTREAL /CAN/,0000927971,NYSE
BNKU,BANK OF MONTREAL /CAN/,0000927971,NYSE
BRZD,BANK OF MONTREAL /CAN/,0000927971,CBOE
BULZ,BANK OF MONTREAL /CAN/,0000927971,NYSE
CARD,BANK OF MONTREAL /CAN/,0000927971,NYSE
CARU,BANK OF MONTREAL /CAN/,0000927971,NYSE
DULL,BANK OF MONTREAL /CAN/,0000927971,NYSE
FLYD,BANK OF MONTREAL /CAN/,0000927971,NYSE
FLYU,BANK OF MONTREAL /CAN/,0000927971,NYSE
FNGO,BANK OF MONTREAL /CAN/,0000927971,NYSE
FNGS,BANK OF MONTREAL /CAN/,0000927971,NYSE
FNGU,BANK OF MONTREAL /CAN/,0000927971,NYSE
GDXD,BANK OF MONTREAL /CAN/,0000927971,NYSE
GDXU,BANK OF MONTREAL /CAN/,0000927971,NYSE
HYGD,BANK OF MONTREAL /CAN/,0000927971,CBOE
HYGU,BANK OF MONTREAL /CAN/,0000927971,CBOE
JETD,BANK OF MONTREAL /CAN/,0000927971,NYSE
JETU,BANK OF MONTREAL /CAN/,0000927971,NYSE
JPND,BANK OF MONTREAL /CAN/,0000927971,CBOE
JPNU,BANK OF MONTREAL /CAN/,0000927971,CBOE
LQDD,BANK OF MONTREAL /CAN/,0000927971,CBOE
LQDU,BANK OF MONTREAL /CAN/,0000927971,CBOE
MNGU,BANK OF MONTREAL /CAN/,0000927971,NYSE
NRGD,BANK OF MONTREAL /CAN/,0000927971,NYSE
NRGU,BANK OF MONTREAL /CAN/,0000927971,NYSE
OILD,BANK OF MONTREAL /CAN/,0000927971,NYSE
OILU,BANK OF MONTREAL /CAN/,0000927971,NYSE
SHNY,BANK OF MONTREAL /CAN/,0000927971,NYSE
SMHD,BANK OF MONTREAL /CAN/,0000927971,CBOE
SMHU,BANK OF MONTREAL /CAN/,0000927971,CBOE
SPYU,BANK OF MONTREAL /CAN/,0000927971,NYSE
TAWN,BANK OF MONTREAL /CAN/,0000927971,CBOE
TPEI,BANK OF MONTREAL /CAN/,0000927971,CBOE
WTID,BANK OF MONTREAL /CAN/,0000927971,NYSE
WTIU,BANK OF MONTREAL /CAN/,0000927971,NYSE
XLCD,BANK OF MONTREAL /CAN/,0000927971,CBOE
XLCU,BANK OF MONTREAL /CAN/,0000927971,CBOE
XLPD,BANK OF MONTREAL /CAN/,0000927971,CBOE
XLPU,BANK OF MONTREAL /CAN/,0000927971,CBOE
RWTN,REDWOOD TRUST INC,0000930236,NYSE
RWTO,REDWOOD TRUST INC,0000930236,NYSE
RWTP,REDWOOD TRUST INC,0000930236,NYSE
RWT-PA,REDWOOD TRUST INC,0000930236,NYSE
RWTQ,REDWOOD TRUST INC,0000930236,NYSE
RWTS,REDWOOD TRUST INC,0000930236,NYSE
DTB,DTE ENERGY CO,0000936340,NYSE
DTG,DTE ENERGY CO,0000936340,NYSE
DTK,DTE ENERGY CO,0000936340,NYSE
WAFDP,WAFD INC,0000936528,NASDAQ
TDBCP,TORONTO DOMINION BANK,0000947263,OTC
ACGLN,ARCH CAPITAL GROUP LTD.,0000947484,NASDAQ
ACGLO,ARCH CAPITAL GROUP LTD.,0000947484,NASDAQ
LFMDP,"LifeMD, Inc.",0000948320,NASDAQ
MBNKO,MEDALLION FINANCIAL CORP,0001000209,NASDAQ
RYLBF,ROYAL BANK OF CANADA,0001000275,OTC
BAMKF,BROOKFIELD Corp /ON/,0001001085,OTC
BKAMF,BROOKFIELD Corp /ON/,0001001085,OTC
BKFAF,BROOKFIELD Corp /ON/,0001001085,OTC
BKFDF,BROOKFIELD Corp /ON/,0001001085,OTC
BKFOF,BROOKFIELD Corp /ON/,0001001085,OTC
BKFPF,BROOKFIELD Corp /ON/,0001001085,OTC
BKPA,BROOKFIELD Corp /ON/,0001001085,OTC
BNH,BROOKFIELD Corp /ON/,0001001085,NYSE
BNJ,BROOKFIELD Corp /ON/,0001001085,NYSE
BRCFF,BROOKFIELD Corp /ON/,0001001085,OTC
BRFAF,BROOKFIELD Corp /ON/,0001001085,OTC
BRFCF,BROOKFIELD Corp /ON/,0001001085,OTC
BROXF,BROOKFIELD Corp /ON/,0001001085,OTC
BRPSF,BROOKFIELD Corp /ON/,0001001085,OTC
BXDIF,BROOKFIELD Corp /ON/,0001001085,OTC
NEWEN,NATIONAL GRID PLC,0001004315,OTC
NMKBP,NATIONAL GRID PLC,0001004315,OTC
NMKCP,NATIONAL GRID PLC,0001004315,OTC
NMPWP,NATIONAL GRID PLC,0001004315,OTC
MGR,"AFFILIATED MANAGERS GROUP, INC.",0001004434,NYSE
MGRB,"AFFILIATED MANAGERS GROUP, INC.",0001004434,NYSE
MGRD,"AFFILIATED MANAGERS GROUP, INC.",0001004434,NYSE
MGRE,"AFFILIATED MANAGERS GROUP, INC.",0001004434,NYSE
RHEPA,"REGIONAL HEALTH PROPERTIES, INC",0001004724,OTC
RHEPB,"REGIONAL HEALTH PROPERTIES, INC",0001004724,OTC
RHEPZ,"REGIONAL HEALTH PROPERTIES, INC",0001004724,OTC
PCG-PA,PG&E Corp,0001004980,NYSE
PCG-PB,PG&E Corp,0001004980,NYSE
PCG-PX,PG&E Corp,0001004980,NYSE
AIMDW,"Ainos, Inc.",0001014763,NASDAQ
WTFCN,WINTRUST FINANCIAL CORP,0001015328,NASDAQ
POWWP,Outdoor Holding Co,0001015383,NASDAQ
XAEIU,AEI INCOME & GROWTH FUND XXII LTD PARTNERSHIP,0001023458,OTC
EFSCP,ENTERPRISE FINANCIAL SERVICES CORP,0001025835,NASDAQ
FMCCI,FEDERAL HOME LOAN MORTGAGE CORP,0001026214,OTC
FMCCT,FEDERAL HOME LOAN MORTGAGE CORP,0001026214,OTC
FMCKI,FEDERAL HOME LOAN MORTGAGE CORP,0001026214,OTC
FMCKK,FEDERAL HOME LOAN MORTGAGE CORP,0001026214,OTC
FREJP,FEDERAL HOME LOAN MORTGAGE CORP,0001026214,OTC
IPGLF,INTERPUMP GROUP SPA /FI,0001029974,OTC
WILCF,G WILLI FOOD INTERNATIONAL LTD,0001030997,OTC
SREA,SEMPRA,0001032208,NYSE
ORANY,ORANGE,0001038143,OTC
ELCPF,EDP ENERGIAS DE PORTUGAL SA,0001039610,OTC
ANG-PD,American National Group Inc.,0001039828,NYSE
AFGB,AMERICAN FINANCIAL GROUP INC,0001042046,NYSE
AFGC,AMERICAN FINANCIAL GROUP INC,0001042046,NYSE
AFGD,AMERICAN FINANCIAL GROUP INC,0001042046,NYSE
AFGE,AMERICAN FINANCIAL GROUP INC,0001042046,NYSE
NLY-PF,ANNALY CAPITAL MANAGEMENT INC,0001043219,NYSE
NLY-PG,ANNALY CAPITAL MANAGEMENT INC,0001043219,NYSE
NLY-PI,ANNALY CAPITAL MANAGEMENT INC,0001043219,NYSE
NLY-PJ,ANNALY CAPITAL MANAGEMENT INC,0001043219,NYSE
EPR-PC,EPR PROPERTIES,0001045450,NYSE
EPR-PE,EPR PROPERTIES,0001045450,NYSE
EPR-PG,EPR PROPERTIES,0001045450,NYSE
CNDIF,CANADIAN IMPERIAL BANK OF COMMERCE /CAN/,0001045520,OTC
PLDGP,"Prologis, Inc.",0001045609,OTC
STRD,Strategy Inc,0001050446,NASDAQ
STRF,Strategy Inc,0001050446,NASDAQ
STRK,Strategy Inc,0001050446,NASDAQ
TDS-PU,TELEPHONE & DATA SYSTEMS INC /DE/,0001051512,NYSE
TDS-PV,TELEPHONE & DATA SYSTEMS INC /DE/,0001051512,NYSE
GLDI,CREDIT SUISSE AG,0001053092,NASDAQ
SLVO,CREDIT SUISSE AG,0001053092,NASDAQ
USOI,CREDIT SUISSE AG,0001053092,NASDAQ
IDXGD,"INTERPACE BIOSCIENCES, INC.",0001054102,OTC
MFAN,"MFA FINANCIAL, INC.",0001055160,NYSE
MFAO,"MFA FINANCIAL, INC.",0001055160,NYSE
MFA-PB,"MFA FINANCIAL, INC.",0001055160,NYSE
MFA-PC,"MFA FINANCIAL, INC.",0001055160,NYSE
CMLSQ,CUMULUS MEDIA INC,0001058623,OTC
EPDU,ENTERPRISE PRODUCTS PARTNERS L.P.,0001061219,OTC
FNFPA,FIRST NILES FINANCIAL INC,0001065823,OTC
BESS-WT,Bimergen Energy Corp,0001066764,NYSE
SWZCF,SWISSCOM AG,0001069336,OTC
APCXW,AppTech Payments Corp.,0001070050,OTC
PAAPU,PLAINS ALL AMERICAN PIPELINE LP,0001070423,OTC
TMSOF,THOMSON REUTERS CORP /CAN/,0001075124,OTC
DHCNI,DIVERSIFIED HEALTHCARE TRUST,0001075415,NASDAQ
DHCNL,DIVERSIFIED HEALTHCARE TRUST,0001075415,NASDAQ
NOVTU,NOVANTA INC,0001076930,NASDAQ
TCBIO,TEXAS CAPITAL BANCSHARES INC/TX,0001077428,NASDAQ
TGOPF,3i GROUP PLC,0001078716,OTC
SQFTP,"Presidio Property Trust, Inc.",0001080657,NASDAQ
SQFTW,"Presidio Property Trust, Inc.",0001080657,NASDAQ
GUT-PC,GABELLI UTILITY TRUST,0001080720,NYSE
MOBQW,"Mobiquity Technologies, Inc.",0001084267,OTC
MNLCF,MANULIFE FINANCIAL CORP,0001086888,OTC
MNQFF,MANULIFE FINANCIAL CORP,0001086888,OTC
MNUFF,MANULIFE FINANCIAL CORP,0001086888,OTC
MNUPF,MANULIFE FINANCIAL CORP,0001086888,OTC
SNTUF,Santander UK plc,0001087711,OTC
STNDF,Santander UK plc,0001087711,OTC
SWKHL,SWK Holdings Corp,0001089907,NASDAQ
CHTRP,"CHARTER COMMUNICATIONS, INC. /MO/",0001091667,NASDAQ
SLFIF,SUN LIFE FINANCIAL INC,0001097362,OTC
SLFQF,SUN LIFE FINANCIAL INC,0001097362,OTC
SUNFF,SUN LIFE FINANCIAL INC,0001097362,OTC
MET-PF,METLIFE INC,0001099219,NYSE
BFH-PA,"BREAD FINANCIAL HOLDINGS, INC.",0001101215,NYSE
BFH-PB,"BREAD FINANCIAL HOLDINGS, INC.",0001101215,NYSE
PTCCY,PETROCHINA CO LTD,0001108329,OTC
BRKRP,BRUKER CORP,0001109354,NASDAQ
CSCIF,COSCIENS Biopharma Inc.,0001113423,OTC
AMUB,UBS AG,0001114446,NYSE
BDCX,UBS AG,0001114446,NYSE
BDCZ,UBS AG,0001114446,NYSE
CEFD,UBS AG,0001114446,NYSE
HDLB,UBS AG,0001114446,NYSE
IFED,UBS AG,0001114446,NYSE
MLPB,UBS AG,0001114446,NYSE
MLPR,UBS AG,0001114446,NYSE
MVRL,UBS AG,0001114446,NYSE
PFFL,UBS AG,0001114446,NYSE
SMHB,UBS AG,0001114446,NYSE
UCIB,UBS AG,0001114446,NYSE
SRJN,SPIRE INC,0001126956,NYSE
EMICF,EMERA INC,0001127248,OTC
EMRJF,EMERA INC,0001127248,OTC
XAKJ,"SIPP International Industries, Inc.",0001128252,OTC
BGMSP,"Bio Green Med Solution, Inc.",0001130166,OTC
BBBYW,"NEIGHBORHOOD INTELLIGENCE, INC.",0001130713,NASDAQ
ZNOGW,ZION OIL & GAS INC,0001131312,OTC
PFH,PRUDENTIAL FINANCIAL INC,0001137774,NYSE
PRH,PRUDENTIAL FINANCIAL INC,0001137774,NYSE
PRS,PRUDENTIAL FINANCIAL INC,0001137774,NYSE
TACPF,TRANSALTA CORP,0001144800,OTC
TRNTF,TRANSALTA CORP,0001144800,OTC
TSLTF,TRANSALTA CORP,0001144800,OTC
ADZCF,DEUTSCHE BANK AKTIENGESELLSCHAFT,0001159508,OTC
DEENF,DEUTSCHE BANK AKTIENGESELLSCHAFT,0001159508,OTC
DGP,DEUTSCHE BANK AKTIENGESELLSCHAFT,0001159508,NYSE
DGZ,DEUTSCHE BANK AKTIENGESELLSCHAFT,0001159508,NYSE
DZZ,DEUTSCHE BANK AKTIENGESELLSCHAFT,0001159508,NYSE
OLOXF,DEUTSCHE BANK AKTIENGESELLSCHAFT,0001159508,OTC
LLOBF,Lloyds Banking Group plc,0001160106,OTC
NEMCL,NEWMONT Corp /DE/,0001164727,OTC
TEN-PE,TSAKOS ENERGY NAVIGATION LTD,0001166663,NYSE
TEN-PF,TSAKOS ENERGY NAVIGATION LTD,0001166663,NYSE
BANC-PF,"BANC OF CALIFORNIA, INC.",0001169770,NYSE
ECOC,"ABVC BIOPHARMA, INC.",0001173313,OTC
AGQPF,ALGONQUIN POWER & UTILITIES CORP.,0001174169,OTC
AQNB,ALGONQUIN POWER & UTILITIES CORP.,0001174169,NYSE
AEBMF,ANADOLU EFES BIRACILIK VE MALT SANAYI A S/ADR,0001174511,OTC
ARES-PB,Ares Management Corp,0001176948,NYSE
STRRP,"Star Equity Holdings, Inc.",0001210708,NASDAQ
WAL-PA,WESTERN ALLIANCE BANCORPORATION,0001212545,NYSE
NCV-PA,Virtus Convertible & Income Fund,0001214935,NYSE
CNO-PA,"CNO Financial Group, Inc.",0001224608,NYSE
TCENF,TC ENERGY CORP,0001232384,OTC
TCEYF,TC ENERGY CORP,0001232384,OTC
TRPEF,TC ENERGY CORP,0001232384,OTC
TRPPF,TC ENERGY CORP,0001232384,OTC
TRPRF,TC ENERGY CORP,0001232384,OTC
AHT-PD,ASHFORD HOSPITALITY TRUST INC,0001232582,NYSE
AHT-PF,ASHFORD HOSPITALITY TRUST INC,0001232582,NYSE
AHT-PG,ASHFORD HOSPITALITY TRUST INC,0001232582,NYSE
AHT-PH,ASHFORD HOSPITALITY TRUST INC,0001232582,NYSE
AHT-PI,ASHFORD HOSPITALITY TRUST INC,0001232582,NYSE
GOODN,GLADSTONE COMMERCIAL CORP,0001234006,NASDAQ
GOODO,GLADSTONE COMMERCIAL CORP,0001234006,NASDAQ
QXO-PB,"QXO, Inc.",0001236275,NYSE
ABR-PD,ARBOR REALTY TRUST INC,0001253986,NYSE
ABR-PE,ARBOR REALTY TRUST INC,0001253986,NYSE
ABR-PF,ARBOR REALTY TRUST INC,0001253986,NYSE
QVCG,"QVC Group, Inc.",0001254699,NASDAQ
OXSQG,Oxford Square Capital Corp.,0001259429,NASDAQ
OXSQH,Oxford Square Capital Corp.,0001259429,NASDAQ
GDV-PK,GABELLI DIVIDEND & INCOME TRUST,0001260729,NYSE
COPR-WT,Idaho Copper Corp,0001263364,NYSE
AIZN,"ASSURANT, INC.",0001267238,NYSE
AHL-PD,ASPEN INSURANCE HOLDINGS LTD,0001267395,NYSE
AHL-PE,ASPEN INSURANCE HOLDINGS LTD,0001267395,NYSE
AHL-PF,ASPEN INSURANCE HOLDINGS LTD,0001267395,NYSE
CILFY,CHINA LIFE INSURANCE CO LTD,0001268896,OTC
ADAMG,"ADAMAS TRUST, INC.",0001273685,NASDAQ
ADAMH,"ADAMAS TRUST, INC.",0001273685,NASDAQ
ADAMI,"ADAMAS TRUST, INC.",0001273685,NASDAQ
ADAMK,"ADAMAS TRUST, INC.",0001273685,NASDAQ
ADAML,"ADAMAS TRUST, INC.",0001273685,NASDAQ
ADAMM,"ADAMAS TRUST, INC.",0001273685,NASDAQ
ADAMN,"ADAMAS TRUST, INC.",0001273685,NASDAQ
ADAMO,"ADAMAS TRUST, INC.",0001273685,NASDAQ
ADAMZ,"ADAMAS TRUST, INC.",0001273685,NASDAQ
ET-PI,Energy Transfer LP,0001276187,NYSE
MFICL,MidCap Financial Investment Corp,0001278752,NASDAQ
YRAIF,YARA INTERNATIONAL ASA,0001279956,OTC
HCXY,"Hercules Capital, Inc.",0001280784,NYSE
RF-PE,REGIONS FINANCIAL CORP,0001281761,NYSE
RF-PF,REGIONS FINANCIAL CORP,0001281761,NYSE
GLU-PA,GABELLI GLOBAL UTILITY & INCOME TRUST,0001282957,NYSE
TMUSI,"T-Mobile US, Inc.",0001283699,NASDAQ
TMUSL,"T-Mobile US, Inc.",0001283699,NASDAQ
TMUSZ,"T-Mobile US, Inc.",0001283699,NASDAQ
FITY,"Fifty 1 Labs, Inc.",0001285828,OTC
PSEC-PA,PROSPECT CAPITAL CORP,0001287032,NYSE
CFOR,CapForce Inc.,0001293818,OTC
SHO-PH,"Sunstone Hotel Investors, Inc.",0001295810,NYSE
SHO-PI,"Sunstone Hotel Investors, Inc.",0001295810,NYSE
DLR-PJ,"DIGITAL REALTY TRUST, INC.",0001297996,NYSE
DLR-PL,"DIGITAL REALTY TRUST, INC.",0001297996,NYSE
SEAL-PA,Seapeak LLC,0001308106,NYSE
SEAL-PB,Seapeak LLC,0001308106,NYSE
LNXSF,LANXESS AG,0001311307,OTC
GGN-PB,"GAMCO Global Gold, Natural Resources & Income Trust",0001313510,NYSE
CITAF,CHINA SHIPPING CONTAINER LINES CO LTD,0001317295,OTC
DSX-WT,DIANA SHIPPING INC.,0001318885,NYSE
GAING,GLADSTONE INVESTMENT CORPORATIONDE,0001321741,NASDAQ
GAINI,GLADSTONE INVESTMENT CORPORATIONDE,0001321741,NASDAQ
GAINZ,GLADSTONE INVESTMENT CORPORATIONDE,0001321741,NASDAQ
DUKB,Duke Energy CORP,0001326160,NYSE
DUK-PA,Duke Energy CORP,0001326160,NYSE
DUKU,Duke Energy CORP,0001326160,NYSE
GME-WT,GameStop Corp.,0001326380,NYSE
ZARE,Ares Real Estate Income Trust Inc.,0001327978,OTC
SNIRF,SENIOR PLC,0001329213,OTC
ISMCF,iShares S&P GSCI Commodity-Indexed Trust,0001332174,OTC
ACR-PC,ACRES Commercial Realty Corp.,0001332551,NYSE
ACR-PD,ACRES Commercial Realty Corp.,0001332551,NYSE
NMPRY,Navios Maritime Holdings Inc.,0001333172,OTC
EQH-PA,"Equitable Holdings, Inc.",0001333986,NYSE
EQH-PC,"Equitable Holdings, Inc.",0001333986,NYSE
GIGGF,Giga Metals Corp,0001336364,OTC
BWBBP,Bridgewater Bancshares Inc,0001341317,NASDAQ
ORCL-PD,ORACLE CORP,0001341439,NYSE
CODI-PA,Compass Diversified Holdings,0001345126,NYSE
CODI-PC,Compass Diversified Holdings,0001345126,NYSE
NFTM,Buildablock Corp.,0001345865,OTC
SGBAF,SES S.A.,0001347408,OTC
TOGIW,"TurnOnGreen, Inc.",0001349706,OTC
NXDT-PA,NEXPOINT DIVERSIFIED REAL ESTATE TRUST,0001356115,NYSE
KPHMW,KIORA PHARMACEUTICALS INC,0001372514,OTC
BXCAP,BOX INC,0001372612,OTC
GRBK-PA,"Green Brick Partners, Inc.",0001373670,NYSE
SMCIP,"Super Micro Computer, Inc.",0001375365,NASDAQ
RDCT,"VNUE, Inc.",0001376804,OTC
SAJ,SARATOGA INVESTMENT CORP.,0001377936,NYSE
SAT,SARATOGA INVESTMENT CORP.,0001377936,NYSE
SAV,SARATOGA INVESTMENT CORP.,0001377936,NYSE
SAX,SARATOGA INVESTMENT CORP.,0001377936,NYSE
SAY,SARATOGA INVESTMENT CORP.,0001377936,NYSE
SAZ,SARATOGA INVESTMENT CORP.,0001377936,NYSE
GFSAY,Gafisa S.A.,0001389207,OTC
BNY-PK,Bank of New York Mellon Corp,0001390777,NYSE
PSA-PF,Public Storage,0001393311,NYSE
PSA-PG,Public Storage,0001393311,NYSE
PSA-PI,Public Storage,0001393311,NYSE
PSA-PJ,Public Storage,0001393311,NYSE
PSA-PK,Public Storage,0001393311,NYSE
PSA-PL,Public Storage,0001393311,NYSE
PSA-PM,Public Storage,0001393311,NYSE
PSA-PN,Public Storage,0001393311,NYSE
PSA-PO,Public Storage,0001393311,NYSE
PSA-PP,Public Storage,0001393311,NYSE
PSA-PQ,Public Storage,0001393311,NYSE
PSA-PR,Public Storage,0001393311,NYSE
PSA-PS,Public Storage,0001393311,NYSE
PSA-PT,Public Storage,0001393311,NYSE
IVDAW,"Iveda Solutions, Inc.",0001397183,NASDAQ
HCIIP,"HCI Group, Inc.",0001400810,OTC
IHETW,"iHeartMedia, Inc.",0001400891,OTC
SBFMW,Sunshine Biopharma Inc.,0001402328,NASDAQ
OAK-PB,"Brookfield Oaktree Holdings, LLC",0001403528,NYSE
KKR-PD,KKR & Co. Inc.,0001404912,NYSE
KKRS,KKR & Co. Inc.,0001404912,NYSE
KKRT,KKR & Co. Inc.,0001404912,NYSE
BIPI,Brookfield Infrastructure Partners L.P.,0001406234,NYSE
BIPJ,Brookfield Infrastructure Partners L.P.,0001406234,NYSE
BIP-PA,Brookfield Infrastructure Partners L.P.,0001406234,NYSE
BIP-PB,Brookfield Infrastructure Partners L.P.,0001406234,NYSE
BRIPF,Brookfield Infrastructure Partners L.P.,0001406234,OTC
FGBIP,"First Guaranty Bancshares, Inc.",0001408534,NASDAQ
THRC,"Havana Roasters Coffee Companies, Inc.",0001409253,OTC
CIMN,CHIMERA INVESTMENT CORP,0001409493,NYSE
CIMO,CHIMERA INVESTMENT CORP,0001409493,NYSE
CIMP,CHIMERA INVESTMENT CORP,0001409493,NYSE
CIM-PB,CHIMERA INVESTMENT CORP,0001409493,NYSE
CIM-PC,CHIMERA INVESTMENT CORP,0001409493,NYSE
CIM-PD,CHIMERA INVESTMENT CORP,0001409493,NYSE
EFC-PB,Ellington Financial Inc.,0001411342,NYSE
EFC-PC,Ellington Financial Inc.,0001411342,NYSE
EFC-PD,Ellington Financial Inc.,0001411342,NYSE
MHNC,"Maiden Holdings, Ltd.",0001412100,NYSE
NCPLW,Netcapital Inc.,0001414767,NASDAQ
AGQ,ProShares Trust II,0001415311,NYSE
BOIL,ProShares Trust II,0001415311,NYSE
EUO,ProShares Trust II,0001415311,NYSE
GLL,ProShares Trust II,0001415311,NYSE
KOLD,ProShares Trust II,0001415311,NYSE
SCO,ProShares Trust II,0001415311,NYSE
SVXY,ProShares Trust II,0001415311,CBOE
UCO,ProShares Trust II,0001415311,NYSE
UGL,ProShares Trust II,0001415311,NYSE
ULE,ProShares Trust II,0001415311,NYSE
UVXY,ProShares Trust II,0001415311,CBOE
VIXM,ProShares Trust II,0001415311,CBOE
VIXY,ProShares Trust II,0001415311,CBOE
YCL,ProShares Trust II,0001415311,NYSE
YCS,ProShares Trust II,0001415311,NYSE
ZSL,ProShares Trust II,0001415311,NYSE
BBLGW,Bone Biologics Corp,0001419554,NASDAQ
AGNCL,AGNC Investment Corp.,0001423689,NASDAQ
AGNCM,AGNC Investment Corp.,0001423689,NASDAQ
AGNCN,AGNC Investment Corp.,0001423689,NASDAQ
AGNCO,AGNC Investment Corp.,0001423689,NASDAQ
AGNCP,AGNC Investment Corp.,0001423689,NASDAQ
AGNCZ,AGNC Investment Corp.,0001423689,NASDAQ
CUENW,Cuentas Inc.,0001424657,OTC
ARR-PC,"Armour Residential REIT, Inc.",0001428205,NYSE
FBIOP,"Fortress Biotech, Inc.",0001429260,NASDAQ
OGGWZ,Osisko Gold Group Inc.,0001431852,NASDAQ
OSDVF,Osisko Gold Group Inc.,0001431852,OTC
AZUXY,AZUL SA,0001432364,OTC
SB-PD,"SAFE BULKERS, INC.",0001434754,NYSE
CYJBF,Cargotec Corp OYJ,0001436741,OTC
IVR-PC,Invesco Mortgage Capital Inc.,0001437071,NYSE
GRKZF,Greek Organisation of Football Prognostics S.A.,0001437462,OTC
DCCPF,DCC plc,0001437712,OTC
GNT-PA,"GAMCO Natural Resources, Gold & Income Trust",0001438893,NYSE
AXIAY,AXIA Energia S.A.,0001439124,OTC
AXICY,AXIA Energia S.A.,0001439124,OTC
SLOIF,Soitec SA,0001445214,OTC
NIFCF,Nifco Inc/Japan,0001446589,OTC
HCHDF,Hochschild Mining PLC,0001446962,OTC
SKPJF,SKY Perfect JSAT Holdings Inc,0001447108,OTC
RSNHF,RESONA HOLDINGS INC,0001447391,OTC
BYDIF,BYD Electronic (International) Co Ltd,0001447956,OTC
CMCLF,"China Molybdenum Co., Ltd.",0001447960,OTC
RWDMU,Redwood Mortgage Investors IX,0001448038,OTC
NWSZF,CTF Services Ltd,0001449664,OTC
GMBLP,"ESPORTS ENTERTAINMENT GROUP, INC.",0001451448,OTC
GMBLZ,"ESPORTS ENTERTAINMENT GROUP, INC.",0001451448,OTC
SBBTF,Vend Marketplaces ASA/ADR,0001451561,OTC
LOIMF,Loomis AB / ADR,0001454147,OTC
GBCMF,Global Bio-chem Technology Group Co. Ltd / ADR,0001454475,OTC
GBCMY,Global Bio-chem Technology Group Co. Ltd / ADR,0001454475,OTC
NXPGF,Mobico Group PLC/ADR,0001455632,OTC
BKZHF,Santander Bank Polska SA/ADR,0001459334,OTC
MIMTF,Mitsubishi Materials Corp / ADR,0001460447,OTC
LOB-PA,"Live Oak Bancshares, Inc.",0001462120,NYSE
ASPSW,ALTISOURCE PORTFOLIO SOLUTIONS S.A.,0001462418,NASDAQ
ASPSZ,ALTISOURCE PORTFOLIO SOLUTIONS S.A.,0001462418,NASDAQ
ATLCL,Atlanticus Holdings Corp,0001464343,NASDAQ
ATLCZ,Atlanticus Holdings Corp,0001464343,NASDAQ
PMT-PC,PennyMac Mortgage Investment Trust,0001464423,NYSE
PMTU,PennyMac Mortgage Investment Trust,0001464423,NYSE
PMTV,PennyMac Mortgage Investment Trust,0001464423,NYSE
PMTW,PennyMac Mortgage Investment Trust,0001464423,NYSE
RILYG,"BRC Group Holdings, Inc.",0001464790,NASDAQ
RILYL,"BRC Group Holdings, Inc.",0001464790,NASDAQ
RILYN,"BRC Group Holdings, Inc.",0001464790,NASDAQ
RILYP,"BRC Group Holdings, Inc.",0001464790,NASDAQ
RILYT,"BRC Group Holdings, Inc.",0001464790,NASDAQ
RILYZ,"BRC Group Holdings, Inc.",0001464790,NASDAQ
TWOD,TWO HARBORS INVESTMENT CORP.,0001465740,NYSE
MSBIP,"Midland States Bancorp, Inc.",0001466026,NASDAQ
HSCSW,HeartSciences Inc.,0001468492,NASDAQ
NXGLW,"NEXGEL, INC.",0001468929,NASDAQ
CKHGY,Capitec Limited/ADR,0001469059,OTC
EJTTF,easyJet plc,0001470419,OTC
BTCK,Teucrium Commodity Trust,0001471824,NYSE
CANE,Teucrium Commodity Trust,0001471824,NYSE
CORN,Teucrium Commodity Trust,0001471824,NYSE
SOYB,Teucrium Commodity Trust,0001471824,NYSE
TAGS,Teucrium Commodity Trust,0001471824,NYSE
WEAT,Teucrium Commodity Trust,0001471824,NYSE
JTGLF,"Citibank,N.A./ADR",0001472033,OTC
WCPRF,WHITECAP RESOURCES INC.,0001472879,OTC
PEB-PG,Pebblebrook Hotel Trust,0001474098,NYSE
PEB-PH,Pebblebrook Hotel Trust,0001474098,NYSE
CLDT-PA,Chatham Lodging Trust,0001476045,NYSE
CPER,United States Commodity Index Funds Trust,0001479247,NYSE
HPP-PC,"Hudson Pacific Properties, Inc.",0001482512,NYSE
BNCWW,CEA Industries Inc.,0001482541,NASDAQ
BNCWZ,CEA Industries Inc.,0001482541,NASDAQ
HWLDF,H World Group Ltd,0001483994,OTC
SKLTF,Seek Ltd,0001487139,OTC
HTFC,Horizon Technology Finance Corp,0001487428,NYSE
OFSSH,OFS Capital Corp,0001487918,NASDAQ
OFSSO,OFS Capital Corp,0001487918,NASDAQ
CUBB,"Customers Bancorp, Inc.",0001488813,NYSE
PBATF,PT Bukit Asam Tbk/ADR,0001489088,OTC
FRSPF,First Phosphate Corp.,0001490078,OTC
PFXNZ,PhenixFIN Corp,0001490349,NASDAQ
SFDMF,Shanghai Fudan Microelectronics Co Limited/ADR/,0001493507,OTC
KRNGF,Karoon Gas Australia Ltd /ADR/,0001494191,OTC
OXLCG,Oxford Lane Capital Corp.,0001495222,NASDAQ
OXLCI,Oxford Lane Capital Corp.,0001495222,NASDAQ
OXLCL,Oxford Lane Capital Corp.,0001495222,NASDAQ
OXLCN,Oxford Lane Capital Corp.,0001495222,NASDAQ
OXLCZ,Oxford Lane Capital Corp.,0001495222,NASDAQ
LANDO,GLADSTONE LAND Corp,0001495240,NASDAQ
NMFCZ,New Mountain Finance Corp,0001496099,NASDAQ
LTAFX,Alternative Strategies Income Fund,0001496254,OTC
LTCFX,Alternative Strategies Income Fund,0001496254,OTC
INN-PE,"Summit Hotel Properties, Inc.",0001497645,NYSE
INN-PF,"Summit Hotel Properties, Inc.",0001497645,NYSE
RIV-PA,"RIVERNORTH OPPORTUNITIES FUND, INC.",0001501072,NYSE
RIV-RI,"RIVERNORTH OPPORTUNITIES FUND, INC.",0001501072,NYSE
PRHIZ,"Presurance Holdings, Inc.",0001502292,NASDAQ
ACP-PA,abrdn Income Credit Strategies Fund,0001503290,NYSE
CMRE-PB,Costamare Inc.,0001503584,NYSE
CMRE-PD,Costamare Inc.,0001503584,NYSE
PRBZF,PREMIUM BRANDS HOLDINGS Corp,0001503812,OTC
NGL-PB,NGL Energy Partners LP,0001504461,NYSE
PFLA,PennantPark Floating Rate Capital Ltd.,0001504619,NYSE
PNDZF,Pandora A/S / ADR,0001505880,OTC
EP-PC,"KINDER MORGAN, INC.",0001506307,NYSE
BAFBF,Balfour Beatty plc/ADR,0001506721,OTC
LOMWF,Lion One Metals Ltd.,0001509397,OTC
NSLRL,Neostellar Capital Corp.,0001509470,NASDAQ
NASC,Can B Corp,0001509957,OTC
NIOBW,NIOCORP DEVELOPMENTS LTD,0001512228,NASDAQ
MITN,"TPG Mortgage Investment Trust, Inc.",0001514281,NYSE
MITP,"TPG Mortgage Investment Trust, Inc.",0001514281,NYSE
MITT-PA,"TPG Mortgage Investment Trust, Inc.",0001514281,NYSE
MITT-PB,"TPG Mortgage Investment Trust, Inc.",0001514281,NYSE
MITT-PC,"TPG Mortgage Investment Trust, Inc.",0001514281,NYSE
BCKIF,Babcock International Group PLC/ADR,0001516323,OTC
BTDPF,Barratt Developments PLC/ADR,0001516324,OTC
EDRVF,EDP Renewables S.A./ADR,0001516534,OTC
MLSPF,Melrose Industries Plc/ADR,0001516535,OTC
JFILD,"Jubilant Flame International, Ltd",0001517389,OTC
CCID,Carlyle Credit Income Fund,0001517767,NYSE
AMPGZ,"AmpliTech Group, Inc.",0001518461,NASDAQ
CTTRF,"Controladora Vuela Compania de Aviacion, S.A.B. de C.V.",0001520504,OTC
GNL-PA,"Global Net Lease, Inc.",0001526113,NYSE
GNL-PB,"Global Net Lease, Inc.",0001526113,NYSE
GNL-PD,"Global Net Lease, Inc.",0001526113,NYSE
GNL-PE,"Global Net Lease, Inc.",0001526113,NYSE
GDHLF,GDS Holdings Ltd,0001526125,OTC
CGABL,Carlyle Group Inc.,0001527166,NASDAQ
ATH-PA,Athene Holding Ltd.,0001527469,NYSE
ATH-PB,Athene Holding Ltd.,0001527469,NYSE
ATH-PD,Athene Holding Ltd.,0001527469,NYSE
ATH-PE,Athene Holding Ltd.,0001527469,NYSE
ATHS,Athene Holding Ltd.,0001527469,NYSE
WHLRL,"Wheeler Real Estate Investment Trust, Inc.",0001527541,NASDAQ
RCD,Ready Capital Corp,0001527590,NYSE
RC-PC,Ready Capital Corp,0001527590,NYSE
RC-PE,Ready Capital Corp,0001527590,NYSE
DPLMF,Diploma plc/ADR,0001529906,OTC
NHFOF,NH Foods Ltd./ADR,0001532175,OTC
PW-PA,Power REIT,0001532619,NYSE
EBOSF,EBOS Group Limited/ADR,0001533082,OTC
BEPH,Brookfield Renewable Partners L.P.,0001533232,NYSE
BEPI,Brookfield Renewable Partners L.P.,0001533232,NYSE
BEPJ,Brookfield Renewable Partners L.P.,0001533232,NYSE
BEP-PA,Brookfield Renewable Partners L.P.,0001533232,NYSE
DUNNF,Duni AB/ADR,0001533546,OTC
XRN-PA,Chiron Real Estate Inc.,0001533615,NYSE
XRN-PB,Chiron Real Estate Inc.,0001533615,NYSE
CICB,CION Investment Corp,0001534254,NYSE
MBUMF,"Mabuchi Motor Co., Ltd./ADR",0001534281,OTC
NSKFF,Kongsberg Gruppen ASA/ADR,0001535759,OTC
SOHGF,ALSOK Co Ltd./ADR,0001536787,OTC
TFIN-P,"Triumph Financial, Inc.",0001539638,NYSE
WEIGF,Weir Group PLC/ADR,0001540042,OTC
BPYPM,Brookfield Property Partners L.P.,0001545772,NASDAQ
BPYPN,Brookfield Property Partners L.P.,0001545772,NASDAQ
BPYPO,Brookfield Property Partners L.P.,0001545772,NASDAQ
PBNAF,PEMBINA PIPELINE CORP,0001546066,OTC
PBPRF,PEMBINA PIPELINE CORP,0001546066,OTC
PMBPF,PEMBINA PIPELINE CORP,0001546066,OTC
PMMBF,PEMBINA PIPELINE CORP,0001546066,OTC
PPLAF,PEMBINA PIPELINE CORP,0001546066,OTC
PPLOF,PEMBINA PIPELINE CORP,0001546066,OTC
LFT-PA,"Lument Finance Trust, Inc.",0001547546,NYSE
BUGDF,Bumrungrad Hospital Public Co Limited/ADR,0001547870,OTC
BUHPF,Bumrungrad Hospital Public Co Limited/ADR,0001547870,OTC
IQEPF,IQE PLC/ADR,0001550405,OTC
CPNNF,Central Pattana Public Co Limited/ADR,0001551468,OTC
CTPUF,Central Pattana Public Co Limited/ADR,0001551468,OTC
WHFCL,"WhiteHorse Finance, Inc.",0001552198,NASDAQ
PRIF-PD,"Priority Income Fund, Inc.",0001554625,NYSE
PRIF-PK,"Priority Income Fund, Inc.",0001554625,NYSE
PRIF-PL,"Priority Income Fund, Inc.",0001554625,NYSE
RITM-PA,Rithm Capital Corp.,0001556593,NYSE
RITM-PB,Rithm Capital Corp.,0001556593,NYSE
RITM-PC,Rithm Capital Corp.,0001556593,NYSE
RITM-PD,Rithm Capital Corp.,0001556593,NYSE
RITM-PE,Rithm Capital Corp.,0001556593,NYSE
RITM-PF,Rithm Capital Corp.,0001556593,NYSE
TNONW,"Tenon Medical, Inc.",0001560293,NASDAQ
ELLA,Ellington Credit Co,0001560672,NYSE
SMSOF,Samsonite International SA/ADR,0001560968,OTC
NHPBP,"National Healthcare Properties, Inc.",0001561032,NASDAQ
EYGPF,Electricity Generating Public Co Limited/ADR,0001562294,OTC
EYUUF,Electricity Generating Public Co Limited/ADR,0001562294,OTC
THFRF,Thai Union Group Public Co Limited/ADR,0001562296,OTC
TUFUF,Thai Union Group Public Co Limited/ADR,0001562296,OTC
AMH-PG,American Homes 4 Rent,0001562401,NYSE
AMH-PH,American Homes 4 Rent,0001562401,NYSE
INBKZ,First Internet Bancorp,0001562463,NASDAQ
FBRT-PE,"Franklin BSP Realty Trust, Inc.",0001562528,NYSE
GRTUF,GRANITE REAL ESTATE INVESTMENT TRUST,0001564538,OTC
NWSLL,NEWS CORP,0001564708,OTC
IHICF,IHI Corporation/ADR,0001567526,OTC
AHRT-PA,"AH Realty Trust, Inc.",0001569187,NYSE
OZKAP,Bank OZK,0001569650,NASDAQ
NCHEF,Nichirei Corporation/ADR,0001570299,OTC
REXR-PB,"Rexford Industrial Realty, Inc.",0001571283,NYSE
REXR-PC,"Rexford Industrial Realty, Inc.",0001571283,NYSE
BHR-PB,Braemar Hotels & Resorts Inc.,0001574085,NYSE
BHR-PD,Braemar Hotels & Resorts Inc.,0001574085,NYSE
BBAAY,Alibaba Group Holding Ltd,0001577552,OTC
DLNG-PA,Dynagas LNG Partners LP,0001578453,NYSE
BIVIW,BIOVIE INC.,0001580149,NASDAQ
HCTPF,Hutchison Port Holdings Trust/ADR,0001580226,OTC
VRMWW,"Vroom, Inc.",0001580864,OTC
CTRVP,"Hepion Pharmaceuticals, Inc.",0001583771,OTC
SNROF,"Sanrio Company, Ltd./ADR",0001584273,OTC
HGIT,"HINES GLOBAL INCOME TRUST, INC.",0001585101,OTC
NEWTG,"NewtekOne, Inc.",0001587987,NASDAQ
NEWTH,"NewtekOne, Inc.",0001587987,NASDAQ
NEWTO,"NewtekOne, Inc.",0001587987,NASDAQ
NEWTP,"NewtekOne, Inc.",0001587987,NASDAQ
FTAIM,FTAI Aviation Ltd.,0001590364,NASDAQ
FGNXP,FG Nexus Inc.,0001591890,NASDAQ
JSM,NAVIENT CORP,0001593538,NASDAQ
LAAI,Loan Artificial Intelligence Corp.,0001594968,OTC
WEIBF,WEIBO Corp,0001595761,OTC
GLOP-PB,GasLog Partners LP,0001598655,NYSE
GLOP-PC,GasLog Partners LP,0001598655,NYSE
LBRA,1847 Holdings LLC,0001599407,OTC
HPHTF,Hamamatsu Photonics K.K./ADR,0001600928,OTC
SYF-PA,Synchrony Financial,0001601712,NYSE
SYF-PB,Synchrony Financial,0001601712,NYSE
ECCC,Eagle Point Credit Co,0001604174,NYSE
ECC-PD,Eagle Point Credit Co,0001604174,NYSE
ECCU,Eagle Point Credit Co,0001604174,NYSE
ECCV,Eagle Point Credit Co,0001604174,NYSE
MONRF,Moncler S.p.A./ADR,0001605755,OTC
ISADY,ISS A/S / ADR,0001608401,OTC
ISFFF,ISS A/S / ADR,0001608401,OTC
BCTXL,BriaCell Therapeutics Corp.,0001610820,NASDAQ
BCTXZ,BriaCell Therapeutics Corp.,0001610820,NASDAQ
BWET,Amplify Commodity Trust,0001610940,NYSE
DBVTF,DBV Technologies S.A.,0001613780,OTC
RPT-PC,Rithm Property Trust Inc.,0001614806,NYSE
RPGRF,REA Group Limited/ADR,0001614943,OTC
GGBY,Alpha Investment Inc.,0001616736,OTC
ADAPY,Adaptimmune Therapeutics PLC,0001621227,OTC
RVMDW,"Revolution Medicines, Inc.",0001628171,NASDAQ
MBINL,Merchants Bancorp,0001629019,NASDAQ
MBINM,Merchants Bancorp,0001629019,NASDAQ
MBINN,Merchants Bancorp,0001629019,NASDAQ
TRTX-PC,"TPG RE Finance Trust, Inc.",0001630472,NYSE
BW-PA,"Babcock & Wilcox Enterprises, Inc.",0001630805,NYSE
KREF-PA,KKR Real Estate Finance Trust Inc.,0001631596,NYSE
EVKIF,Evonik Industries AG/ADR,0001634157,OTC
ACONW,"Aclarion, Inc.",0001635077,NASDAQ
DUKRW,DUKE Robotics Corp.,0001638911,NASDAQ
ACGP,"Associated Capital Group, Inc.",0001642122,OTC
JBHIF,JB Hi-Fi Limited/ADR,0001643198,OTC
HPE-PC,Hewlett Packard Enterprise Co,0001645590,NYSE
AREBW,AMERICAN REBEL HOLDINGS INC,0001648087,OTC
SHMZF,Shimadzu Corporation/ADR,0001648512,OTC
BEIGF,BeOne Medicines Ltd.,0001651308,OTC
GIPRW,"GENERATION INCOME PROPERTIES, INC.",0001651721,NASDAQ
GOOGM,Alphabet Inc.,0001652044,NASDAQ
GOOGN,Alphabet Inc.,0001652044,NASDAQ
CHKGF,Cheung Kong Property Holdings Limited/ADR,0001653192,OTC
RWAYI,Runway Growth Finance Corp.,0001653384,NASDAQ
RWAYL,Runway Growth Finance Corp.,0001653384,NASDAQ
IBIDF,"Ibiden Co., Ltd./ADR",0001654508,OTC
SHLAF,Schindler Holding AG/ADR,0001655190,OTC
SHLRF,Schindler Holding AG/ADR,0001655190,OTC
HTZWW,"HERTZ GLOBAL HOLDINGS, INC",0001657853,NASDAQ
LENDX,Stone Ridge Trust V,0001658645,OTC
JPSTF,"Japan Post Bank Co., Ltd.",0001659576,OTC
TRTN-PB,Triton International Ltd,0001660734,NYSE
TRTN-PC,Triton International Ltd,0001660734,NYSE
TRTN-PD,Triton International Ltd,0001660734,NYSE
TRTN-PE,Triton International Ltd,0001660734,NYSE
TRTN-PF,Triton International Ltd,0001660734,NYSE
TRTN-PG,Triton International Ltd,0001660734,NYSE
BSTT,"Blackstone Real Estate Income Trust, Inc.",0001662972,OTC
QGAI,Quantum Genesis AI Corp.,0001663038,OTC
NRSAX,NEXPOINT REAL ESTATE STRATEGIES FUND,0001663712,OTC
JPHLF,"Japan Post Holdings Co., Ltd./ADR",0001665275,OTC
FINCF,Fortis Inc.,0001666175,OTC
FORFF,Fortis Inc.,0001666175,OTC
FRTJF,Fortis Inc.,0001666175,OTC
FRTSF,Fortis Inc.,0001666175,OTC
FTPSF,Fortis Inc.,0001666175,OTC
FTRSF,Fortis Inc.,0001666175,OTC
CFTR-PA,"Cantor Fitzgerald Income Trust, Inc.",0001666244,NYSE
CEHCF,"Cosmo Energy Holdings Co., Ltd./ADR",0001668393,OTC
LTRYW,Sports Entertainment Gaming Global Corp,0001673481,NASDAQ
TPTS,"Terra Property Trust, Inc.",0001674356,NYSE
GECCG,Great Elm Capital Corp.,0001675033,NASDAQ
GECCH,Great Elm Capital Corp.,0001675033,NASDAQ
GECCI,Great Elm Capital Corp.,0001675033,NASDAQ
NTRBW,NutriBand Inc.,0001676047,NASDAQ
ZTOEF,ZTO Express (Cayman) Inc.,0001677250,OTC
IIPR-PA,INNOVATIVE INDUSTRIAL PROPERTIES INC,0001677576,NYSE
OPP-PA,"RiverNorth/DoubleLine Strategic Opportunity Fund, Inc.",0001678130,NYSE
OPP-PB,"RiverNorth/DoubleLine Strategic Opportunity Fund, Inc.",0001678130,NYSE
OPP-PC,"RiverNorth/DoubleLine Strategic Opportunity Fund, Inc.",0001678130,NYSE
DBRG-PH,"DigitalBridge Group, Inc.",0001679688,NYSE
DBRG-PI,"DigitalBridge Group, Inc.",0001679688,NYSE
DBRG-PJ,"DigitalBridge Group, Inc.",0001679688,NYSE
SATLF,"Start Today Co., Ltd./ADR",0001679920,OTC
SACH-PA,Sachem Capital Corp.,0001682220,NYSE
SCCD,Sachem Capital Corp.,0001682220,NYSE
SCCE,Sachem Capital Corp.,0001682220,NYSE
SCCF,Sachem Capital Corp.,0001682220,NYSE
SCCG,Sachem Capital Corp.,0001682220,NYSE
BHFAL,"Brighthouse Financial, Inc.",0001685040,NASDAQ
BHFAM,"Brighthouse Financial, Inc.",0001685040,NASDAQ
BHFAN,"Brighthouse Financial, Inc.",0001685040,NASDAQ
BHFAO,"Brighthouse Financial, Inc.",0001685040,NASDAQ
BHFAP,"Brighthouse Financial, Inc.",0001685040,NASDAQ
CAHPF,Evolution Mining Limited/ADR,0001686009,OTC
METCB,"Ramaco Resources, Inc.",0001687187,NASDAQ
METCI,"Ramaco Resources, Inc.",0001687187,NASDAQ
METCZ,"Ramaco Resources, Inc.",0001687187,NASDAQ
ICRL,"InPoint Commercial Real Estate Income, Inc.",0001690012,OTC
ICRP,"InPoint Commercial Real Estate Income, Inc.",0001690012,OTC
FVGPY,FinVolution Group,0001691445,OTC
PRXA,"PROCACCIANTI HOTEL REIT, INC.",0001692345,OTC
MNSBP,"MainStreet Bancshares, Inc.",0001693577,NASDAQ
STSR,"Strategic Student & Senior Housing Trust, Inc.",0001698538,OTC
AMLIF,American Lithium Corp.,0001699880,OTC
MEIUF,Meitu Inc./ADR,0001699967,OTC
FIGIF,"Fuyao Glass Industry Group Co., Ltd./ADR",0001700173,OTC
GPMT-PA,Granite Point Mortgage Trust Inc.,0001703644,NYSE
ZNKUF,"ZENKOKU HOSHO Co., Ltd./ADR",0001705455,OTC
DRRKF,dormakaba Holding AG,0001705969,OTC
HFRO-PA,HIGHLAND OPPORTUNITIES & INCOME FUND,0001710680,NYSE
HFRO-PB,HIGHLAND OPPORTUNITIES & INCOME FUND,0001710680,NYSE
SWDR,"Starwood Real Estate Income Trust, Inc.",0001711929,OTC
SWDS,"Starwood Real Estate Income Trust, Inc.",0001711929,OTC
LILAP,Liberty Latin America Ltd.,0001712184,NASDAQ
HYNLY,Hydro One Ltd,0001712356,OTC
BIAFW,"bioAffinity Technologies, Inc.",0001712762,NASDAQ
SCAFF,Schaeffler AG/ADR,0001713675,OTC
ASCIX,Angel Oak Strategic Credit Fund,0001716885,OTC
OCCIM,"OFS Credit Company, Inc.",0001716951,NASDAQ
OCCIN,"OFS Credit Company, Inc.",0001716951,NASDAQ
BTBDW,"BT Brands, Inc.",0001718224,NASDAQ
HYMCW,HYCROFT MINING HOLDING CORP,0001718405,OTC
ASRRF,ASR Nederland N.V./ADR,0001719117,OTC
ZCSH,Zcash ETF,0001720265,NYSE
BTAIQ,"BioXcel Therapeutics, Inc.",0001720893,OTC
HSCT,HOOPS SCOUTING USA,0001721056,OTC
BGFR,BestGofer Inc.,0001722556,OTC
PMFAX,PIMCO Flexible Municipal Income Fund,0001723701,OTC
COBA,Chilean Cobalt Corp.,0001727255,OTC
AIBRF,AIB Group plc/ADR,0001728918,OTC
VTTGF,VAT Group AG/ADR,0001729514,OTC
WRLRF,West Red Lake Gold Mines Ltd.,0001733968,OTC
WRLWF,West Red Lake Gold Mines Ltd.,0001733968,OTC
NICHX,Variant Alternative Income Fund,0001736510,OTC
SKYAW,"SkyAI, Inc.",0001737995,NASDAQ
KLXER,"KLX Energy Services Holdings, Inc.",0001738827,NASDAQ
SYAXF,Elevra Lithium Ltd,0001739016,OTC
QFNHF,"Qfin Holdings, Inc.",0001741530,OTC
RVSNW,Rail Vision Ltd.,0001743905,NASDAQ
TCMEF,Tencent Music Entertainment Group,0001744676,OTC
NEOVW,NeoVolta Inc.,0001748137,NASDAQ
OWSCX,1WS Credit Income Fund,0001748680,OTC
NFEGP,New Fortress Energy Inc.,0001749723,NASDAQ
CHWRF,China Tower Corp Limited/ADR,0001751162,OTC
MRCIF,"Mercari, Inc./ADR",0001752564,OTC
LARAX,Lord Abbett Credit Opportunities Fund,0001753712,OTC
MPNGF,Meituan Dianping/ADR,0001754088,OTC
EICA,Eagle Point Income Co Inc.,0001754836,NYSE
CPLX,Certiplex Corp,0001755347,OTC
PDSKX,Principal Real Asset Fund,0001756404,OTC
TRSO,TRANSUITE.ORG INC.,0001758699,OTC
ALTG-PA,ALTA EQUIPMENT GROUP INC.,0001759824,NYSE
NNBXF,Nanobiotix S.A.,0001760854,OTC
DAIUF,"Daifuku Co., Ltd./ADR",0001762831,OTC
GCGJ,GUOCHUN INTERNATIONAL INC.,0001765048,OTC
PSPX,Pacific Sports Exchange Inc.,0001765651,OTC
AOMD,"Angel Oak Mortgage REIT, Inc.",0001766478,NYSE
AOMN,"Angel Oak Mortgage REIT, Inc.",0001766478,NYSE
ADDTF,Addtech AB/ADR,0001766868,OTC
ILLRW,Triller Group Inc.,0001769624,NASDAQ
XRXDW,Xerox Holdings Corp,0001770450,NASDAQ
IVBXF,Innovent Biologics Inc/ADR,0001774163,OTC
NMCO-RI,Nuveen Municipal Credit Opportunities Fund,0001774342,NYSE
BENFW,Beneficient,0001775734,NASDAQ
WEBJF,WebBeds Group Limited/ADR,0001778788,OTC
ANKM,"Ankam, Inc.",0001781629,OTC
ACAT,NP Life Sciences Health Industry Group Inc.,0001781726,OTC
PRTCY,PureTech Health plc,0001782999,OTC
TRNI,Trinity Capital Inc.,0001786108,NYSE
TRNZ,Trinity Capital Inc.,0001786108,NYSE
PINE-PA,"Alpine Income Property Trust, Inc.",0001786117,NYSE
NREF-PA,"NexPoint Real Estate Finance, Inc.",0001786248,NYSE
DFNSW,T3 Defense Inc.,0001787518,NASDAQ
JSPRW,"Jasper Therapeutics, Inc.",0001788028,NASDAQ
OTGLF,CD Projekt S.A./ADR,0001788235,OTC
ADYYF,Adyen N.V./ADR,0001788707,OTC
PSKRF,Protector Forsikring/ADR,0001789444,OTC
SVIX,VS Trust,0001793497,CBOE
SDMHF,Sartorius Stedim Biotech S.A./ADR,0001794363,OTC
FOUR-PA,"Shift4 Payments, Inc.",0001794669,NYSE
KCLHF,Kingsoft Cloud Holdings Ltd,0001795589,OTC
DNOPF,Dino Polska S.A./ADR,0001796026,OTC
TMCWW,TMC the metals Co Inc.,0001798562,NASDAQ
STLNW,"Starling Oncology, Inc.",0001799191,NASDAQ
VENAF,MicroAlgo Inc.,0001800392,OTC
OPENL,Opendoor Technologies Inc.,0001801169,NASDAQ
OPENW,Opendoor Technologies Inc.,0001801169,NASDAQ
OPENZ,Opendoor Technologies Inc.,0001801169,NASDAQ
BYNOU,byNordic Acquisition Corp,0001801417,OTC
BYNOW,byNordic Acquisition Corp,0001801417,OTC
SBIGW,"SpringBig Holdings, Inc.",0001801602,OTC
NCLTF,"Nitori Holdings Co., Ltd.",0001801729,OTC
GFAIW,"Guardforce AI Co., Ltd.",0001804469,NASDAQ
EOSEW,"Eos Energy Enterprises, Inc.",0001805077,NASDAQ
DFDVW,DeFi Development Corp.,0001805526,NASDAQ
DFUKF,DeFi Development Corp.,0001805526,OTC
SSTPW,"System1, Inc.",0001805833,OTC
PMVCW,PMV Consumer Acquisition Corp.,0001807765,OTC
EDBLW,Edible Garden AG Inc,0001809750,NASDAQ
REVBW,"REVELATION BIOSCIENCES, INC.",0001810560,NASDAQ
RENXF,Renalytix plc,0001811115,OTC
FOXOW,FOXO TECHNOLOGIES INC.,0001812360,OTC
BURUD,"Nuburu, Inc.",0001814215,OTC
BURUW,"Nuburu, Inc.",0001814215,OTC
ABXL,"Abacus Global Management, Inc.",0001814287,NYSE
CYVNY,Opthea Ltd,0001815620,OTC
MSOGF,MINISO Group Holding Ltd,0001815846,OTC
HGASW,Global Gas Corp,0001817232,OTC
PHXE-P,"Phoenix Energy One, LLC",0001818643,NYSE
SESCW,SES AI Corp,0001819142,OTC
GWHWW,"ESS Tech, Inc.",0001819438,OTC
SCLXW,Scilex Holding Co,0001820190,NASDAQ
BKKT-WT,"Bakkt, Inc.",0001820302,NYSE
CXAIW,CXApp Inc.,0001820875,NASDAQ
LSRCF,Lasertec Corporation/ADR,0001822989,OTC
JXN-PA,Jackson Financial Inc.,0001822993,NYSE
NOTEW,"FiscalNote Holdings, Inc.",0001823466,OTC
AENTW,ALLIANCE ENTERTAINMENT HOLDING CORP,0001823584,NASDAQ
SKYH-WT,Sky Harbour Group Corp,0001823587,NYSE
TSPH,TuSimple Holdings Inc.,0001823593,OTC
EVEX-WT,"Eve Holding, Inc.",0001823652,NYSE
PVOZ,Park View OZ REIT Inc,0001824204,OTC
ACHR-WT,Archer Aviation Inc.,0001824502,NYSE
IONQ-WT,"IonQ, Inc.",0001824920,NYSE
VLDXW,"Velo3D, Inc.",0001825079,OTC
FRBP,Franklin BSP Capital Corp,0001825248,OTC
ONFOP,"Onfolio Holdings, Inc",0001825452,OTC
ONFOW,"Onfolio Holdings, Inc",0001825452,NASDAQ
PARAW,"Banzai International, Inc.",0001826011,NASDAQ
TLSIW,"TriSalus Life Sciences, Inc.",0001826667,NASDAQ
PDYNW,Palladyne AI Corp.,0001826681,NASDAQ
TOMYF,Tomy Co Ltd/ADR,0001826779,OTC
BODYW,"Beachbody Company, Inc.",0001826889,OTC
CPTKW,Crown PropTech Acquisitions,0001827899,OTC
AUROW,"Aurora Innovation, Inc.",0001828108,NASDAQ
BZFDW,"BuzzFeed, Inc.",0001828972,NASDAQ
BFRGW,"BullFrog AI Holdings, Inc.",0001829247,NASDAQ
BMNP,"BITMINE IMMERSION TECHNOLOGIES, INC.",0001829311,NYSE
PCTBP,"PureCycle Technologies, Inc.",0001830033,OTC
PCTTU,"PureCycle Technologies, Inc.",0001830033,NASDAQ
PCTTW,"PureCycle Technologies, Inc.",0001830033,NASDAQ
SMEGF,Siemens Energy AG/ADR,0001830056,OTC
RUMBW,RUM Group Inc.,0001830081,NASDAQ
DNABW,"Ginkgo Bioworks Holdings, Inc.",0001830214,OTC
GEGGL,"Great Elm Group, Inc.",0001831096,NASDAQ
LIANY,LianBio,0001831283,OTC
JWSUF,Jaws Mustang Acquisition Corp,0001831359,OTC
JWSWF,Jaws Mustang Acquisition Corp,0001831359,OTC
ICUCW,SeaStar Medical Holding Corp,0001831868,NASDAQ
SDSTW,Stardust Power Inc.,0001831979,NASDAQ
PIIIW,P3 Health Partners Inc.,0001832511,NASDAQ
SABSW,"SAB Biotherapeutics, Inc.",0001833214,NASDAQ
MDAIW,"Spectral AI, Inc.",0001833498,NASDAQ
GROY-WT,Gold Royalty Corp.,0001834026,NYSE
CSTUF,Constellation Acquisition Corp I,0001834032,OTC
CSTWF,Constellation Acquisition Corp I,0001834032,OTC
ASAIY,Sendas Distributor S.A.,0001834048,OTC
NNFSF,Nongfu Spring Co. Ltd./ADR,0001834267,OTC
GPATU,GP-Act III Acquisition Corp.,0001834526,NASDAQ
GPATW,GP-Act III Acquisition Corp.,0001834526,NASDAQ
ALBC,Alternative Ballistics Corp,0001834868,OTC
ZHIHF,Zhihu Inc.,0001835724,OTC
BETRW,Better Home & Finance Holding Co,0001835856,NASDAQ
BBAI-WT,"BigBear.ai Holdings, Inc.",0001836981,NYSE
CPPTL,Copper Property CTL Pass Through Trust,0001837671,OTC
BNAIW,Brand Engagement Network Inc.,0001838163,NASDAQ
RGTIW,"Rigetti Computing, Inc.",0001838359,NASDAQ
SPWRW,SunPower Inc.,0001838987,NASDAQ
CORZR,"Core Scientific, Inc./tx",0001839341,OTC
CORZW,"Core Scientific, Inc./tx",0001839341,NASDAQ
CORZZ,"Core Scientific, Inc./tx",0001839341,NASDAQ
XBPEW,"XBP Global Holdings, Inc.",0001839530,NASDAQ
DMXCF,District Metals Corp.,0001839586,OTC
WALDW,Waldencast plc,0001840199,NASDAQ
VEEAW,VEEA INC.,0001840317,NASDAQ
OSRHW,"OSR Health, Inc.",0001840425,OTC
LOCLW,Local Bounti Corporation/DE,0001840780,OTC
SOUNW,"SOUNDHOUND AI, INC.",0001840856,NASDAQ
COCHW,"Envoy Medical, Inc.",0001840877,NASDAQ
HOLOW,MicroCloud Hologram Inc.,0001841209,NASDAQ
KTTAW,Pasithea Therapeutics Corp.,0001841330,NASDAQ
DAVEW,Dave Inc./DE,0001841408,NASDAQ
VGASW,"Verde Clean Fuels, Inc.",0001841425,NASDAQ
GROVW,"Grove Collaborative Holdings, Inc.",0001841761,OTC
LLPS,Limitless Projects Inc.,0001842167,OTC
EONR-WT,EON Resources Inc.,0001842556,NYSE
AISPW,"Airship AI Holdings, Inc.",0001842566,NASDAQ
XAGEW,"Longevity Health Holdings, Inc.",0001842939,OTC
RMCOW,Royalty Management Holding Corp,0001843656,NASDAQ
ZPTAW,"Zapata Quantum, Inc.",0001843714,OTC
LNZAW,"LanzaTech Global, Inc.",0001843724,NASDAQ
FLYX-WT,FLYEXCLUSIVE INC.,0001843973,NYSE
ESLAW,"Estrella Immunopharma, Inc.",0001844417,NASDAQ
QTIWW,"QT IMAGING HOLDINGS, INC.",0001844505,OTC
SLDPW,"Solid Power, Inc.",0001844862,NASDAQ
GREEL,Vulcan Infrastructure & Power Inc.,0001844971,NASDAQ
ANNAW,"AleAnna, Inc.",0001845123,NASDAQ
CBGGF,Chain Bridge I,0001845149,OTC
CBRGF,Chain Bridge I,0001845149,OTC
NPWR-WT,Net Power Inc.,0001845437,NYSE
IMAQR,International Media Acquisition Corp.,0001846235,OTC
IMAQU,International Media Acquisition Corp.,0001846235,OTC
IMAQW,International Media Acquisition Corp.,0001846235,OTC
OABIW,"OmniAb, Inc.",0001846253,NASDAQ
HVIIR,Hennessy Capital Investment Corp. VII,0001846416,NASDAQ
HVIIU,Hennessy Capital Investment Corp. VII,0001846416,NASDAQ
FIGP,"Forge Group, Inc.",0001846702,OTC
PSQH-WT,"PSQ Holdings, Inc.",0001847064,NYSE
SAIHW,SAIHEAT Ltd,0001847075,NASDAQ
ASBPW,"Aspire Biopharma Holdings, Inc.",0001847345,NASDAQ
EUDAW,EUDA Health Holdings Ltd,0001847846,NASDAQ
DFLIW,Dragonfly Energy Holdings Corp.,0001847986,NASDAQ
OKMN,"OKMIN RESOURCES, INC.",0001848334,OTC
GDLG,Glidelogic Corp.,0001848672,OTC
INPOF,InPost S.A./ADR,0001848826,OTC
DJTWW,Trump Media & Technology Group Corp.,0001849635,NASDAQ
KITTW,"Nauticus Robotics, Inc.",0001849820,NASDAQ
FSHPR,Flag Ship Acquisition Corp,0001850059,NASDAQ
CNDAU,Concord Acquisition Corp II,0001851959,OTC
CNDAW,Concord Acquisition Corp II,0001851959,OTC
GCTS-WT,"GCT Semiconductor Holding, Inc.",0001851961,NYSE
AEAEU,AltEnergy Acquisition Corp,0001852016,OTC
AEAEW,AltEnergy Acquisition Corp,0001852016,OTC
IXQUF,IX Acquisition Corp.,0001852019,OTC
IXQWF,IX Acquisition Corp.,0001852019,OTC
FILG,Grayscale Filecoin Trust (FIL),0001852039,OTC
BEAGR,Bold Eagle Acquisition Corp.,0001852207,NASDAQ
BEAGU,Bold Eagle Acquisition Corp.,0001852207,NASDAQ
NVA-WT,Nova Minerals Corp,0001852551,NYSE
SGST,"Strategic Storage Trust VI, Inc.",0001852575,OTC
BRLSW,Borealis Foods Inc.,0001852973,NASDAQ
AERTW,"Aeries Technology, Inc.",0001853044,NASDAQ
SOARW,"Volato Group, Inc.",0001853070,OTC
KDKRW,"Kodiak AI, Inc.",0001853138,NASDAQ
HMELF,Hold Me Ltd,0001853630,OTC
IAUX-WT,i-80 Gold Corp.,0001853962,NYSE
ZCARW,"Zoomcar Holdings, Inc.",0001854275,OTC
WINVR,WinVest Acquisition Corp.,0001854463,OTC
MINR,Minerva Gold Inc.,0001854816,OTC
SHFSW,"SHF Holdings, Inc.",0001854963,NASDAQ
MOBXW,"MOBIX LABS, INC",0001855467,NASDAQ
CLDWW,"Calidi Biotherapeutics, Inc.",0001855485,OTC
GRABW,Grab Holdings Ltd,0001855612,NASDAQ
SEATW,Vivid Seats Inc.,0001856031,NASDAQ
HNSDF,Hensoldt AG/ADR,0001856488,OTC
APOS,"Apollo Global Management, Inc.",0001858681,NYSE
BFRIW,Biofrontera Inc.,0001858685,NASDAQ
MCAGR,Mountain Crest Acquisition Corp. V,0001859035,OTC
MCAGU,Mountain Crest Acquisition Corp. V,0001859035,OTC
NVACW,"Profusa, Inc.",0001859807,OTC
ASTLW,Algoma Steel Group Inc.,0001860805,NASDAQ
TVGNW,Tevogen Inc.,0001860871,NASDAQ
HSIGF,Hesai Group,0001861737,OTC
ARBEW,Arbe Robotics Ltd.,0001861841,NASDAQ
ECXWW,ECARX Holdings Inc.,0001861974,NASDAQ
CINGW,Cingulate Inc.,0001862150,NASDAQ
AMODW,"ALPHA MODUS HOLDINGS, INC.",0001862463,NASDAQ
VLNWF,Valens Semiconductor Ltd.,0001863006,OTC
MSAIW,"MultiSensor AI Holdings, Inc.",0001863990,NASDAQ
VSEEW,"VSEE HEALTH, INC.",0001864531,OTC
FGIWW,FGI Industries Ltd.,0001864943,NASDAQ
ALSTF,Alpha Star Acquisition Corp,0001865111,OTC
ALSUF,Alpha Star Acquisition Corp,0001865111,OTC
ALSWF,Alpha Star Acquisition Corp,0001865111,OTC
CMCUF,Piermont Valley Acquisition Corp,0001865248,OTC
CMCWF,Piermont Valley Acquisition Corp,0001865248,OTC
ZEOWW,Zeo Energy Corp.,0001865506,NASDAQ
NXNVW,NEXTNAV INC.,0001865631,OTC
BTSGU,"BrightSpring Health Services, Inc.",0001865782,NASDAQ
CTSUF,Cactus Acquisition Corp. 1 Ltd,0001865861,OTC
CTSWF,Cactus Acquisition Corp. 1 Ltd,0001865861,OTC
BULLW,Webull Corp,0001866364,NASDAQ
WBXWF,Wallbox N.V.,0001866501,OTC
CDROW,"Codere Online Luxembourg, S.A.",0001866782,NASDAQ
OPTXW,"SYNTEC OPTICS HOLDINGS, INC.",0001866816,NASDAQ
EVAWF,Vertical Aerospace Ltd.,0001867102,OTC
EVBWF,Vertical Aerospace Ltd.,0001867102,OTC
EVTWF,Vertical Aerospace Ltd.,0001867102,OTC
WRDIF,WeRide Inc.,0001867729,OTC
CYCUW,"Cycurion, Inc.",0001868419,NASDAQ
RDZNW,Roadzen Inc.,0001868640,NASDAQ
CDIOW,"Cardio Diagnostics Holdings, Inc.",0001870144,NASDAQ
CEROW,"CERO THERAPEUTICS HOLDINGS, INC.",0001870404,OTC
DRTSW,Alpha Tau Medical Ltd.,0001871321,NASDAQ
BZAIW,"Blaize Holdings, Inc.",0001871638,NASDAQ
ANGHW,Anghami Inc,0001871983,NASDAQ
MIBE,MIAMI BREEZE CAR CARE INC,0001872066,OTC
TVAIR,Thayer Ventures Acquisition Corp II,0001872228,NASDAQ
TVAIU,Thayer Ventures Acquisition Corp II,0001872228,NASDAQ
MTEKW,Maris Tech Ltd.,0001872964,NASDAQ
SATLW,Satellogic Inc.,0001874315,NASDAQ
NRSNW,NeuroSense Therapeutics Ltd.,0001875091,NASDAQ
LCFYW,Locafy Ltd,0001875547,NASDAQ
SWVLW,Swvl Holdings Corp,0001875609,NASDAQ
PRENW,Prenetics Global Ltd,0001876431,NASDAQ
IMPPP,Imperial Petroleum Inc./Marshall Islands,0001876581,NASDAQ
ASCRF,ASPAC II Acquisition Corp.,0001876716,OTC
ASCWF,ASPAC II Acquisition Corp.,0001876716,OTC
ASUUF,ASPAC II Acquisition Corp.,0001876716,OTC
ADSEW,Ads-Tec Energy Public Ltd Co,0001879248,NASDAQ
TPGXL,TPG Inc.,0001880661,NASDAQ
ATEKU,Athena Technology Acquisition Corp. II,0001882198,OTC
ATEKW,Athena Technology Acquisition Corp. II,0001882198,OTC
MSSUF,Metal Sky Star Acquisition Corp,0001882464,OTC
MSSWF,Metal Sky Star Acquisition Corp,0001882464,OTC
PGYWW,Pagaya Technologies Ltd.,0001883085,NASDAQ
SLND-WT,"Southland Holdings, Inc.",0001883814,NYSE
ACLEW,Aedis Energy Inc.,0001883984,OTC
ALCED,Aedis Energy Inc.,0001883984,OTC
SPKLU,Spark I Acquisition Corp,0001884046,NASDAQ
SPKLW,Spark I Acquisition Corp,0001884046,NASDAQ
PLSAY,Polestar Automotive Holding UK PLC,0001884082,OTC
NEXRW,Nexera Technologies Ltd,0001885408,NASDAQ
GGROW,Gogoro Inc.,0001886190,NASDAQ
WLDSW,Wearable Devices Ltd.,0001887673,NASDAQ
FEAV,"5E Advanced Materials, Inc.",0001888654,OTC
REEUF,Cartesian Growth Corp II,0001889112,OTC
REEWF,Cartesian Growth Corp II,0001889112,OTC
FLDDW,"Fold Holdings, Inc.",0001889123,NASDAQ
CRBD,"Corebridge Financial, Inc.",0001889539,NYSE
DFSCW,DEFSEC Technologies Inc.,0001889823,NASDAQ
KVAUF,Keen Vision Acquisition Corp.,0001889983,OTC
KVAWF,Keen Vision Acquisition Corp.,0001889983,OTC
UMGNF,Universal Music Group N.V./ADR,0001890126,OTC
ASPCR,ASPAC III Acquisition Corp.,0001890361,NASDAQ
ASPCU,ASPAC III Acquisition Corp.,0001890361,NASDAQ
VMCUF,Valuence Merger Corp. I,0001892747,OTC
VMCWF,Valuence Merger Corp. I,0001892747,OTC
ABPWW,"Abpro Holdings, Inc.",0001893219,OTC
SVREW,SaverOne 2014 Ltd.,0001894693,NASDAQ
NE-WT,Noble Corp plc,0001895262,NYSE
NE-WTA,Noble Corp plc,0001895262,NYSE
CDTTW,CDT Equity Inc.,0001896212,NASDAQ
DAZSF,ZKGC New Energy Ltd,0001896511,OTC
TONT-UN,Graf Global Corp.,0001897463,NYSE
TONT-WT,Graf Global Corp.,0001897463,NYSE
ALVOW,Alvotech,0001898416,NASDAQ
LVWR-WT,"LiveWire Group, Inc.",0001898795,NYSE
AMPX-WT,"Amprius Technologies, Inc.",0001899287,NYSE
PERFF,Perfect Corp.,0001899830,OTC
TETUF,Technology & Telecommunication Acquisition Corp,0001900679,OTC
TETWF,Technology & Telecommunication Acquisition Corp,0001900679,OTC
UCFIW,CN Healthy Food Tech Group Corp.,0001901203,NASDAQ
ALCUF,Alchemy Investments Acquisition Corp 1,0001901336,OTC
ALCWF,Alchemy Investments Acquisition Corp 1,0001901336,OTC
GRRRW,Gorilla Technology Group Inc.,0001903145,NASDAQ
AFRIW,Forafric Global PLC,0001903870,NASDAQ
BAKR,Baker Global Asset Management Inc.,0001904616,OTC
HUBCW,Hub Cyber Security Ltd.,0001905660,NASDAQ
HUBCZ,Hub Cyber Security Ltd.,0001905660,NASDAQ
GRMLW,Greenland Mines Ltd,0001907223,NASDAQ
RPDL,Rapid Line Inc.,0001910975,OTC
SCVE,Sound Cave Technology Inc.,0001912540,OTC
VFSWW,VinFast Auto Ltd.,0001913510,NASDAQ
SMNRW,"Semnur Pharmaceuticals, Inc.",0001913577,OTC
CNCKW,Coincheck Group N.V.,0001913847,NASDAQ
ISLUF,Israel Acquisitions Corp,0001915328,OTC
ISLWF,Israel Acquisitions Corp,0001915328,OTC
HEMNF,Hemnet Group AB/ADR,0001915760,OTC
DBHL,"Deep Isolation Nuclear, Inc.",0001918080,OTC
NBRGR,Newbridge Acquisition Ltd,0001918414,NASDAQ
NBRGU,Newbridge Acquisition Ltd,0001918414,NASDAQ
RZLVW,REZOLVE AI PLC,0001920294,NASDAQ
SATA,"Strive, Inc.",0001920406,NASDAQ
FUFUW,Bitfufu Inc.,0001921158,NASDAQ
LANWF,Lanvin Group Holdings Ltd,0001922097,OTC
AKPPS,Ark7 Properties Plus LLC,0001923734,OTC
RLNDF,RoyaLand Co Ltd.,0001924064,OTC
OCAC-RI,Ocean Capital Acquisition Corp,0001926314,NYSE
OCAC-UN,Ocean Capital Acquisition Corp,0001926314,NYSE
OCAC-WT,Ocean Capital Acquisition Corp,0001926314,NYSE
TDACU,Translational Development Acquisition Corp.,0001926599,NASDAQ
TDACW,Translational Development Acquisition Corp.,0001926599,NASDAQ
CRGOW,Freightos Ltd,0001927719,NASDAQ
HOVRW,New Horizon Aircraft Ltd.,0001930021,NASDAQ
SPMA,"Sound Point Meridian Capital, Inc.",0001930147,NYSE
SPME,"Sound Point Meridian Capital, Inc.",0001930147,NYSE
SBCWW,SBC Medical Group Holdings Inc,0001930313,NASDAQ
BCCG,Blue Chip Capital Group Inc.,0001932213,OTC
AIIOW,ROBO.AI INC.,0001932737,NASDAQ
NTCS,Natics Corp.,0001933359,OTC
FGN,"F&G Annuities & Life, Inc.",0001934850,NYSE
FGSN,"F&G Annuities & Life, Inc.",0001934850,NYSE
KMFG,KEEMO Fashion Group Ltd,0001935033,OTC
FMSTW,Foremost Clean Energy Ltd.,0001935418,NASDAQ
NAMSW,NewAmsterdam Pharma Co N.V.,0001936258,NASDAQ
SDAWW,SunCar Technology Group Inc.,0001936804,NASDAQ
MLECW,Moolec Science SA,0001937737,NASDAQ
FBYDP,"Falcon's Beyond Global, Inc.",0001937987,NASDAQ
FBYDW,"Falcon's Beyond Global, Inc.",0001937987,NASDAQ
GLTKD,GlobalTech Corp,0001938338,OTC
PALX,Palomino Laboratories Inc.,0001938569,OTC
LMMY,"Exousia Bio, Inc.",0001939937,OTC
SMXWW,SMX (Security Matters) Public Ltd Co,0001940674,NASDAQ
TANAF,Tian'an Technology Group Ltd,0001941189,OTC
NELR,Neolara Corp.,0001941360,OTC
BAERW,"Bridger Aerospace Group Holdings, Inc.",0001941536,NASDAQ
HSPUF,Horizon Space Acquisition I Corp.,0001946021,OTC
HSPWF,Horizon Space Acquisition I Corp.,0001946021,OTC
SXTPW,"60 DEGREES PHARMACEUTICALS, INC.",0001946563,NASDAQ
NAKAW,Nakamoto Inc.,0001946573,OTC
NMHIW,Nature's Miracle Holding Inc.,0001947861,OTC
RDPTF,Radiopharm Theranostics Ltd,0001949257,OTC
CRMLW,Critical Metals Corp.,0001951089,NASDAQ
CRTMF,Critical Metals Corp.,0001951089,OTC
NNRGF,Ninepoint Energy Fund,0001951593,OTC
OCSAW,Oculis Holding AG,0001953530,NASDAQ
BCGWW,"Binah Capital Group, Inc.",0001953984,NASDAQ
ALMP,Almco Plumbing Inc,0001956237,OTC
NOEMR,CO2 Energy Transition Corp.,0001956648,NASDAQ
NOEMU,CO2 Energy Transition Corp.,0001956648,NASDAQ
NOEMW,CO2 Energy Transition Corp.,0001956648,NASDAQ
AAVXF,Abivax S.A.,0001956827,OTC
ABLVW,Able View Global Inc.,0001957489,NASDAQ
OIOWW,OIO Group,0001957538,NASDAQ
MACT,"MachTen, Inc.",0001957783,OTC
LZM-WT,Lifezone Metals Ltd,0001958217,NYSE
COOTW,Australian Oilseeds Holdings Ltd,0001959994,NASDAQ
EXYNW,"Exyn Technologies, Inc.",0001960355,NASDAQ
LOTWW,Lotus Technology Inc.,0001962746,NASDAQ
ATCHW,"AtlasClear Holdings, Inc.",0001963088,OTC
ALURW,"ALLURION TECHNOLOGIES, INC.",0001964979,OTC
MGTEW,Marblegate Capital Corp,0001965052,OTC
NVNIW,Nvni Group Ltd,0001965143,NASDAQ
CCGWW,Cheche Group Inc.,0001965473,NASDAQ
GFR-RI,Greenfire Resources Ltd.,0001966287,NYSE
GFRWF,Greenfire Resources Ltd.,0001966287,OTC
BCHMF,Bachem Holding AG/ADR,0001968378,OTC
BWAGF,BAWAG Group AG/ADR,0001968385,OTC
PYAIF,Pony AI Inc.,0001969302,OTC
RKWAF,Rockwool A/S/ADR,0001969729,OTC
RKWBF,Rockwool A/S/ADR,0001969729,OTC
SEPSF,Asep Medical Holdings Inc.,0001969766,OTC
THQQF,Embracer Group AB/ADR,0001969796,OTC
LGSP,"LEGEND SPICES, INC.",0001970129,OTC
THNBY,Technoprobe SpA/ADR,0001971172,OTC
LIMNW,"Liminatus Pharma, Inc.",0001971387,NASDAQ
SVUWF,SRIVARU Holding Ltd,0001973368,OTC
MNYWW,MoneyHero Ltd,0001974044,NASDAQ
NPLY,Naploy Corp.,0001978111,OTC
QETAR,Quetta Acquisition Corp,0001978528,NASDAQ
QETAU,Quetta Acquisition Corp,0001978528,NASDAQ
AFJKR,"Aimei Health Technology Co., Ltd.",0001979005,NASDAQ
AFJKU,"Aimei Health Technology Co., Ltd.",0001979005,NASDAQ
IMAA,IMA Tech,0001980295,OTC
ENGNW,enGene Therapeutics Inc.,0001980845,NASDAQ
NIVFW,NewGenIvf Group Ltd,0001981662,NASDAQ
BDMDW,Baird Medical Investment Holdings Ltd,0001982444,NASDAQ
RMSGW,Real Messenger Corp,0001983324,NASDAQ
VTBAS,"Vestible Assets, LLC",0001984345,OTC
PBMWW,PSYENCE BIOMEDICAL LTD.,0001985062,NASDAQ
TOYWF,"TOYO Co., Ltd",0001985273,OTC
NPEHF,"Nippon Express Holdings, Inc./ADR",0001985406,OTC
LDXC,Londax Corp.,0001985554,OTC
GTENU,"Gores Holdings X, Inc. / CI",0001986817,NASDAQ
GTENW,"Gores Holdings X, Inc. / CI",0001986817,NASDAQ
SHMDW,SCHMID Group N.V.,0001987240,NASDAQ
MRNOW,Murano Global Investments Plc,0001988776,NASDAQ
GAFC,Guru App Factory Corp,0001989788,OTC
MKDWW,MKDWELL Tech Inc.,0001991332,NASDAQ
ZOOZW,ZOOZ Strategy Ltd.,0001992818,NASDAQ
HNIT,Huineng Technology Corp,0001994373,OTC
OYCG,Oyocar Group Inc.,0001994582,OTC
SPHIF,SUPER HI INTERNATIONAL HOLDING LTD.,0001995306,OTC
ESMR,E-Smart Corp.,0001995920,OTC
MDCXW,Medicus Pharma Ltd.,0001997296,NASDAQ
TBNRL,Tamboran Resources Corp,0001997652,OTC
PDPA,Pearl Diver Credit Co Inc.,0001998043,NYSE
IBACR,IB Acquisition Corp.,0001998781,NASDAQ
STWI,StageWise Strategies Corp.,0001999261,OTC
DSYWW,Big Tree Cloud Holdings Ltd,0001999297,NASDAQ
SCAGW,Scage Future,0002000366,NASDAQ
EURKR,Eureka Acquisition Corp,0002000410,NASDAQ
EURKU,Eureka Acquisition Corp,0002000410,NASDAQ
DVHGF,Devonian Health Group Inc.,0002000684,OTC
KWMWW,Nexus Advanced Technologies Inc.,0002000756,NASDAQ
NXATW,Nexus Advanced Technologies Inc.,0002000756,NASDAQ
BKHAR,Black Hawk Acquisition Corp,0002000775,NASDAQ
BKHAU,Black Hawk Acquisition Corp,0002000775,NASDAQ
INVLW,"Innventure, Inc.",0002001557,OTC
HPAIW,Helport AI Ltd,0002001699,NASDAQ
GCLWW,GCL Global Holdings Ltd,0002002045,NASDAQ
MGSD,"Maitong Sunshine Cultural Development Co., Ltd",0002003750,OTC
TLPPF,Telix Pharmaceuticals Ltd,0002007191,OTC
INFQ-WT,"Infleqtion, Inc.",0002007825,NYSE
TACHU,Titan Acquisition Corp.,0002009183,NASDAQ
TACHW,Titan Acquisition Corp.,0002009183,NASDAQ
FVNNR,Future Vision II Acquisition Corp.,0002010653,NASDAQ
FVNNU,Future Vision II Acquisition Corp.,0002010653,NASDAQ
ALFUW,Centurion Acquisition Corp.,0002010930,NASDAQ
PVIT,Palisades Venture Inc.,0002010982,OTC
YDESW,YD Bio Ltd,0002011674,NASDAQ
RFAIR,RF Acquisition Corp II,0002012807,NASDAQ
RFAIU,RF Acquisition Corp II,0002012807,NASDAQ
TNMWF,TNL Mediagene,0002013186,OTC
FOXXW,Foxx Development Holdings Inc.,0002013807,NASDAQ
FSTWF,FST Corp.,0002014254,OTC
SIMAW,SIM Acquisition Corp. I,0002014982,NASDAQ
LPAAW,Launch One Acquisition Corp.,0002015502,NASDAQ
SBXD-UN,SilverBox Corp IV,0002015947,NYSE
SBXD-WT,SilverBox Corp IV,0002015947,NYSE
CUBWU,Lionheart Holdings,0002015955,NASDAQ
CUBWW,Lionheart Holdings,0002015955,NASDAQ
VLOSU,Velos Acquisition I Corp.,0002016072,NASDAQ
VLOSW,Velos Acquisition I Corp.,0002016072,NASDAQ
MACIU,Melar Acquisition Corp. I/Cayman,0002016221,NASDAQ
MACIW,Melar Acquisition Corp. I/Cayman,0002016221,NASDAQ
DTSQR,DT Cloud Star Acquisition Corp,0002017950,NASDAQ
DTSQU,DT Cloud Star Acquisition Corp,0002017950,NASDAQ
RDACR,Rising Dragon Acquisition Corp.,0002018145,NASDAQ
RDACU,Rising Dragon Acquisition Corp.,0002018145,NASDAQ
BGLWW,Blue Gold Ltd,0002019435,NASDAQ
IMSRW,Terrestrial Energy Inc. /DE/,0002019804,NASDAQ
TAVIR,Tavia Acquisition Corp.,0002020385,NASDAQ
TAVIU,Tavia Acquisition Corp.,0002020385,NASDAQ
DSFT,DeltaSoft Corp,0002020919,OTC
YHNAR,YHN Acquisition I Ltd,0002020987,NASDAQ
YHNAU,YHN Acquisition I Ltd,0002020987,NASDAQ
GDERF,Galderma Group AG/ADR,0002021390,OTC
SNNRF,Sunrise Communications AG,0002021938,OTC
AGMWF,"Silver Mountain Resources, Inc.",0002022059,OTC
KIDZW,KIDZ AI Inc.,0002022308,NASDAQ
SLXNW,Silexion Therapeutics Corp,0002022416,NASDAQ
LPBBU,Launch Two Acquisition Corp.,0002023676,NASDAQ
LPBBW,Launch Two Acquisition Corp.,0002023676,NASDAQ
HDRNW,"Hadron Energy, Inc.",0002023730,NASDAQ
CAPNR,Cayson Acquisition Corp,0002024203,NASDAQ
CAPNU,Cayson Acquisition Corp,0002024203,NASDAQ
CHARR,Charlton Aria Acquisition Corp,0002024459,NASDAQ
CHARU,Charlton Aria Acquisition Corp,0002024459,NASDAQ
CHPGR,ChampionsGate Acquisition Corp,0002024460,NASDAQ
CHPGU,ChampionsGate Acquisition Corp,0002024460,NASDAQ
POLEU,Andretti Acquisition Corp. II,0002025341,NASDAQ
POLEW,Andretti Acquisition Corp. II,0002025341,NASDAQ
FERAR,Fifth Era Acquisition Corp I,0002025401,NASDAQ
FERAU,Fifth Era Acquisition Corp I,0002025401,NASDAQ
SOUL-RI,Soulpower Acquisition Corp.,0002025608,NYSE
SOUL-UN,Soulpower Acquisition Corp.,0002025608,NYSE
ALPWF,Alps Group Inc,0002025774,OTC
ITXP,"Independence Power Holdings, Inc.",0002025878,OTC
NAMMW,Namib Minerals,0002026514,NASDAQ
ALISR,Calisa Acquisition Corp,0002026767,NASDAQ
ALISU,Calisa Acquisition Corp,0002026767,NASDAQ
FTRKD,Fast Track Group,0002027262,OTC
SGIPF,"Sugi Holdings Co., Ltd./ADR",0002027330,OTC
NTWOU,Newbury Street II Acquisition Corp,0002028027,NASDAQ
NTWOW,Newbury Street II Acquisition Corp,0002028027,NASDAQ
COLAR,Columbus Acquisition Corp/Cayman Islands,0002028201,NASDAQ
COLAU,Columbus Acquisition Corp/Cayman Islands,0002028201,NASDAQ
RAINW,"Rain Enhancement Technologies Holdco, Inc.",0002028293,NASDAQ
NUAIW,"New ERA Energy & Digital, Inc.",0002028336,NASDAQ
IPEXR,Inflection Point Acquisition Corp. V,0002028355,NASDAQ
IPEXU,Inflection Point Acquisition Corp. V,0002028355,NASDAQ
ATIIU,Archimedes Tech SPAC Partners II Co.,0002028516,NASDAQ
ATIIW,Archimedes Tech SPAC Partners II Co.,0002028516,NASDAQ
DMAAR,Drugs Made In America Acquisition Corp.,0002028614,NASDAQ
DMAAU,Drugs Made In America Acquisition Corp.,0002028614,NASDAQ
DYNCU,Dynamix Corp,0002028699,NASDAQ
DYNCW,Dynamix Corp,0002028699,NASDAQ
SPEGR,Silver Pegasus Acquisition Corp.,0002028735,NASDAQ
SPEGU,Silver Pegasus Acquisition Corp.,0002028735,NASDAQ
FACTU,FACT II Acquisition Corp.,0002028935,NASDAQ
FACTW,FACT II Acquisition Corp.,0002028935,NASDAQ
MRCL,Mercalot Inc.,0002029014,OTC
THTG,Tech Tonic Group Corp.,0002029303,OTC
BLNH,"Blue Line Holdings, Inc.",0002029586,OTC
OACCU,Oaktree Acquisition Corp. III Life Sciences,0002029769,NASDAQ
OACCW,Oaktree Acquisition Corp. III Life Sciences,0002029769,NASDAQ
KFIIR,K&F GROWTH ACQUISITION CORP. II,0002029976,NASDAQ
KFIIU,K&F GROWTH ACQUISITION CORP. II,0002029976,NASDAQ
PLMKU,"Plum Acquisition Corp, IV",0002030482,NASDAQ
PLMKW,"Plum Acquisition Corp, IV",0002030482,NASDAQ
SZZLR,Sizzle Acquisition Corp. II,0002030663,NASDAQ
SZZLU,Sizzle Acquisition Corp. II,0002030663,NASDAQ
PGACR,PANTAGES CAPITAL ACQUISITION Corp,0002030829,NASDAQ
PGACU,PANTAGES CAPITAL ACQUISITION Corp,0002030829,NASDAQ
ALDFU,Aldel Financial II Inc.,0002031561,NASDAQ
ALDFW,Aldel Financial II Inc.,0002031561,NASDAQ
DRDBU,Roman DBDR Acquisition Corp. II,0002032528,NASDAQ
DRDBW,Roman DBDR Acquisition Corp. II,0002032528,NASDAQ
SHFH,Scientist Home Future Health Ltd,0002032609,OTC
AEHGS,"Arrived Homes 5, LLC",0002032732,OTC
ALOIS,"Arrived Homes 5, LLC",0002032732,OTC
AVPKS,"Arrived Homes 5, LLC",0002032732,OTC
AVSBS,"Arrived Homes 5, LLC",0002032732,OTC
TICAW,"TIC Solutions, Inc.",0002032966,OTC
TACOU,Berto Acquisition Corp.,0002033122,NASDAQ
TACOW,Berto Acquisition Corp.,0002033122,NASDAQ
VDTA,Vertical Data Inc.,0002033264,OTC
FUSEW,Fusemachines Inc.,0002033383,NASDAQ
SVCCU,Stellar V Capital Corp. (Cayman Islands),0002033593,NASDAQ
SVCCW,Stellar V Capital Corp. (Cayman Islands),0002033593,NASDAQ
DAICW,"CID Holdco, Inc.",0002033770,NASDAQ
TVACU,Texas Ventures Acquisition III Corp,0002033991,NASDAQ
TVACW,Texas Ventures Acquisition III Corp,0002033991,NASDAQ
SDHIR,Siddhi Acquisition Corp (Cayman Islands),0002034037,NASDAQ
SDHIU,Siddhi Acquisition Corp (Cayman Islands),0002034037,NASDAQ
RMGL,Rocky Mountains Group Ltd,0002034288,OTC
DGMDF,Digital Domain Holdings Limited/ADR,0002034300,OTC
OBAWU,Oxley Bridge Acquisition Ltd,0002034313,NASDAQ
OBAWW,Oxley Bridge Acquisition Ltd,0002034313,NASDAQ
GIBOW,GIBO HOLDINGS Ltd,0002034520,NASDAQ
RIBBR,Ribbon Acquisition Corp.,0002035016,NASDAQ
RIBBU,Ribbon Acquisition Corp.,0002035016,NASDAQ
RTACU,Renatus Tactical Acquisition Corp I,0002035173,NASDAQ
RTACW,Renatus Tactical Acquisition Corp I,0002035173,NASDAQ
RANGR,Range Capital Acquisition Corp.,0002035644,NASDAQ
RANGU,Range Capital Acquisition Corp.,0002035644,NASDAQ
UYSCR,UY Scuti Acquisition Corp.,0002036973,NASDAQ
UYSCU,UY Scuti Acquisition Corp.,0002036973,NASDAQ
NKTP,"Nok Therapeutics, Inc.",0002038166,OTC
VWAVW,"VisionWave Holdings, Inc.",0002038439,NASDAQ
MANDF,Mandatum Oyj/ADR,0002038958,OTC
JACS-RI,Jackson Acquisition Co II,0002039058,NYSE
JACS-UN,Jackson Acquisition Co II,0002039058,NYSE
MGCOF,"Midea Group Co., Ltd./ADR",0002039784,OTC
PACHU,Pioneer Acquisition I Corp,0002040381,NASDAQ
PACHW,Pioneer Acquisition I Corp,0002040381,NASDAQ
DMIIR,Drugs Made In America Acquisition II Corp.,0002040475,NASDAQ
DMIIU,Drugs Made In America Acquisition II Corp.,0002040475,NASDAQ
CCAQU,COLLECTIVE ACQUISITION CORP.,0002041047,NASDAQ
CCAQW,COLLECTIVE ACQUISITION CORP.,0002041047,NASDAQ
ALUB-UN,Alussa Energy Acquisition Corp. II,0002041493,NYSE
ALUB-WT,Alussa Energy Acquisition Corp. II,0002041493,NYSE
BDTB,Bodhi Tree Biotechnology Inc,0002041531,OTC
LTMGF,Lottomatica Group S.p.A./ADR,0002041918,OTC
OYSER,Oyster Enterprises II Acquisition Corp,0002042182,NASDAQ
OYSEU,Oyster Enterprises II Acquisition Corp,0002042182,NASDAQ
KYFGF,Kyoto Financial Group Inc/ADR,0002042187,OTC
BDCIU,BTC Development Corp.,0002042292,NASDAQ
BDCIW,BTC Development Corp.,0002042292,NASDAQ
HAVAR,Harvard Ave Acquisition Corp,0002042460,NASDAQ
HAVAU,Harvard Ave Acquisition Corp,0002042460,NASDAQ
SPGDF,Springer Nature AG & Co. KGaA/ADR,0002042556,OTC
EVAC-UN,EQV Ventures Acquisition Corp. II,0002042902,NYSE
EVAC-WT,EQV Ventures Acquisition Corp. II,0002042902,NYSE
FKURF,Fujikura Ltd/ADR,0002043424,OTC
LKSPR,Lake Superior Acquisition Corp,0002043508,NASDAQ
LKSPU,Lake Superior Acquisition Corp,0002043508,NASDAQ
APACR,StoneBridge Acquisition II Corp,0002043630,NASDAQ
APACU,StoneBridge Acquisition II Corp,0002043630,NASDAQ
NHICU,NewHold Investment Corp. III,0002043699,NASDAQ
NHICW,NewHold Investment Corp. III,0002043699,NASDAQ
GTERR,Globa Terra Acquisition Corp,0002043766,NASDAQ
GTERU,Globa Terra Acquisition Corp,0002043766,NASDAQ
GTERW,Globa Terra Acquisition Corp,0002043766,NASDAQ
XRPNU,Armada Acquisition Corp. II,0002044009,NASDAQ
XRPNW,Armada Acquisition Corp. II,0002044009,NASDAQ
ORIQU,Origin Investment Corp I,0002044523,NASDAQ
ORIQW,Origin Investment Corp I,0002044523,NASDAQ
GSHRU,Gesher Acquisition Corp. II,0002044635,NASDAQ
GSHRW,Gesher Acquisition Corp. II,0002044635,NASDAQ
MTNE-UN,CH4 Natural Solutions Corp,0002044817,NYSE
MTNE-WT,CH4 Natural Solutions Corp,0002044817,NYSE
TKMEF,"Tokyo Metro Co., Ltd./ADR",0002044863,OTC
COPL-UN,Copley Acquisition Corp,0002045473,NYSE
COPL-WT,Copley Acquisition Corp,0002045473,NYSE
ALEGF,ALLEGRO.EU SA/ADR,0002046098,OTC
CHECU,Chenghe Acquisition III Co.,0002047177,NASDAQ
CHECW,Chenghe Acquisition III Co.,0002047177,NASDAQ
QSEAR,Quartzsea Acquisition Corp,0002047455,NASDAQ
QSEAU,Quartzsea Acquisition Corp,0002047455,NASDAQ
RAC-UN,Rithm Acquisition Corp.,0002047497,NYSE
RAC-WT,Rithm Acquisition Corp.,0002047497,NYSE
SMFRF,"Sumitomo Forestry Co., Ltd./ADR",0002048270,OTC
NPACU,New Providence Acquisition Corp. III/Cayman,0002048948,NASDAQ
NPACW,New Providence Acquisition Corp. III/Cayman,0002048948,NASDAQ
TMSWW,Teamshares Inc,0002048951,NASDAQ
SUNXF,Stardust Solar Energy Inc.,0002048958,OTC
LCCCR,Lakeshore Acquisition III Corp.,0002049248,NASDAQ
LCCCU,Lakeshore Acquisition III Corp.,0002049248,NASDAQ
FACWW,Factorial Energy Inc.,0002049662,NASDAQ
BLUWU,Blue Water Acquisition Corp. III,0002050501,NASDAQ
BLUWW,Blue Water Acquisition Corp. III,0002050501,NASDAQ
PEW-WT,GrabAGun Digital Holdings Inc.,0002051380,NYSE
BSAAR,BEST SPAC I Acquisition Corp.,0002051587,NASDAQ
BSAAU,BEST SPAC I Acquisition Corp.,0002051587,NASDAQ
MLCIL,Mount Logan Capital Inc.,0002051820,NASDAQ
IRHOR,Iron Horse Acquisition II Corp.,0002051985,NASDAQ
IRHOU,Iron Horse Acquisition II Corp.,0002051985,NASDAQ
DAAQU,Digital Asset Acquisition Corp.,0002052162,NASDAQ
DAAQW,Digital Asset Acquisition Corp.,0002052162,NASDAQ
TWLVR,Twelve Seas Investment Co III/Cayman,0002052243,NASDAQ
TWLVU,Twelve Seas Investment Co III/Cayman,0002052243,NASDAQ
EGHAR,EGH Acquisition Corp.,0002052547,NASDAQ
EGHAU,EGH Acquisition Corp.,0002052547,NASDAQ
KXHCF,Kioxia Holdings Corporation/ADR,0002053383,OTC
PCPPF,PC Partner Group Ltd/ADR,0002053411,OTC
TGE-WT,Generation Essentials Group,0002053456,NYSE
KCHVR,Kochav Defense Acquisition Corp.,0002053799,NASDAQ
KCHVU,Kochav Defense Acquisition Corp.,0002053799,NASDAQ
YSHLF,Yangzijiang Shipbuilding Holdings Ltd/ADR,0002053843,OTC
WTGUR,Wintergreen Acquisition Corp.,0002053927,NASDAQ
WTGUU,Wintergreen Acquisition Corp.,0002053927,NASDAQ
ONCHU,1RT Acquisition Corp.,0002054272,NASDAQ
ONCHW,1RT Acquisition Corp.,0002054272,NASDAQ
NMPAR,NMP Acquisition Corp.,0002054876,NASDAQ
NMPAU,NMP Acquisition Corp.,0002054876,NASDAQ
RDAGU,Republic Digital Acquisition Co,0002055459,NASDAQ
RDAGW,Republic Digital Acquisition Co,0002055459,NASDAQ
VNMEU,Vendome Acquisition Corp I,0002055879,NASDAQ
VNMEW,Vendome Acquisition Corp I,0002055879,NASDAQ
RDSC,Radiant Strategies Corp,0002056016,OTC
PCAPU,ProCap Acquisition Corp,0002056634,NASDAQ
PCAPW,ProCap Acquisition Corp,0002056634,NASDAQ
AXINR,Axiom Intelligence Acquisition Corp 1,0002057030,NASDAQ
AXINU,Axiom Intelligence Acquisition Corp 1,0002057030,NASDAQ
WENNU,WEN Acquisition Corp,0002057043,NASDAQ
WENNW,WEN Acquisition Corp,0002057043,NASDAQ
RADC,Readvantage Corp.,0002057381,OTC
GLIBK,Liberty Capital Corp/NV,0002057463,NASDAQ
CRAQR,Cal Redwood Acquisition Corp.,0002058359,NASDAQ
CRAQU,Cal Redwood Acquisition Corp.,0002058359,NASDAQ
FIGXU,FIGX Capital Acquisition Corp.,0002059033,NASDAQ
FIGXW,FIGX Capital Acquisition Corp.,0002059033,NASDAQ
SSEAR,STARRY SEA ACQUISITION CORP,0002059165,NASDAQ
SSEAU,STARRY SEA ACQUISITION CORP,0002059165,NASDAQ
BACCR,Blue Acquisition Corp/Cayman,0002059654,NASDAQ
BACCU,Blue Acquisition Corp/Cayman,0002059654,NASDAQ
ONWRF,Onward Medical N.V./ADR,0002059986,OTC
HRZRF,"Horizon Robotics, Inc./ADR",0002060217,OTC
JENA-RI,JENA ACQUISITION Corp II,0002060337,NYSE
JENA-UN,JENA ACQUISITION Corp II,0002060337,NYSE
NGHLF,Nightingale Health Plc,0002060863,OTC
LWACU,LightWave Acquisition Corp.,0002061379,NASDAQ
LWACW,LightWave Acquisition Corp.,0002061379,NASDAQ
PMTRU,Perimeter Acquisition Corp. I,0002061473,NASDAQ
PMTRW,Perimeter Acquisition Corp. I,0002061473,NASDAQ
MXUBY,Mixue Bingcheng Co Ltd/ADR,0002061911,OTC
MXUGF,Mixue Bingcheng Co Ltd/ADR,0002061911,OTC
KYIVW,Kyivstar Group Ltd.,0002062440,NASDAQ
GMWKF,GAMES WORKSHOP GROUP PLC/ADR,0002062522,OTC
IDPUF,IDP Education Ltd./ADR,0002062803,OTC
MGHTF,Mercury NZ Ltd./ADR,0002062807,OTC
SPHXF,SM Prime Holdings Inc./ADR,0002063413,OTC
MDDNF,Meridian Energy Ltd/ADR,0002063417,OTC
LSHGF,Louis Hachette Group/ADR,0002063675,OTC
PSBAF,PT Sumber Alfaria Trijaya Tbk/ADR,0002063685,OTC
INACR,Indigo Acquisition Corp.,0002063816,NASDAQ
INACU,Indigo Acquisition Corp.,0002063816,NASDAQ
FGRS,"Figure Technology Solutions, Inc.",0002064124,OTC
BPACR,Blueport Acquisition Ltd,0002064177,NASDAQ
BPACU,Blueport Acquisition Ltd,0002064177,NASDAQ
BCSS-UN,Bain Capital GSS Investment Corp.,0002064355,NYSE
BCSS-WT,Bain Capital GSS Investment Corp.,0002064355,NYSE
MCGAU,Yorkville Acquisition Corp.,0002064658,NASDAQ
MCGAW,Yorkville Acquisition Corp.,0002064658,NASDAQ
CCIIU,Cohen Circle Acquisition Corp. II,0002064683,NASDAQ
CCIIW,Cohen Circle Acquisition Corp. II,0002064683,NASDAQ
DNKC,Dankon Corp,0002065287,OTC
JXADF,JX Advanced Metals Corporation/ADR,0002065485,OTC
DNACF,"DeNA Co., Ltd./ADR",0002065660,OTC
PLUN-RI,Plutonian Acquisition Corp. II,0002065661,NYSE
PLUN-UN,Plutonian Acquisition Corp. II,0002065661,NYSE
FLNCF,Freelancer Ltd,0002065932,OTC
SOCAU,Solarius Capital Acquisition Corp.,0002065948,NASDAQ
SOCAW,Solarius Capital Acquisition Corp.,0002065948,NASDAQ
SCXBF,SCB X Public Co Ltd,0002066600,OTC
TOKCF,"Tokyo Ohka Kogyo Co., Ltd./ADR",0002066601,OTC
MKLYR,McKinley Acquisition Corp,0002067592,NASDAQ
MKLYU,McKinley Acquisition Corp,0002067592,NASDAQ
SHAZW,SharonAI Holdings Inc.,0002068385,OTC
LPUGF,Laopu Gold Co. Ltd./ADR,0002068440,OTC
STHRF,Strathcona Resources Ltd.,0002068441,OTC
KOYNU,"CSLM Digital Asset Acquisition Corp III, Ltd",0002068454,NASDAQ
KOYNW,"CSLM Digital Asset Acquisition Corp III, Ltd",0002068454,NASDAQ
PAII-UN,Pyrophyte Acquisition Corp. II,0002069238,NYSE
PAII-WT,Pyrophyte Acquisition Corp. II,0002069238,NYSE
HCMAU,HCM III ACQUISITION CORP.,0002069856,NASDAQ
HCMAW,HCM III ACQUISITION CORP.,0002069856,NASDAQ
REECF,Reece Limited/ADR,0002070570,OTC
HVMCU,Highview Merger Corp.,0002070602,NASDAQ
HVMCW,Highview Merger Corp.,0002070602,NASDAQ
CRACR,Crown Reserve Acquisition Corp. I,0002070887,NASDAQ
CRACU,Crown Reserve Acquisition Corp. I,0002070887,NASDAQ
CRACW,Crown Reserve Acquisition Corp. I,0002070887,NASDAQ
QUMSR,Quantumsphere Acquisition Corp,0002070900,NASDAQ
QUMSU,Quantumsphere Acquisition Corp,0002070900,NASDAQ
YSGL,Yellowstone Group Ltd.,0002071489,OTC
JNGHF,"Jiangsu Hengrui Pharmaceuticals Co., Ltd./ADR",0002071868,OTC
TRMLF,Tourmaline Oil Corp/ADR,0002071881,OTC
CPRHF,Capital Power Corp/ADR,0002071911,OTC
CPWPF,Capital Power Corp/ADR,0002071911,OTC
CPXWF,Capital Power Corp/ADR,0002071911,OTC
PREKF,PrairieSky Royalty Ltd/ADR,0002071912,OTC
GBNXF,Gibson Energy Inc/ADR,0002071913,OTC
TMTNF,Toromont Industries Ltd./ADR,0002072098,OTC
BIOTW,INSTINCT BIO TECHNICAL CO HOLDINGS INC.,0002072188,NASDAQ
NPICF,Northland Power Inc./ADR,0002072389,OTC
NPIFF,Northland Power Inc./ADR,0002072389,OTC
GSRFR,GSR IV Acquisition Corp.,0002072404,NASDAQ
GSRFU,GSR IV Acquisition Corp.,0002072404,NASDAQ
BIREF,Birchcliff Energy Ltd./ADR,0002073268,OTC
TLNCU,Talon Capital Corp.,0002073340,NASDAQ
TLNCW,Talon Capital Corp.,0002073340,NASDAQ
ARCLR,ARC Group Acquisition I Corp.,0002073515,NASDAQ
ARCLU,ARC Group Acquisition I Corp.,0002073515,NASDAQ
ARCLW,ARC Group Acquisition I Corp.,0002073515,NASDAQ
AIIA-RI,AI Infrastructure Acquisition Corp.,0002073553,NYSE
AIIA-UN,AI Infrastructure Acquisition Corp.,0002073553,NYSE
ELEEF,Element Fleet Management Corp./ADR,0002073615,OTC
PARXF,Parex Resources Inc./ADR,0002073620,OTC
FINGF,Finning International Inc./ADR,0002073638,OTC
TPZEF,Topaz Energy Corp./ADR,0002073655,OTC
HNSPF,Hansoh Pharmaceutical Group Co Limited/ADR,0002073669,OTC
TCLHF,TCL Electronics Holdings Limited/ADR,0002073804,OTC
DLMAF,Dollarama Inc./ADR,0002073893,OTC
TNEYF,Tamarack Valley Energy Ltd./ADR,0002073901,OTC
NNWWF,North West Co Inc./ADR,0002073913,OTC
MBVIU,M3-Brigade Acquisition VI Corp.,0002073928,NASDAQ
MBVIW,M3-Brigade Acquisition VI Corp.,0002073928,NASDAQ
LWSCF,Sienna Senior Living Inc./ADR,0002073972,OTC
WIPKF,Winpak Ltd./ADR,0002074059,OTC
SVAUF,StorageVault Canada Inc./ADR,0002074157,OTC
FCRS-UN,FutureCrest Acquisition Corp.,0002074697,NYSE
FCRS-WT,FutureCrest Acquisition Corp.,0002074697,NYSE
GFUZW,General Fusion Group Ltd.,0002074850,NASDAQ
KRSP-UN,Rice Acquisition Corp 3,0002074872,NYSE
KRSP-WT,Rice Acquisition Corp 3,0002074872,NYSE
NWAX-UN,New America Acquisition I Corp.,0002074878,NYSE
NWAX-WT,New America Acquisition I Corp.,0002074878,NYSE
CCXIU,Churchill Capital Corp XI,0002074973,NASDAQ
CCXIW,Churchill Capital Corp XI,0002074973,NASDAQ
IGACR,Invest Green Acquisition Corp,0002075068,NASDAQ
IGACU,Invest Green Acquisition Corp,0002075068,NASDAQ
SRBEF,VusionGroup,0002075141,OTC
BLZRU,Trailblazer Acquisition Corp.,0002075310,NASDAQ
BLZRW,Trailblazer Acquisition Corp.,0002075310,NASDAQ
YCY-UN,AA Mission Acquisition Corp. II,0002075336,NYSE
YCY-WT,AA Mission Acquisition Corp. II,0002075336,NYSE
TNDEF,Top End Energy Ltd/ADR,0002075349,OTC
GPTGF,GPT Group/ADR,0002075474,OTC
EMISR,Emmis Acquisition Corp.,0002075816,NASDAQ
BKPKF,Bank Pekao S.A./ADR,0002075877,OTC
CSCCF,Capstone Copper Corp./ADR,0002075918,OTC
BRRWW,"ProCap Financial, Inc.",0002076163,NASDAQ
WSTNR,Westin Acquisition Corp,0002076192,NASDAQ
WSTNU,Westin Acquisition Corp,0002076192,NASDAQ
ZSINF,"Zhejiang Sanhua Intelligent Controls Co., Ltd./ADR",0002076398,OTC
LATAU,Galata Acquisition Corp. II,0002076427,NASDAQ
LATAW,Galata Acquisition Corp. II,0002076427,NASDAQ
TDWDR,Tailwind 2.0 Acquisition Corp.,0002076616,NASDAQ
TDWDU,Tailwind 2.0 Acquisition Corp.,0002076616,NASDAQ
SCIIR,SC II Acquisition Corp.,0002076739,NASDAQ
SCIIU,SC II Acquisition Corp.,0002076739,NASDAQ
OTGAU,OTG Acquisition Corp. I,0002077010,NASDAQ
OTGAW,OTG Acquisition Corp. I,0002077010,NASDAQ
MMTXU,Miluna Acquisition Corp,0002077033,NASDAQ
MMTXW,Miluna Acquisition Corp,0002077033,NASDAQ
OBIIF,"OBIC Co., Ltd./ADR",0002077146,OTC
STLJF,Stella-Jones Inc./ADR,0002077242,OTC
IRAB-UN,Iris Acquisition Corp II,0002077785,NYSE
IRAB-WT,Iris Acquisition Corp II,0002077785,NYSE
EVOXU,Evolution Global Acquisition Corp,0002077954,NASDAQ
EVOXW,Evolution Global Acquisition Corp,0002077954,NASDAQ
LLYVB,"Liberty Live Holdings, Inc.",0002078416,OTC
LLYVK,"Liberty Live Holdings, Inc.",0002078416,NASDAQ
RNGTU,Range Capital Acquisition Corp II,0002078653,NASDAQ
RNGTW,Range Capital Acquisition Corp II,0002078653,NASDAQ
HCACR,Hall Chadwick Acquisition Corp,0002079013,NASDAQ
LAFAR,LaFayette Acquisition Corp.,0002079106,NASDAQ
LAFAU,LaFayette Acquisition Corp.,0002079106,NASDAQ
VRXAW,Veraxa Biotech AG - Post de-SPAC,0002079109,NASDAQ
APXTU,Apex Treasury Corp,0002079253,NASDAQ
APXTW,Apex Treasury Corp,0002079253,NASDAQ
DYORU,Insight Digital Partners II,0002079292,NASDAQ
DYORW,Insight Digital Partners II,0002079292,NASDAQ
MBGCF,"Mitsubishi Gas Chemical Company, Inc./ADR",0002079706,OTC
BEBE-UN,TGE Value Creative Solutions Corp,0002079933,NYSE
BEBE-WT,TGE Value Creative Solutions Corp,0002079933,NYSE
GIWWR,GigCapital8 Corp.,0002080019,NASDAQ
GIWWU,GigCapital8 Corp.,0002080019,NASDAQ
VACI-UN,Viking Acquisition Corp I,0002080023,NYSE
VACI-WT,Viking Acquisition Corp I,0002080023,NYSE
MYXXR,Maywood Acquisition Corp. 2,0002080087,NASDAQ
MYXXU,Maywood Acquisition Corp. 2,0002080087,NASDAQ
MYXXW,Maywood Acquisition Corp. 2,0002080087,NASDAQ
USDEW,StableCoinX Inc.,0002080215,NASDAQ
THEOR,BOA Acquisition Corp. II,0002080216,NASDAQ
THEOU,BOA Acquisition Corp. II,0002080216,NASDAQ
ITHAU,ITHAX Acquisition Corp III,0002080985,NASDAQ
ITHAW,ITHAX Acquisition Corp III,0002080985,NASDAQ
DNMXU,Dynamix Corp III,0002081125,NASDAQ
DNMXW,Dynamix Corp III,0002081125,NASDAQ
SSACR,SPACSphere Acquisition Corp.,0002081300,NASDAQ
SSACU,SPACSphere Acquisition Corp.,0002081300,NASDAQ
SSACW,SPACSphere Acquisition Corp.,0002081300,NASDAQ
CRANR,Crane Harbor Acquisition Corp. II,0002081358,NASDAQ
CRANU,Crane Harbor Acquisition Corp. II,0002081358,NASDAQ
MESHU,Meshflow Acquisition Corp,0002081468,NASDAQ
MESHW,Meshflow Acquisition Corp,0002081468,NASDAQ
GUACU,Berto Acquisition Corp. II,0002081515,NASDAQ
GUACW,Berto Acquisition Corp. II,0002081515,NASDAQ
BLRKU,Bluerock Acquisition Corp.,0002081532,NASDAQ
BLRKW,Bluerock Acquisition Corp.,0002081532,NASDAQ
WPAC-RI,White Pearl Acquisition Corp.,0002081536,NYSE
WPAC-UN,White Pearl Acquisition Corp.,0002081536,NYSE
VECA-RI,Vernal Capital Acquisition Corp.,0002081690,NYSE
VECA-UN,Vernal Capital Acquisition Corp.,0002081690,NYSE
SBXE-UN,SilverBox Corp V,0002081909,NYSE
SBXE-WT,SilverBox Corp V,0002081909,NYSE
KRAQU,KRAKacquisition Corp,0002082119,NASDAQ
KRAQW,KRAKacquisition Corp,0002082119,NASDAQ
AVVOF,Avio S.p.A./ADR,0002082141,OTC
DSACU,Daedalus Special Acquisition Corp.,0002082149,NASDAQ
DSACW,Daedalus Special Acquisition Corp.,0002082149,NASDAQ
AESPR,Aeon Acquisition I Corp.,0002082526,NASDAQ
AESPU,Aeon Acquisition I Corp.,0002082526,NASDAQ
AESPW,Aeon Acquisition I Corp.,0002082526,NASDAQ
BIXIU,Bitcoin Infrastructure Acquisition Corp Ltd,0002082542,NASDAQ
BIXIW,Bitcoin Infrastructure Acquisition Corp Ltd,0002082542,NASDAQ
SAC-UN,Safeguard Acquisition Corp.,0002082844,NYSE
SAC-WT,Safeguard Acquisition Corp.,0002082844,NYSE
BWIV-UN,Blue Water Acquisition Corp. IV,0002082847,NYSE
BWIV-WT,Blue Water Acquisition Corp. IV,0002082847,NYSE
PNFP-PA,"Pinnacle Financial Partners, Inc.",0002082866,NYSE
PNFP-PB,"Pinnacle Financial Partners, Inc.",0002082866,NYSE
PNFP-PC,"Pinnacle Financial Partners, Inc.",0002082866,NYSE
FHFLF,Foshan Haitian Flavouring & Food Co Ltd./ADR,0002082876,OTC
ADACU,American Drive Acquisition Co,0002083002,NASDAQ
ADACW,American Drive Acquisition Co,0002083002,NASDAQ
FTW-WT,PRESIDIO PRODUCTION Co,0002083125,NYSE
SCPQU,Social Commerce Partners Corp,0002083143,NASDAQ
SCPQW,Social Commerce Partners Corp,0002083143,NASDAQ
QADRU,QDRO Acquisition Corp.,0002083217,NASDAQ
QADRW,QDRO Acquisition Corp.,0002083217,NASDAQ
SPIWF,SPIE SA/ADR,0002083221,OTC
SAGU-RI,Shreya Acquisition Group,0002083452,NYSE
SAGU-UN,Shreya Acquisition Group,0002083452,NYSE
SAGU-WT,Shreya Acquisition Group,0002083452,NYSE
XCBEU,X3 Acquisition Corp. Ltd.,0002083493,NASDAQ
XCBEW,X3 Acquisition Corp. Ltd.,0002083493,NASDAQ
OCTLF,Octave Intelligence plc,0002083632,OTC
AEAQU,Activate Energy Acquisition Corp.,0002083689,NASDAQ
AEAQW,Activate Energy Acquisition Corp.,0002083689,NASDAQ
LPCVU,Launchpad Cadenza Acquisition Corp I,0002083728,NASDAQ
LPCVW,Launchpad Cadenza Acquisition Corp I,0002083728,NASDAQ
ARCIU,Archimedes Tech SPAC Partners III Co.,0002083910,NASDAQ
ARCIW,Archimedes Tech SPAC Partners III Co.,0002083910,NASDAQ
WLIIU,Willow Lane Acquisition Corp. II,0002083946,NASDAQ
WLIIW,Willow Lane Acquisition Corp. II,0002083946,NASDAQ
ALOVU,"Aldabra 4 Liquidity Opportunity Vehicle, Inc.",0002083989,NASDAQ
ALOVW,"Aldabra 4 Liquidity Opportunity Vehicle, Inc.",0002083989,NASDAQ
URSB,"URSB Bancorp, Inc.",0002084261,OTC
IEAGR,Infinite Eagle Acquisition Corp.,0002084396,NASDAQ
IEAGU,Infinite Eagle Acquisition Corp.,0002084396,NASDAQ
LFACU,Leapfrog Acquisition Corp,0002084563,NASDAQ
LFACW,Leapfrog Acquisition Corp,0002084563,NASDAQ
QRED-RI,QuasarEdge Acquisition Corp,0002085177,NYSE
QRED-UN,QuasarEdge Acquisition Corp,0002085177,NYSE
DUTBF,Duality Biotherapeutics Inc/ADR,0002085208,OTC
AMVIF,AUMOVIO SE,0002085236,OTC
GPACU,General Purpose Acquisition Corp.,0002085408,NASDAQ
GPACW,General Purpose Acquisition Corp.,0002085408,NASDAQ
TRAD-RI,APEX Tech Acquisition Inc.,0002085485,NYSE
TRAD-UN,APEX Tech Acquisition Inc.,0002085485,NYSE
SVAQU,Silicon Valley Acquisition Corp.,0002085659,NASDAQ
SVAQW,Silicon Valley Acquisition Corp.,0002085659,NASDAQ
ETSS-UN,Energy Transition Special Opportunities,0002085932,NYSE
ETSS-WT,Energy Transition Special Opportunities,0002085932,NYSE
SORNU,Soren Acquisition Corp.,0002086263,NASDAQ
SORNW,Soren Acquisition Corp.,0002086263,NASDAQ
VHCPU,Vine Hill Capital Investment Corp. II,0002086264,NASDAQ
VHCPW,Vine Hill Capital Investment Corp. II,0002086264,NASDAQ
GHXIU,"Gores Holdings XI, Inc.",0002086438,NASDAQ
GHXIW,"Gores Holdings XI, Inc.",0002086438,NASDAQ
KTWOR,K2 Capital Acquisition Corp,0002086524,NASDAQ
KTWOU,K2 Capital Acquisition Corp,0002086524,NASDAQ
ARTCU,Art Technology Acquisition Corp.,0002086545,NASDAQ
ARTCW,Art Technology Acquisition Corp.,0002086545,NASDAQ
RLMLF,RESOLUTION MINERALS LTD/ADR,0002086869,OTC
BIII-UN,Black Spade Acquisition III Co,0002087087,NYSE
BIII-WT,Black Spade Acquisition III Co,0002087087,NYSE
MEVOU,M Evo Global Acquisition Corp II,0002087361,NASDAQ
MEVOW,M Evo Global Acquisition Corp II,0002087361,NASDAQ
PAACU,Proem Acquisition Corp. I,0002087446,NASDAQ
PAACW,Proem Acquisition Corp. I,0002087446,NASDAQ
ZKPU,Lafayette Digital Acquisition Corp. I,0002087447,NASDAQ
ZKPW,Lafayette Digital Acquisition Corp. I,0002087447,NASDAQ
LEGO-UN,Legato Merger Corp. IV,0002087450,NYSE
LEGO-WT,Legato Merger Corp. IV,0002087450,NYSE
NHKGF,NHK Spring Co. Ltd/ADR,0002087500,OTC
CSHRW,CoinShares PLC,0002087587,NASDAQ
ZJLMF,"Zhejiang Leapmotor Technology Co., Ltd./ADR",0002087840,OTC
GGPSF,Greatland Resources Limited/ADR,0002087843,OTC
MSOKF,Mitsui-Soko Holdings Co Limited/ADR,0002087844,OTC
SBKLF,Sumitomo Bakelite Co Limited/ADR,0002087852,OTC
AIKCF,Aica Kogyo Co Limited/ADR,0002087856,OTC
YSAG,Texas Precious Metals Trust,0002087989,NASDAQ
YSAU,Texas Precious Metals Trust,0002087989,NASDAQ
XFLH-RI,XFLH Capital Corp,0002088103,NYSE
XFLH-UN,XFLH Capital Corp,0002088103,NYSE
HQWWW,Horizon Quantum Holdings Ltd.,0002088256,NASDAQ
OIMAU,OneIM Acquisition Corp.,0002088325,NASDAQ
OIMAW,OneIM Acquisition Corp.,0002088325,NASDAQ
OBIBF,"OBIC Business Consultants Co., Ltd./ADR",0002088339,OTC
PECER,Peace Acquisition Corp.,0002088626,NASDAQ
PECEU,Peace Acquisition Corp.,0002088626,NASDAQ
PECEW,Peace Acquisition Corp.,0002088626,NASDAQ
KBONU,Karbon Capital Partners Corp.,0002088749,NASDAQ
KBONW,Karbon Capital Partners Corp.,0002088749,NASDAQ
ZSHOF,"Zensho Holdings Co., Ltd./ADR",0002088776,OTC
IPXGU,Inflection Point Acquisition Corp. VII,0002088805,NASDAQ
IPXGW,Inflection Point Acquisition Corp. VII,0002088805,NASDAQ
XSLLU,Xsolla SPAC 1,0002088807,NASDAQ
XSLLW,Xsolla SPAC 1,0002088807,NASDAQ
HRIBF,"Horiba, Ltd./ADR",0002088827,OTC
PTAXY,Paltac Corporation/ADR,0002089174,OTC
NUCLW,Eagle Nuclear Energy Corp.,0002089283,NASDAQ
SVNHF,SUNEVISION HOLDINGS/ADR,0002089488,OTC
GLVHF,GLENVEAGH PROPERTIES PLC/ADR,0002089499,OTC
TOETF,TOSEI CORP/ADR,0002089506,OTC
JELLF,JEOL LTD/ADR,0002089509,OTC
HACQU,HCM IV Acquisition Corp.,0002089982,NASDAQ
HACQW,HCM IV Acquisition Corp.,0002089982,NASDAQ
MTLPF,Metlen Energy & Metals PLC/ADR,0002090231,OTC
IDACU,Iron Dome Acquisition I Corp.,0002090441,NASDAQ
IDACW,Iron Dome Acquisition I Corp.,0002090441,NASDAQ
FGIIU,FG Imperii Acquisition Corp.,0002090452,NASDAQ
FGIIW,FG Imperii Acquisition Corp.,0002090452,NASDAQ
OHACR,Oceanhawk Acquisition Corp.,0002090787,NASDAQ
OHACU,Oceanhawk Acquisition Corp.,0002090787,NASDAQ
CLBR-UN,Colombier Acquisition Corp. III,0002091024,NYSE
CLBR-WT,Colombier Acquisition Corp. III,0002091024,NYSE
MTMCF,Metallium Limited/ADR,0002091028,OTC
IACOU,Idea Acquisition Corp.,0002091176,NASDAQ
IACOW,Idea Acquisition Corp.,0002091176,NASDAQ
SAAQU,Space Asset Acquisition Corp.,0002091222,NASDAQ
SAAQW,Space Asset Acquisition Corp.,0002091222,NASDAQ
GLED-RI,GalaxyEdge Acquisition Corp,0002091484,NYSE
GLED-UN,GalaxyEdge Acquisition Corp,0002091484,NYSE
LKYRF,Locksley Resources Limited/ADR,0002091585,OTC
CNDHF,CONDUIT HOLDINGS LTD/ADR,0002091663,OTC
RFAMR,RF Acquisition Corp III,0002091712,NASDAQ
RFAMU,RF Acquisition Corp III,0002091712,NASDAQ
NGSCF,"Nagase & Co., Ltd./ADR",0002092248,OTC
RNGOF,"Rengo Co., Ltd./ADR",0002092252,OTC
AWTRF,Air Water Inc./ADR,0002092258,OTC
AACIU,Armada Acquisition Corp. III,0002092897,NASDAQ
AACIW,Armada Acquisition Corp. III,0002092897,NASDAQ
MUZEU,Muzero Acquisition Corp,0002093484,NASDAQ
MUZEW,Muzero Acquisition Corp,0002093484,NASDAQ
GLNDW,Greenland Energy Co,0002093507,NASDAQ
APURR,Aperture AC,0002093524,NASDAQ
ZJNGF,Zijin Gold International Co Limited/ADR,0002093654,OTC
MAWAF,"Maruwa Co., Ltd./ADR",0002093667,OTC
APXCF,APEX CRITICAL METALS CORP.,0002093856,OTC
RNKGF,RENK Group AG/ADR,0002093907,OTC
PTORU,Praetorian Acquisition Corp.,0002093912,NASDAQ
PTORW,Praetorian Acquisition Corp.,0002093912,NASDAQ
CTAAR,Clearthink 1 Acquisition Corp.,0002094073,NASDAQ
CTAAU,Clearthink 1 Acquisition Corp.,0002094073,NASDAQ
OTAI-RI,Starlink AI Acquisition Corp,0002094076,NYSE
OTAI-UN,Starlink AI Acquisition Corp,0002094076,NYSE
DPCDF,DPC DASH LTD/ADR,0002094201,OTC
MLAAU,Mountain Lake Acquisition Corp. II,0002094265,NASDAQ
MLAAW,Mountain Lake Acquisition Corp. II,0002094265,NASDAQ
CRYAF,"Chery Automobile Co., Ltd./ADR",0002094687,OTC
OBCKF,Ottobock SE & Co. KGaA/ADR,0002094691,OTC
VSRPF,Verisure plc/ADR,0002094692,OTC
FJDIU,ARC Group Securities Acquisition I,0002094712,NASDAQ
BIDWR,Tribeca Strategic Acquisition Corp.,0002094919,NASDAQ
BIDWU,Tribeca Strategic Acquisition Corp.,0002094919,NASDAQ
ENRDW,Einride AB,0002095096,NASDAQ
DBCAU,D. Boral Acquisition I Corp.,0002095161,NASDAQ
DBCAW,D. Boral Acquisition I Corp.,0002095161,NASDAQ
KPET-UN,KPET Ultra Paceline Corp,0002095297,NYSE
KPET-WT,KPET Ultra Paceline Corp,0002095297,NYSE
BREZR,Breeze Acquisition Corp. II,0002095443,NASDAQ
TVIVU,Texas Ventures Acquisition IV Corp,0002096755,NASDAQ
TVIVW,Texas Ventures Acquisition IV Corp,0002096755,NASDAQ
ACAAU,Averin Capital Acquisition Corp.,0002096900,NASDAQ
ACAAW,Averin Capital Acquisition Corp.,0002096900,NASDAQ
BHAVR,BHAV Acquisition Corp,0002097288,NASDAQ
BHAVU,BHAV Acquisition Corp,0002097288,NASDAQ
TMTSU,Spartacus Acquisition Corp. II,0002097364,NASDAQ
TMTSW,Spartacus Acquisition Corp. II,0002097364,NASDAQ
MZYX-UN,MOZAYYX Acquisition Corp.,0002097376,NYSE
MZYX-WT,MOZAYYX Acquisition Corp.,0002097376,NYSE
FTHAU,Forefront Tech Holdings Acquisition Corp,0002097986,NASDAQ
FTHAW,Forefront Tech Holdings Acquisition Corp,0002097986,NASDAQ
SVIVU,Spring Valley Acquisition Corp. IV,0002098242,NASDAQ
SVIVW,Spring Valley Acquisition Corp. IV,0002098242,NASDAQ
SWBGF,Shawbrook Group plc/ADR,0002098324,OTC
BGTCF,"Beijing Geekplus Technology Co., Ltd./ADR",0002098425,OTC
UAC-UN,United Acquisition Corp. I,0002098669,NYSE
UAC-WT,United Acquisition Corp. I,0002098669,NYSE
BRKHU,Burtech Acquisition Corp II,0002098707,NASDAQ
BRKHW,Burtech Acquisition Corp II,0002098707,NASDAQ
GIXXR,GigCapital9 Corp.,0002098712,NASDAQ
GIXXU,GigCapital9 Corp.,0002098712,NASDAQ
TRGSR,TRG Latin America Acquisitions Corp.,0002098780,NASDAQ
TRGSU,TRG Latin America Acquisitions Corp.,0002098780,NASDAQ
HCICR,Hennessy Capital Investment Corp. VIII,0002099093,NASDAQ
HCICU,Hennessy Capital Investment Corp. VIII,0002099093,NASDAQ
PTACU,Patriot Acquisition Corp./CI,0002099095,NASDAQ
PTACW,Patriot Acquisition Corp./CI,0002099095,NASDAQ
FMACR,Future Money Acquisition Corp,0002099232,NASDAQ
FMACU,Future Money Acquisition Corp,0002099232,NASDAQ
MEAOF,MetaOptics Ltd,0002099681,OTC
NHIVU,NewHold Investment Corp IV,0002099767,NASDAQ
NHIVW,NewHold Investment Corp IV,0002099767,NASDAQ
AACOU,Abony Acquisition Corp. I,0002099906,NASDAQ
AACOW,Abony Acquisition Corp. I,0002099906,NASDAQ
CAQUU,Cambridge Acquisition Corp.,0002100125,NASDAQ
CAQUW,Cambridge Acquisition Corp.,0002100125,NASDAQ
MTPLF,Metaplanet Inc.,0002100603,OTC
EWAVR,East West Ave Acquisition Corp.,0002100704,NASDAQ
EWAVU,East West Ave Acquisition Corp.,0002100704,NASDAQ
ILLUU,Illumination Acquisition Corp. I,0002101135,NASDAQ
ILLUW,Illumination Acquisition Corp. I,0002101135,NASDAQ
APMCR,AmperCap Acquisition Co,0002101393,NASDAQ
APMCU,AmperCap Acquisition Co,0002101393,NASDAQ
WLCOU,Wilco 63 Corp,0002101470,NASDAQ
WLCOW,Wilco 63 Corp,0002101470,NASDAQ
PALOU,PALOMA ACQUISITION CORP I,0002101562,NASDAQ
PALOW,PALOMA ACQUISITION CORP I,0002101562,NASDAQ
IPFXU,Inflection Point Acquisition Corp. VI,0002102041,NASDAQ
IPFXW,Inflection Point Acquisition Corp. VI,0002102041,NASDAQ
AACPR,Apogee Acquisition Corp,0002102123,NASDAQ
AACPU,Apogee Acquisition Corp,0002102123,NASDAQ
AACPW,Apogee Acquisition Corp,0002102123,NASDAQ
QLEP-WT,Quantum Leap Acquisition Corp,0002102155,NYSE
KCAC-WT,Kensington Capital Acquisition Corp. VI,0002102713,NYSE
KCA-UN,Kensington Capital Acquisition Corp. VI,0002102713,NYSE
KEYYU,Keystone Acquisition Corp.,0002102771,NASDAQ
KEYYW,Keystone Acquisition Corp.,0002102771,NASDAQ
LTGRU,Long Table Growth Corp.,0002104177,NASDAQ
LTGRW,Long Table Growth Corp.,0002104177,NASDAQ
WENC-RI,West Enclave Merger Corp.,0002104260,NYSE
WENC-UN,West Enclave Merger Corp.,0002104260,NYSE
CATLU,Catalyst Acquisition Corp.,0002104391,NASDAQ
SHOTR,RMG ML Sports Holdings,0002104879,NASDAQ
SHOTU,RMG ML Sports Holdings,0002104879,NASDAQ
IPVVU,"InterPrivate Investment Partners V, Inc.",0002105274,NASDAQ
IPVVW,"InterPrivate Investment Partners V, Inc.",0002105274,NASDAQ
SUMAR,SUMA Acquisition Corp,0002105838,NASDAQ
SUMAU,SUMA Acquisition Corp,0002105838,NASDAQ
EURBF,Eurobank SA/ADR,0002106126,OTC
MRCOU,Mercator Acquisition Corp.,0002106436,NASDAQ
MRCOW,Mercator Acquisition Corp.,0002106436,NASDAQ
SBIBF,"SBI Shinsei Bank, Limited/ADR",0002107375,OTC
MTAL-UN,Metals Acquisition Corp. II,0002107724,NYSE
MTAL-WT,Metals Acquisition Corp. II,0002107724,NYSE
YMTKF,Yamato Kogyo Co. Ltd/ADR,0002107946,OTC
SWCPF,SWCC Corp/ADR,0002107960,OTC
KELRF,Keisei Electric Railway Co. Ltd/ADR,0002107989,OTC
ODERF,"Odakyu Electric Railway Co., Ltd./ADR",0002108124,OTC
PONOR,"Pono Capital Four, Inc.",0002108164,NASDAQ
PONOU,"Pono Capital Four, Inc.",0002108164,NASDAQ
NOFCF,NOF Corporation/ADR,0002108180,OTC
YMATF,Azbil Corporation/ADR,0002108185,OTC
GCGRU,General Catalyst Global Resilience Merger Corp.,0002108962,NASDAQ
GCGRW,General Catalyst Global Resilience Merger Corp.,0002108962,NASDAQ
BLHWF,BELIMO Holding AG/ADR,0002109234,OTC
KATJF,Knowledge Atlas Technology Joint Stock Co Limited/ADR,0002109545,OTC
MNMXF,Minimax Group Inc./ADR,0002109556,OTC
EXOSF,Exosens SAS/ADR,0002109666,OTC
XLABW,Exascale Labs Holdings Inc.,0002109869,NASDAQ
MCAHR,Mountain Crest Acquisition 6 Corp.,0002109876,NASDAQ
MCAHU,Mountain Crest Acquisition 6 Corp.,0002109876,NASDAQ
AMACU,AMR Resources Acquisition Corp.,0002110119,NASDAQ
AMACW,AMR Resources Acquisition Corp.,0002110119,NASDAQ
DGAC-RI,DISCIPLINED GROWTH ACQUISITION Corp,0002111038,NYSE
DGAC-UN,DISCIPLINED GROWTH ACQUISITION Corp,0002111038,NYSE
ACGCU,ACP Holdings Acquisition Corp.,0002111542,NASDAQ
ACGCW,ACP Holdings Acquisition Corp.,0002111542,NASDAQ
GSRVR,GSR V Acquisition Corp.,0002111762,NASDAQ
GSRVU,GSR V Acquisition Corp.,0002111762,NASDAQ
IQMXW,IQM Quantum Computers Oyj,0002113060,NASDAQ
OSPRU,Osprey Acquisition Corp. III,0002113481,NASDAQ
OSPRW,Osprey Acquisition Corp. III,0002113481,NASDAQ
CXIIU,Churchill Capital Corp XII,0002114227,NASDAQ
CXIIW,Churchill Capital Corp XII,0002114227,NASDAQ
XIIIU,Churchill Capital Corp XIII,0002114229,NASDAQ
CSBA,CSB Financial Inc.,0002114521,OTC
CAIIU,Collective Acquisition Corp. II,0002115404,NASDAQ
CAIIW,Collective Acquisition Corp. II,0002115404,NASDAQ
FWACR,Futurewave Acquisition Corp,0002116105,NASDAQ
FWACU,Futurewave Acquisition Corp,0002116105,NASDAQ
FWACW,Futurewave Acquisition Corp,0002116105,NASDAQ
NCOOR,Southern Cross Acquisition I Corp.,0002116230,NASDAQ
NCOOU,Southern Cross Acquisition I Corp.,0002116230,NASDAQ
NCOOW,Southern Cross Acquisition I Corp.,0002116230,NASDAQ
PSQLW,Pasqal Holding SA,0002119292,NASDAQ
CVCCF,CVC Capital Partners plc/ADR,0002120046,OTC
PFSEF,Pfisterer Holdings SE/ADR,0002120422,OTC
HXSCL,SK hynix Inc.,0002120882,OTC
FXACU,FortuneX Acquisition Corp,0002121703,NASDAQ
FXACW,FortuneX Acquisition Corp,0002121703,NASDAQ
PLCIR,Pelican Acquisition II Corp,0002122392,NASDAQ
PLCIU,Pelican Acquisition II Corp,0002122392,NASDAQ
IACQU,Irenic Acquisition Corp.,0002122505,NASDAQ
IACQW,Irenic Acquisition Corp.,0002122505,NASDAQ
CCCTU,Columbus Circle Capital Corp III,0002123471,NASDAQ
CCCTW,Columbus Circle Capital Corp III,0002123471,NASDAQ
ISNRU,Snow Rothschild Acquisition Corp.,0002123475,NASDAQ
ISNRW,Snow Rothschild Acquisition Corp.,0002123475,NASDAQ
ERBGF,Eastroc Beverage Group Co. Ltd/ADR,0002123531,OTC
PNAQ-UN,Pinnacle Acquisition Corp,0002123955,NYSE
RREVU,RRE Ventures Acquisition Corp.,0002123969,NASDAQ
RREVW,RRE Ventures Acquisition Corp.,0002123969,NASDAQ
TKMSF,TKMS AG & CO. KGAA/ADR,0002124215,OTC
ALPXR,Alpex Acquisition Corp,0002125551,NASDAQ
ALPXU,Alpex Acquisition Corp,0002125551,NASDAQ
ALPXW,Alpex Acquisition Corp,0002125551,NASDAQ
SAMO-UN,Samos Energy Acquisition Corp,0002125567,NYSE
SAMO-WT,Samos Energy Acquisition Corp,0002125567,NYSE
CGCFU,Cartesian Growth Corp IV,0002126043,NASDAQ
CGCFW,Cartesian Growth Corp IV,0002126043,NASDAQ
ATALF,American Tungsten & Antimony Ltd,0002127653,OTC
BELGF,Bellevue Gold Ltd./ADR,0002127839,OTC
CSGNF,CSG N.V./ADR,0002127852,OTC
EULIF,EUROPEAN LITHIUM LTD/ADR,0002127859,OTC
DTREF,DATELINE RESOURCES LTD/ADR,0002127860,OTC
ELSSF,ELIS S.A./ADR,0002127861,OTC
BCCQU,Bleichroeder Acquisition Corp. III,0002128045,NASDAQ
BCCQW,Bleichroeder Acquisition Corp. III,0002128045,NASDAQ
AAC-UN,Ares Acquisition Corp III,0002128115,NYSE
AAC-WT,Ares Acquisition Corp III,0002128115,NYSE
MNLTF,Mininglamp Technology Group Limited/ADR,0002128448,OTC
TLACU,Three Lions Acquisition Corp.,0002128462,NASDAQ
ATLQR,JAB Acquisition Corp I,0002128739,NASDAQ
ATLQU,JAB Acquisition Corp I,0002128739,NASDAQ
ATLQW,JAB Acquisition Corp I,0002128739,NASDAQ
JONER,Jones Ventures INTL Acquisition1 Corp,0002129056,NASDAQ
JONEU,Jones Ventures INTL Acquisition1 Corp,0002129056,NASDAQ
FDMMU,Freedom Metals Acquisition Corp.,0002129659,NASDAQ
FDMMW,Freedom Metals Acquisition Corp.,0002129659,NASDAQ
YICCU,Yorkville International Capital Corp.,0002130386,NASDAQ
YICCW,Yorkville International Capital Corp.,0002130386,NASDAQ
BRTMU,B&R Technology Merger Corp.,0002131350,NASDAQ
BRTMW,B&R Technology Merger Corp.,0002131350,NASDAQ
OPPPF,Open House Group Co. Ltd/ADR,0002131812,OTC
FTRA-UN,FutureCorp Space Acquisition 1,0002131853,NYSE
FTRA-WT,FutureCorp Space Acquisition 1,0002131853,NYSE
MTAKU,Market Technology Acquisition Corp,0002133136,NASDAQ
SCATU,Southern Cross Acquisition II Corp.,0002133239,NASDAQ
NSAIR,NorthStrive Acquisition Corp I.,0002133719,NASDAQ
NSAIU,NorthStrive Acquisition Corp I.,0002133719,NASDAQ
NSAIW,NorthStrive Acquisition Corp I.,0002133719,NASDAQ
ITHLF,Ithaca Energy PLC/ADR,0002134539,OTC
XTERU,Karman Line Acquisition Corp.,0002134856,NASDAQ
XTERW,Karman Line Acquisition Corp.,0002134856,NASDAQ
MIACU,Meridian3 Industrials Acquisition Corp,0002136530,NASDAQ
MIACW,Meridian3 Industrials Acquisition Corp,0002136530,NASDAQ
OSOPF,Osotspa Public Co Limited/ADR,0002137358,OTC
OCLTR,OceanLight Acquisition Corp,0002137679,NASDAQ
OCLTU,OceanLight Acquisition Corp,0002137679,NASDAQ
OCLTW,OceanLight Acquisition Corp,0002137679,NASDAQ
CGPCF,Carabao Group Public Co Limited/ADR,0002138373,OTC
VII-UN,Viking Acquisition Corp. II,0002139246,NYSE
VII-WT,Viking Acquisition Corp. II,0002139246,NYSE
TBCVU,"Thunder Bridge Capital Partners V, Ltd.",0002140030,NASDAQ
RGAKF,Rigaku Holdings Corporation/ADR,0002141099,OTC
ORGJF,Organo Corporation/ADR,0002142762,OTC
CPTKF,Capital Tankers Corp./ADR,0002144751,OTC
IPHXU,Inflection Point Acquisition Corp. VIII,0002146310,NASDAQ
RNAQU,Rainier Acquisition Corp,0002147219,NASDAQ
AGXXF,AGILYX ASA / ADR,0002147869,OTC
PITAF,Poste Italiane S.p.A./ADR,0002149111,OTC
FNLPF,Fresnillo Plc/ADR,0002150886,OTC
UNJCF,Unicaja Banco S.A/ADR,0002153327,OTC
